org.asynchttpclient.HttpResponseHeaders;0
org.asynchttpclient.cookie.CookieUtil;2;java.lang.CharSequence;java.util.BitSet
org.asynchttpclient.internal.chmv8.LongAdder;2;java.io.ObjectInputStream;java.io.ObjectOutputStream
org.asynchttpclient.internal.chmv8.CountedCompleter;3;T;java.lang.Throwable;org.asynchttpclient.internal.chmv8.CountedCompleter<?>
org.asynchttpclient.util.Base64;1;byte[]
org.asynchttpclient.request.body.multipart.MultipartUtils;10;java.util.Map<? extends java.lang.String,? extends java.util.Collection<java.lang.String>>;java.lang.Object;java.nio.channels.WritableByteChannel;java.util.Collection<java.lang.String>;java.util.List<java.lang.String>;java.util.Map<? extends java.lang.String,? extends java.util.List<java.lang.String>>;java.util.List<org.asynchttpclient.request.body.multipart.Part>;java.util.Map<java.lang.String,java.util.Collection<java.lang.String>>;org.asynchttpclient.FluentCaseInsensitiveStringsMap;byte[]
org.asynchttpclient.util.MiscUtils;6;T;java.util.Collection<?>;java.lang.Object[];java.io.Closeable;java.util.Map<?,?>;byte[]
org.asynchttpclient.config.AsyncHttpClientConfigDefaults;0
org.asynchttpclient.RequestBuilder;19;java.io.InputStream;org.asynchttpclient.request.body.multipart.Part;java.lang.Object;java.util.Map<java.lang.String,java.util.List<java.lang.String>>;java.util.Map<? extends java.lang.String,? extends java.util.List<java.lang.String>>;org.asynchttpclient.FluentCaseInsensitiveStringsMap;org.asynchttpclient.util.UriEncoder;java.util.Map<? extends java.lang.String,? extends java.util.Collection<java.lang.String>>;org.asynchttpclient.proxy.ProxyServer.Protocol;org.asynchttpclient.proxy.ProxyServer;org.asynchttpclient.cookie.Cookie;org.asynchttpclient.Realm.AuthScheme;java.util.Collection<java.lang.String>;java.util.List<java.lang.String>;java.util.List<org.asynchttpclient.Param>;java.util.Map<java.lang.String,java.util.Collection<java.lang.String>>;org.asynchttpclient.Request;java.nio.charset.Charset;byte[]
org.asynchttpclient.FluentCaseInsensitiveStringsMap;7;java.util.Map<? extends java.lang.String,? extends java.util.Collection<java.lang.String>>;java.lang.Object;java.util.List<java.lang.String>;java.util.Collection<java.lang.String>;java.util.Map<? extends java.lang.String,? extends java.util.List<java.lang.String>>;java.util.Map<java.lang.String,java.util.Collection<java.lang.String>>;org.asynchttpclient.FluentCaseInsensitiveStringsMap
org.asynchttpclient.util.Utf8UrlDecoder;1;java.lang.StringBuilder
org.asynchttpclient.request.body.multipart.AbstractFilePart;3;org.asynchttpclient.request.body.multipart.PartVisitor;java.nio.charset.Charset;byte[]
org.asynchttpclient.simple.consumer.FileBodyConsumer;2;java.io.RandomAccessFile;java.nio.ByteBuffer
org.asynchttpclient.util.StringUtils;3;java.lang.CharSequence;java.nio.charset.Charset;java.nio.ByteBuffer
org.asynchttpclient.simple.consumer.ByteBufferBodyConsumer;1;java.nio.ByteBuffer
org.asynchttpclient.request.body.generator.ByteArrayBodyGenerator;2;java.nio.ByteBuffer;byte[]
org.asynchttpclient.ResponseBase;27;org.asynchttpclient.AsyncHttpProviderConfig<?,?>;org.asynchttpclient.HttpResponseHeaders;java.util.List<org.asynchttpclient.filter.IOExceptionFilter>;java.lang.StringBuilder;org.asynchttpclient.filter.ResponseFilter;org.asynchttpclient.AsyncHttpClientConfig;java.util.concurrent.ExecutorService;org.asynchttpclient.proxy.ProxyServer.Protocol;java.util.List<org.asynchttpclient.filter.ResponseFilter>;org.asynchttpclient.Realm.AuthScheme;java.nio.charset.Charset;org.asynchttpclient.Realm;org.asynchttpclient.channel.SSLEngineFactory;java.security.MessageDigest;java.lang.Object;org.asynchttpclient.filter.RequestFilter;java.lang.Integer;org.asynchttpclient.filter.IOExceptionFilter;javax.net.ssl.SSLContext;org.asynchttpclient.proxy.ProxyServerSelector;java.util.List<org.asynchttpclient.filter.RequestFilter>;java.util.List<org.asynchttpclient.HttpResponseBodyPart>;org.asynchttpclient.proxy.ProxyServer;java.lang.String[];org.asynchttpclient.HttpResponseStatus;org.asynchttpclient.uri.Uri;byte[]
org.asynchttpclient.request.body.multipart.PartBase;4;org.asynchttpclient.request.body.multipart.PartVisitor;java.io.OutputStream;java.nio.charset.Charset;byte[]
org.asynchttpclient.request.body.multipart.OutputStreamPartVisitor;2;java.io.OutputStream;byte[]
org.asynchttpclient.request.body.multipart.FileUploadStalledException;0
org.asynchttpclient.handler.MaxRedirectException;0
org.asynchttpclient.cookie.CookieEncoder;2;java.util.Collection<org.asynchttpclient.cookie.Cookie>;java.lang.StringBuilder
org.asynchttpclient.cookie.RFC2616DateParser;1;java.text.ParsePosition
org.asynchttpclient.extra.ThrottleRequestFilter;1;org.asynchttpclient.filter.FilterContext<T>
org.asynchttpclient.request.body.multipart.FilePart;5;java.nio.channels.WritableByteChannel;java.io.File;java.io.OutputStream;java.nio.charset.Charset;byte[]
org.asynchttpclient.uri.UriParser;2;java.lang.Object;org.asynchttpclient.uri.Uri
org.asynchttpclient.filter.FilterException;1;java.lang.Throwable
org.asynchttpclient.ws.WebSocketUtils;1;byte[]
org.asynchttpclient.filter.FilterContext;32;org.asynchttpclient.AsyncHttpProviderConfig<?,?>;org.asynchttpclient.filter.FilterContext<T>;org.asynchttpclient.HttpResponseHeaders;java.util.List<org.asynchttpclient.filter.IOExceptionFilter>;org.asynchttpclient.filter.ResponseFilter;java.lang.StringBuilder;org.asynchttpclient.AsyncHttpClientConfig;java.io.IOException;java.util.concurrent.ExecutorService;org.asynchttpclient.proxy.ProxyServer.Protocol;org.asynchttpclient.AsyncHandler<T>;java.util.List<org.asynchttpclient.filter.ResponseFilter>;org.asynchttpclient.Realm.AuthScheme;java.nio.charset.Charset;org.asynchttpclient.Realm;org.asynchttpclient.channel.SSLEngineFactory;java.security.MessageDigest;java.lang.Object;org.asynchttpclient.filter.RequestFilter;java.lang.Integer;javax.net.ssl.SSLContext;org.asynchttpclient.filter.IOExceptionFilter;org.asynchttpclient.proxy.ProxyServerSelector;java.util.List<org.asynchttpclient.filter.RequestFilter>;java.util.List<org.asynchttpclient.HttpResponseBodyPart>;org.asynchttpclient.proxy.ProxyServer;java.lang.String[];org.asynchttpclient.HttpResponseStatus;org.asynchttpclient.Request;org.asynchttpclient.filter.FilterContext.FilterContextBuilder<T>;org.asynchttpclient.uri.Uri;byte[]
org.asynchttpclient.util.AsyncHttpProviderUtils;27;org.asynchttpclient.AsyncHttpProviderConfig<?,?>;java.util.List<org.asynchttpclient.filter.IOExceptionFilter>;org.asynchttpclient.filter.ResponseFilter;java.lang.StringBuilder;org.asynchttpclient.AsyncHttpClientConfig;java.util.concurrent.ExecutorService;org.asynchttpclient.proxy.ProxyServer.Protocol;java.lang.CharSequence;java.util.List<org.asynchttpclient.filter.ResponseFilter>;org.asynchttpclient.Realm.AuthScheme;java.nio.charset.Charset;org.asynchttpclient.Realm;org.asynchttpclient.channel.SSLEngineFactory;java.lang.Object;java.security.MessageDigest;org.asynchttpclient.filter.RequestFilter;java.lang.Integer;org.asynchttpclient.filter.IOExceptionFilter;javax.net.ssl.SSLContext;org.asynchttpclient.proxy.ProxyServerSelector;java.util.List<org.asynchttpclient.filter.RequestFilter>;org.asynchttpclient.proxy.ProxyServer;java.lang.String[];java.util.List<org.asynchttpclient.Param>;org.asynchttpclient.Request;org.asynchttpclient.uri.Uri;byte[]
org.asynchttpclient.webdav.WebDavResponse;3;org.asynchttpclient.Response;org.w3c.dom.Document;java.nio.charset.Charset
org.asynchttpclient.config.AsyncHttpClientConfigHelper;0
org.asynchttpclient.request.body.generator.FileBodyGenerator;1;java.io.File
org.asynchttpclient.request.body.multipart.ByteArrayPart;4;java.nio.channels.WritableByteChannel;java.io.OutputStream;java.nio.charset.Charset;byte[]
org.asynchttpclient.simple.consumer.OutputStreamBodyConsumer;2;java.io.OutputStream;java.nio.ByteBuffer
org.asynchttpclient.future.ExecutionList;2;java.lang.Runnable;java.util.concurrent.Executor
org.asynchttpclient.DefaultAsyncHttpClient;29;org.asynchttpclient.AsyncHttpProviderConfig<?,?>;org.asynchttpclient.filter.FilterContext<T>;java.util.List<org.asynchttpclient.filter.IOExceptionFilter>;org.asynchttpclient.filter.ResponseFilter;java.lang.StringBuilder;org.asynchttpclient.AsyncHttpClientConfig;java.util.concurrent.ExecutorService;org.asynchttpclient.proxy.ProxyServer.Protocol;java.util.List<org.asynchttpclient.filter.ResponseFilter>;org.asynchttpclient.AsyncHandler<T>;org.asynchttpclient.Realm.AuthScheme;java.nio.charset.Charset;org.asynchttpclient.Realm;org.asynchttpclient.channel.SSLEngineFactory;java.security.MessageDigest;java.lang.Object;org.asynchttpclient.filter.RequestFilter;java.lang.Integer;org.asynchttpclient.filter.IOExceptionFilter;javax.net.ssl.SSLContext;org.asynchttpclient.proxy.ProxyServerSelector;org.asynchttpclient.AsyncHttpProvider;org.asynchttpclient.SignatureCalculator;java.util.List<org.asynchttpclient.filter.RequestFilter>;org.asynchttpclient.proxy.ProxyServer;java.lang.String[];org.asynchttpclient.Request;org.asynchttpclient.uri.Uri;byte[]
org.asynchttpclient.util.SslUtils;25;org.asynchttpclient.AsyncHttpProviderConfig<?,?>;java.util.List<org.asynchttpclient.filter.IOExceptionFilter>;org.asynchttpclient.filter.ResponseFilter;java.lang.StringBuilder;org.asynchttpclient.AsyncHttpClientConfig;java.util.concurrent.ExecutorService;org.asynchttpclient.proxy.ProxyServer.Protocol;java.util.List<org.asynchttpclient.filter.ResponseFilter>;org.asynchttpclient.Realm.AuthScheme;java.nio.charset.Charset;org.asynchttpclient.Realm;org.asynchttpclient.channel.SSLEngineFactory;java.security.MessageDigest;java.lang.Object;org.asynchttpclient.filter.RequestFilter;java.lang.Integer;javax.net.ssl.SSLContext;org.asynchttpclient.filter.IOExceptionFilter;org.asynchttpclient.proxy.ProxyServerSelector;java.util.List<org.asynchttpclient.filter.RequestFilter>;org.asynchttpclient.proxy.ProxyServer;java.lang.String[];java.security.cert.X509Certificate[];org.asynchttpclient.uri.Uri;byte[]
org.asynchttpclient.util.StringCharSequence;0
org.asynchttpclient.request.body.multipart.MultipartBody;7;org.asynchttpclient.request.body.multipart.AbstractFilePart;org.asynchttpclient.request.body.multipart.PartVisitor;java.nio.channels.WritableByteChannel;java.util.List<org.asynchttpclient.request.body.multipart.Part>;java.nio.charset.Charset;java.nio.ByteBuffer;byte[]
org.asynchttpclient.ntlm.NtlmUtils;1;java.util.List<java.lang.String>
org.asynchttpclient.ntlm.NtlmEngineException;1;java.lang.Throwable
org.asynchttpclient.AsyncCompletionHandler;31;org.asynchttpclient.AsyncHttpProviderConfig<?,?>;org.asynchttpclient.HttpResponseHeaders;java.util.List<org.asynchttpclient.filter.IOExceptionFilter>;java.lang.StringBuilder;org.asynchttpclient.filter.ResponseFilter;org.asynchttpclient.AsyncHttpClientConfig;java.util.concurrent.ExecutorService;org.asynchttpclient.proxy.ProxyServer.Protocol;java.util.List<org.asynchttpclient.filter.ResponseFilter>;org.asynchttpclient.Response;org.asynchttpclient.Realm.AuthScheme;java.lang.Throwable;java.nio.charset.Charset;org.asynchttpclient.Realm;org.asynchttpclient.channel.SSLEngineFactory;java.security.MessageDigest;java.lang.Object;org.asynchttpclient.filter.RequestFilter;org.asynchttpclient.HttpResponseBodyPart;java.lang.Integer;javax.net.ssl.SSLContext;org.asynchttpclient.filter.IOExceptionFilter;org.asynchttpclient.proxy.ProxyServerSelector;java.util.List<org.asynchttpclient.filter.RequestFilter>;java.util.List<org.asynchttpclient.HttpResponseBodyPart>;org.asynchttpclient.proxy.ProxyServer;java.lang.String[];org.asynchttpclient.HttpResponseStatus;java.io.OutputStream;org.asynchttpclient.uri.Uri;byte[]
org.asynchttpclient.handler.resumable.PropertiesBasedResumableProcessor;2;java.util.Map<java.lang.String,java.lang.Long>;java.util.Map.Entry<java.lang.String,java.lang.Long>
org.asynchttpclient.util.DateUtils;0
org.asynchttpclient.spnego.SpnegoEngine;1;org.asynchttpclient.spnego.SpnegoTokenGenerator
org.asynchttpclient.webdav.WebDavCompletionHandlerBase;34;java.io.InputStream;org.asynchttpclient.AsyncHttpProviderConfig<?,?>;org.asynchttpclient.HttpResponseHeaders;java.util.List<org.asynchttpclient.filter.IOExceptionFilter>;java.lang.StringBuilder;org.asynchttpclient.filter.ResponseFilter;org.asynchttpclient.AsyncHttpClientConfig;java.util.concurrent.ExecutorService;org.asynchttpclient.proxy.ProxyServer.Protocol;java.util.List<org.asynchttpclient.filter.ResponseFilter>;org.asynchttpclient.Realm.AuthScheme;org.asynchttpclient.Response;java.lang.Throwable;org.w3c.dom.Document;java.nio.charset.Charset;org.asynchttpclient.Realm;org.asynchttpclient.channel.SSLEngineFactory;java.lang.Object;java.security.MessageDigest;org.asynchttpclient.filter.RequestFilter;org.asynchttpclient.HttpResponseBodyPart;java.lang.Integer;org.asynchttpclient.filter.IOExceptionFilter;javax.net.ssl.SSLContext;org.asynchttpclient.proxy.ProxyServerSelector;java.util.List<org.asynchttpclient.filter.RequestFilter>;java.util.List<org.asynchttpclient.HttpResponseBodyPart>;org.asynchttpclient.proxy.ProxyServer;org.asynchttpclient.webdav.WebDavResponse;java.lang.String[];org.asynchttpclient.HttpResponseStatus;java.io.OutputStream;org.asynchttpclient.uri.Uri;byte[]
org.asynchttpclient.extra.AsyncHandlerWrapper;32;org.asynchttpclient.AsyncHttpProviderConfig<?,?>;org.asynchttpclient.HttpResponseHeaders;java.util.List<org.asynchttpclient.filter.IOExceptionFilter>;org.asynchttpclient.filter.ResponseFilter;java.lang.StringBuilder;org.asynchttpclient.AsyncHttpClientConfig;java.util.concurrent.ExecutorService;org.asynchttpclient.proxy.ProxyServer.Protocol;org.asynchttpclient.AsyncHandler<T>;java.util.List<org.asynchttpclient.filter.ResponseFilter>;org.asynchttpclient.Realm.AuthScheme;java.lang.Throwable;java.nio.charset.Charset;org.asynchttpclient.Realm;org.asynchttpclient.channel.SSLEngineFactory;java.security.MessageDigest;java.lang.Object;org.asynchttpclient.filter.RequestFilter;java.util.concurrent.Semaphore;org.asynchttpclient.HttpResponseBodyPart;java.lang.Integer;javax.net.ssl.SSLContext;org.asynchttpclient.filter.IOExceptionFilter;org.asynchttpclient.proxy.ProxyServerSelector;java.util.List<org.asynchttpclient.filter.RequestFilter>;java.util.List<org.asynchttpclient.HttpResponseBodyPart>;org.asynchttpclient.proxy.ProxyServer;java.lang.String[];org.asynchttpclient.HttpResponseStatus;java.io.OutputStream;org.asynchttpclient.uri.Uri;byte[]
org.asynchttpclient.oauth.RequestToken;2;java.lang.Object;java.lang.StringBuilder
org.asynchttpclient.AsyncHttpClientConfig;24;org.asynchttpclient.Realm;org.asynchttpclient.AsyncHttpProviderConfig<?,?>;org.asynchttpclient.channel.SSLEngineFactory;java.lang.Object;java.security.MessageDigest;java.util.List<org.asynchttpclient.filter.IOExceptionFilter>;org.asynchttpclient.filter.RequestFilter;java.lang.StringBuilder;org.asynchttpclient.filter.ResponseFilter;java.lang.Integer;org.asynchttpclient.filter.IOExceptionFilter;javax.net.ssl.SSLContext;org.asynchttpclient.proxy.ProxyServerSelector;org.asynchttpclient.AsyncHttpClientConfig;java.util.concurrent.ExecutorService;java.util.List<org.asynchttpclient.filter.RequestFilter>;org.asynchttpclient.proxy.ProxyServer.Protocol;org.asynchttpclient.proxy.ProxyServer;java.util.List<org.asynchttpclient.filter.ResponseFilter>;org.asynchttpclient.Realm.AuthScheme;java.lang.String[];java.nio.charset.Charset;org.asynchttpclient.uri.Uri;byte[]
org.asynchttpclient.request.body.multipart.FilePartStallHandler;4;org.asynchttpclient.request.body.multipart.AbstractFilePart;org.asynchttpclient.request.body.multipart.PartVisitor;java.nio.charset.Charset;byte[]
org.asynchttpclient.netty.request.NettyRequestFactoryBase;25;org.asynchttpclient.AsyncHttpProviderConfig<?,?>;java.util.List<org.asynchttpclient.filter.IOExceptionFilter>;java.lang.StringBuilder;org.asynchttpclient.filter.ResponseFilter;org.asynchttpclient.AsyncHttpClientConfig;java.util.concurrent.ExecutorService;org.asynchttpclient.proxy.ProxyServer.Protocol;java.util.List<org.asynchttpclient.filter.ResponseFilter>;org.asynchttpclient.Realm.AuthScheme;java.nio.charset.Charset;org.asynchttpclient.Realm;org.asynchttpclient.channel.SSLEngineFactory;java.lang.Object;java.security.MessageDigest;org.asynchttpclient.filter.RequestFilter;java.lang.Integer;org.asynchttpclient.filter.IOExceptionFilter;javax.net.ssl.SSLContext;org.asynchttpclient.proxy.ProxyServerSelector;java.util.List<org.asynchttpclient.filter.RequestFilter>;org.asynchttpclient.proxy.ProxyServer;java.lang.String[];org.asynchttpclient.Request;org.asynchttpclient.uri.Uri;byte[]
org.asynchttpclient.request.body.multipart.CounterPartVisitor;1;byte[]
org.asynchttpclient.request.body.multipart.StringPart;4;java.nio.channels.WritableByteChannel;java.io.OutputStream;java.nio.charset.Charset;byte[]
org.asynchttpclient.util.AuthenticatorUtils;10;org.asynchttpclient.Realm;org.asynchttpclient.proxy.ProxyServer.Protocol;org.asynchttpclient.proxy.ProxyServer;java.lang.Object;java.security.MessageDigest;org.asynchttpclient.Realm.AuthScheme;java.lang.StringBuilder;java.nio.charset.Charset;org.asynchttpclient.uri.Uri;byte[]
org.asynchttpclient.ws.WebSocketUpgradeHandler;33;org.asynchttpclient.AsyncHttpProviderConfig<?,?>;org.asynchttpclient.ws.WebSocketListener;org.asynchttpclient.HttpResponseHeaders;java.util.List<org.asynchttpclient.filter.IOExceptionFilter>;org.asynchttpclient.ws.WebSocket;org.asynchttpclient.filter.ResponseFilter;java.lang.StringBuilder;org.asynchttpclient.AsyncHttpClientConfig;java.util.concurrent.ExecutorService;org.asynchttpclient.proxy.ProxyServer.Protocol;java.util.List<org.asynchttpclient.filter.ResponseFilter>;org.asynchttpclient.Realm.AuthScheme;java.lang.Throwable;java.nio.charset.Charset;org.asynchttpclient.Realm;org.asynchttpclient.channel.SSLEngineFactory;java.security.MessageDigest;java.lang.Object;org.asynchttpclient.filter.RequestFilter;java.lang.Integer;org.asynchttpclient.HttpResponseBodyPart;javax.net.ssl.SSLContext;org.asynchttpclient.filter.IOExceptionFilter;org.asynchttpclient.proxy.ProxyServerSelector;java.util.List<org.asynchttpclient.filter.RequestFilter>;java.util.List<org.asynchttpclient.HttpResponseBodyPart>;org.asynchttpclient.proxy.ProxyServer;java.lang.String[];org.asynchttpclient.HttpResponseStatus;java.io.OutputStream;java.util.List<org.asynchttpclient.ws.WebSocketListener>;org.asynchttpclient.uri.Uri;byte[]
org.asynchttpclient.oauth.ConsumerKey;2;java.lang.Object;java.lang.StringBuilder
org.asynchttpclient.handler.resumable.ResumableIOExceptionFilter;1;org.asynchttpclient.filter.FilterContext<T>
org.asynchttpclient.netty.NettyAsyncHttpProvider;26;org.asynchttpclient.AsyncHttpProviderConfig<?,?>;java.util.List<org.asynchttpclient.filter.IOExceptionFilter>;org.asynchttpclient.filter.ResponseFilter;java.lang.StringBuilder;org.asynchttpclient.AsyncHttpClientConfig;java.util.concurrent.ExecutorService;org.asynchttpclient.proxy.ProxyServer.Protocol;org.asynchttpclient.AsyncHandler<T>;java.util.List<org.asynchttpclient.filter.ResponseFilter>;org.asynchttpclient.Realm.AuthScheme;java.nio.charset.Charset;org.asynchttpclient.Realm;org.asynchttpclient.channel.SSLEngineFactory;java.security.MessageDigest;java.lang.Object;org.asynchttpclient.filter.RequestFilter;java.lang.Integer;org.asynchttpclient.filter.IOExceptionFilter;javax.net.ssl.SSLContext;org.asynchttpclient.proxy.ProxyServerSelector;java.util.List<org.asynchttpclient.filter.RequestFilter>;org.asynchttpclient.proxy.ProxyServer;java.lang.String[];org.asynchttpclient.Request;org.asynchttpclient.uri.Uri;byte[]
org.asynchttpclient.simple.consumer.AppendableBodyConsumer;3;java.lang.Appendable;java.nio.charset.Charset;java.nio.ByteBuffer
org.asynchttpclient.cookie.CookieDecoder;0
org.asynchttpclient.FluentStringsMap;7;java.util.Map<? extends java.lang.String,? extends java.util.Collection<java.lang.String>>;java.lang.Object;java.util.List<java.lang.String>;java.util.Collection<java.lang.String>;java.util.Map<? extends java.lang.String,? extends java.util.List<java.lang.String>>;org.asynchttpclient.FluentStringsMap;java.util.Map<java.lang.String,java.util.Collection<java.lang.String>>
org.asynchttpclient.ws.DefaultWebSocketListener;3;org.asynchttpclient.ws.WebSocket;java.lang.Throwable;byte[]
org.asynchttpclient.Realm;8;org.asynchttpclient.Realm;java.security.MessageDigest;java.lang.Object;org.asynchttpclient.Realm.AuthScheme;java.lang.StringBuilder;java.nio.charset.Charset;org.asynchttpclient.uri.Uri;byte[]
org.asynchttpclient.internal.chmv8.ForkJoinPool;18;java.util.concurrent.Callable<T>;org.asynchttpclient.internal.chmv8.ForkJoinPool;java.lang.Runnable;java.util.Collection<? super org.asynchttpclient.internal.chmv8.ForkJoinTask<?>>;org.asynchttpclient.internal.chmv8.ForkJoinPool.ManagedBlocker;org.asynchttpclient.internal.chmv8.ForkJoinPool.ForkJoinWorkerThreadFactory;org.asynchttpclient.internal.chmv8.ForkJoinPool.WorkQueue;java.util.Collection<? extends java.util.concurrent.Callable<T>>;org.asynchttpclient.internal.chmv8.CountedCompleter<?>;java.util.concurrent.TimeUnit;T;org.asynchttpclient.internal.chmv8.ForkJoinTask<?>;org.asynchttpclient.internal.chmv8.ForkJoinTask<T>;java.lang.Throwable;java.lang.Thread.UncaughtExceptionHandler;java.lang.Void;org.asynchttpclient.internal.chmv8.ForkJoinPool.WorkQueue[];org.asynchttpclient.internal.chmv8.ForkJoinWorkerThread
org.asynchttpclient.util.ProxyUtils;27;org.asynchttpclient.AsyncHttpProviderConfig<?,?>;java.util.Properties;java.util.List<org.asynchttpclient.filter.IOExceptionFilter>;java.lang.StringBuilder;org.asynchttpclient.filter.ResponseFilter;org.asynchttpclient.AsyncHttpClientConfig;java.util.concurrent.ExecutorService;org.asynchttpclient.proxy.ProxyServer.Protocol;java.util.List<org.asynchttpclient.filter.ResponseFilter>;org.asynchttpclient.Realm.AuthScheme;java.net.ProxySelector;java.nio.charset.Charset;org.asynchttpclient.Realm;org.asynchttpclient.channel.SSLEngineFactory;java.lang.Object;java.security.MessageDigest;org.asynchttpclient.filter.RequestFilter;java.lang.Integer;org.asynchttpclient.filter.IOExceptionFilter;javax.net.ssl.SSLContext;org.asynchttpclient.proxy.ProxyServerSelector;java.util.List<org.asynchttpclient.filter.RequestFilter>;org.asynchttpclient.proxy.ProxyServer;java.lang.String[];org.asynchttpclient.Request;org.asynchttpclient.uri.Uri;byte[]
org.asynchttpclient.util.HttpUtils;2;java.lang.Object;org.asynchttpclient.uri.Uri
org.asynchttpclient.ntlm.NtlmEngine;2;int[];byte[]
org.asynchttpclient.HttpResponseBodyPart;1;java.io.OutputStream
org.asynchttpclient.handler.BodyDeferringAsyncHandler;33;org.asynchttpclient.AsyncHttpProviderConfig<?,?>;java.io.InputStream;org.asynchttpclient.HttpResponseHeaders;java.util.List<org.asynchttpclient.filter.IOExceptionFilter>;java.util.concurrent.Future<org.asynchttpclient.Response>;org.asynchttpclient.filter.ResponseFilter;java.lang.StringBuilder;org.asynchttpclient.AsyncHttpClientConfig;java.util.concurrent.ExecutorService;org.asynchttpclient.proxy.ProxyServer.Protocol;java.util.List<org.asynchttpclient.filter.ResponseFilter>;org.asynchttpclient.Realm.AuthScheme;java.lang.Throwable;java.nio.charset.Charset;org.asynchttpclient.Realm;org.asynchttpclient.channel.SSLEngineFactory;java.security.MessageDigest;java.lang.Object;org.asynchttpclient.filter.RequestFilter;java.lang.Integer;org.asynchttpclient.HttpResponseBodyPart;javax.net.ssl.SSLContext;org.asynchttpclient.filter.IOExceptionFilter;org.asynchttpclient.handler.BodyDeferringAsyncHandler;org.asynchttpclient.proxy.ProxyServerSelector;java.util.List<org.asynchttpclient.filter.RequestFilter>;java.util.List<org.asynchttpclient.HttpResponseBodyPart>;org.asynchttpclient.proxy.ProxyServer;java.lang.String[];org.asynchttpclient.HttpResponseStatus;java.io.OutputStream;org.asynchttpclient.uri.Uri;byte[]
org.asynchttpclient.handler.resumable.ResumableAsyncHandler;36;org.asynchttpclient.AsyncHttpProviderConfig<?,?>;org.asynchttpclient.HttpResponseHeaders;java.util.List<org.asynchttpclient.filter.IOExceptionFilter>;org.asynchttpclient.AsyncHandler<org.asynchttpclient.Response>;java.lang.StringBuilder;org.asynchttpclient.filter.ResponseFilter;org.asynchttpclient.AsyncHttpClientConfig;java.util.concurrent.ExecutorService;org.asynchttpclient.proxy.ProxyServer.Protocol;java.util.List<org.asynchttpclient.filter.ResponseFilter>;org.asynchttpclient.Realm.AuthScheme;java.lang.Throwable;java.nio.charset.Charset;org.asynchttpclient.Realm;org.asynchttpclient.channel.SSLEngineFactory;java.lang.Object;java.security.MessageDigest;org.asynchttpclient.filter.RequestFilter;org.asynchttpclient.HttpResponseBodyPart;java.lang.Integer;javax.net.ssl.SSLContext;org.asynchttpclient.filter.IOExceptionFilter;org.asynchttpclient.proxy.ProxyServerSelector;java.util.Map<java.lang.String,java.lang.Long>;java.util.List<org.asynchttpclient.filter.RequestFilter>;java.nio.ByteBuffer;java.util.List<org.asynchttpclient.HttpResponseBodyPart>;org.asynchttpclient.proxy.ProxyServer;org.asynchttpclient.handler.resumable.ResumableAsyncHandler.ResumableProcessor;org.asynchttpclient.handler.resumable.ResumableListener;java.lang.String[];org.asynchttpclient.HttpResponseStatus;java.io.OutputStream;org.asynchttpclient.Request;org.asynchttpclient.uri.Uri;byte[]
org.asynchttpclient.config.AsyncHttpClientConfigBean;19;org.asynchttpclient.Realm;org.asynchttpclient.AsyncHttpProviderConfig<?,?>;java.lang.Runnable;java.security.MessageDigest;java.lang.Object;org.asynchttpclient.filter.RequestFilter;java.lang.StringBuilder;java.lang.Integer;org.asynchttpclient.filter.ResponseFilter;org.asynchttpclient.filter.IOExceptionFilter;javax.net.ssl.SSLContext;org.asynchttpclient.proxy.ProxyServerSelector;java.util.concurrent.ExecutorService;org.asynchttpclient.proxy.ProxyServer.Protocol;org.asynchttpclient.proxy.ProxyServer;org.asynchttpclient.Realm.AuthScheme;java.nio.charset.Charset;org.asynchttpclient.uri.Uri;byte[]
org.asynchttpclient.BoundRequestBuilder;17;java.io.InputStream;org.asynchttpclient.request.body.multipart.Part;java.lang.Object;java.util.Map<java.lang.String,java.util.List<java.lang.String>>;java.util.Map<? extends java.lang.String,? extends java.util.List<java.lang.String>>;org.asynchttpclient.SignatureCalculator;org.asynchttpclient.FluentCaseInsensitiveStringsMap;java.util.Map<? extends java.lang.String,? extends java.util.Collection<java.lang.String>>;org.asynchttpclient.AsyncHandler<T>;org.asynchttpclient.cookie.Cookie;java.util.Collection<java.lang.String>;java.util.List<java.lang.String>;org.asynchttpclient.AsyncHttpClient;java.util.List<org.asynchttpclient.Param>;java.util.Map<java.lang.String,java.util.Collection<java.lang.String>>;org.asynchttpclient.Request;byte[]
org.asynchttpclient.oauth.ThreadSafeHMAC;5;java.lang.Object;org.asynchttpclient.oauth.ConsumerKey;java.lang.StringBuilder;org.asynchttpclient.oauth.RequestToken;java.nio.ByteBuffer
org.asynchttpclient.simple.HeaderMap;7;java.util.Map<? extends java.lang.String,? extends java.util.Collection<java.lang.String>>;java.lang.Object;java.util.Collection<java.lang.String>;java.util.List<java.lang.String>;java.util.Map<? extends java.lang.String,? extends java.util.List<java.lang.String>>;java.util.Map<java.lang.String,java.util.Collection<java.lang.String>>;org.asynchttpclient.FluentCaseInsensitiveStringsMap
org.asynchttpclient.oauth.OAuthSignatureCalculator;9;java.lang.Object;org.asynchttpclient.oauth.OAuthSignatureCalculator.Parameter;org.asynchttpclient.oauth.ConsumerKey;java.lang.StringBuilder;java.util.List<org.asynchttpclient.Param>;org.asynchttpclient.Request;org.asynchttpclient.oauth.RequestToken;org.asynchttpclient.RequestBuilderBase<?>;org.asynchttpclient.uri.Uri
org.asynchttpclient.proxy.ProxyServer;3;org.asynchttpclient.proxy.ProxyServer.Protocol;org.asynchttpclient.Realm.AuthScheme;java.nio.charset.Charset
org.asynchttpclient.extra.ResumableRandomAccessFileListener;2;java.io.RandomAccessFile;java.nio.ByteBuffer
org.asynchttpclient.cookie.Cookie;0
org.asynchttpclient.Param;1;java.lang.Object
org.asynchttpclient.request.body.generator.InputStreamBodyGenerator;2;java.io.InputStream;java.nio.ByteBuffer
org.asynchttpclient.netty.future.StackTraceInspector;1;java.lang.Throwable
org.asynchttpclient.internal.chmv8.ConcurrentHashMapV8;69;java.util.Map.Entry<K,V>;org.asynchttpclient.internal.chmv8.ConcurrentHashMapV8.ObjectByObjectToInt<? super K,? super V>;java.util.Collection<? extends K>;java.util.Collection<? extends java.util.Map.Entry<K,V>>;org.asynchttpclient.internal.chmv8.ConcurrentHashMapV8.BulkTask<K,V,?>;java.lang.Class<?>;org.asynchttpclient.internal.chmv8.ConcurrentHashMapV8.CounterHashCode;org.asynchttpclient.internal.chmv8.ConcurrentHashMapV8.ObjectToLong<java.util.Map.Entry<K,V>>;java.util.Collection<? extends V>;org.asynchttpclient.internal.chmv8.ConcurrentHashMapV8.MapReduceMappingsTask<K,V,U>;org.asynchttpclient.internal.chmv8.ConcurrentHashMapV8.Fun<? super V,? extends U>;org.asynchttpclient.internal.chmv8.ConcurrentHashMapV8.Fun<? super K,? extends V>;org.asynchttpclient.internal.chmv8.ConcurrentHashMapV8.ObjectToDouble<? super V>;org.asynchttpclient.internal.chmv8.ConcurrentHashMapV8.MapReduceEntriesToLongTask<K,V>;org.asynchttpclient.internal.chmv8.ConcurrentHashMapV8.BiFun<? super U,? super U,? extends U>;java.io.ObjectOutputStream;org.asynchttpclient.internal.chmv8.ConcurrentHashMapV8.BiFun<? super K,? super K,? extends K>;org.asynchttpclient.internal.chmv8.ConcurrentHashMapV8.MapReduceValuesToLongTask<K,V>;org.asynchttpclient.internal.chmv8.ConcurrentHashMapV8.MapReduceEntriesToDoubleTask<K,V>;org.asynchttpclient.internal.chmv8.ConcurrentHashMapV8.BiFun<? super V,? super V,? extends V>;org.asynchttpclient.internal.chmv8.ConcurrentHashMapV8.BiFun<java.util.Map.Entry<K,V>,java.util.Map.Entry<K,V>,? extends java.util.Map.Entry<K,V>>;org.asynchttpclient.internal.chmv8.ConcurrentHashMapV8<K,V>;org.asynchttpclient.internal.chmv8.ConcurrentHashMapV8.MapReduceMappingsToIntTask<K,V>;org.asynchttpclient.internal.chmv8.ConcurrentHashMapV8.ObjectByObjectToLong<? super K,? super V>;java.lang.Object;org.asynchttpclient.internal.chmv8.ConcurrentHashMapV8.MapReduceValuesToDoubleTask<K,V>;org.asynchttpclient.internal.chmv8.ConcurrentHashMapV8.MapReduceKeysToDoubleTask<K,V>;java.util.Collection<?>;org.asynchttpclient.internal.chmv8.ConcurrentHashMapV8.Action<? super java.util.Map.Entry<K,V>>;org.asynchttpclient.internal.chmv8.ConcurrentHashMapV8.Node<K,V>[];org.asynchttpclient.internal.chmv8.ConcurrentHashMapV8.Fun<java.util.Map.Entry<K,V>,? extends U>;org.asynchttpclient.internal.chmv8.ConcurrentHashMapV8.MapReduceEntriesTask<K,V,U>;org.asynchttpclient.internal.chmv8.ConcurrentHashMapV8.BiFun<? super K,? super V,? extends U>;org.asynchttpclient.internal.chmv8.ConcurrentHashMapV8.TreeNode<K,V>;org.asynchttpclient.internal.chmv8.ConcurrentHashMapV8.ObjectToLong<? super V>;org.asynchttpclient.internal.chmv8.ConcurrentHashMapV8.MapReduceMappingsToLongTask<K,V>;org.asynchttpclient.internal.chmv8.ConcurrentHashMapV8.Action<? super K>;org.asynchttpclient.internal.chmv8.ConcurrentHashMapV8.MapReduceMappingsToDoubleTask<K,V>;java.util.concurrent.atomic.AtomicReference<U>;org.asynchttpclient.internal.chmv8.ConcurrentHashMapV8.ReduceEntriesTask<K,V>;org.asynchttpclient.internal.chmv8.ConcurrentHashMapV8.ReduceKeysTask<K,V>;T[];org.asynchttpclient.internal.chmv8.ConcurrentHashMapV8.ObjectToInt<? super V>;org.asynchttpclient.internal.chmv8.ConcurrentHashMapV8.MapReduceKeysTask<K,V,U>;org.asynchttpclient.internal.chmv8.ConcurrentHashMapV8.ObjectToDouble<? super K>;org.asynchttpclient.internal.chmv8.ConcurrentHashMapV8.MapReduceKeysToLongTask<K,V>;K;org.asynchttpclient.internal.chmv8.ConcurrentHashMapV8.BiFun<? super K,? super V,? extends V>;org.asynchttpclient.internal.chmv8.ConcurrentHashMapV8.MapReduceValuesToIntTask<K,V>;V;org.asynchttpclient.internal.chmv8.ConcurrentHashMapV8.LongByLongToLong;org.asynchttpclient.internal.chmv8.ConcurrentHashMapV8.ReduceValuesTask<K,V>;org.asynchttpclient.internal.chmv8.ConcurrentHashMapV8.ObjectToDouble<java.util.Map.Entry<K,V>>;org.asynchttpclient.internal.chmv8.ConcurrentHashMapV8.Action<? super U>;org.asynchttpclient.internal.chmv8.ConcurrentHashMapV8.IntByIntToInt;org.asynchttpclient.internal.chmv8.ConcurrentHashMapV8.ObjectToLong<? super K>;org.asynchttpclient.internal.chmv8.ConcurrentHashMapV8.BiAction<? super K,? super V>;org.asynchttpclient.internal.chmv8.ConcurrentHashMapV8.ObjectByObjectToDouble<? super K,? super V>;org.asynchttpclient.internal.chmv8.ConcurrentHashMapV8.MapReduceEntriesToIntTask<K,V>;org.asynchttpclient.internal.chmv8.ConcurrentHashMapV8.MapReduceKeysToIntTask<K,V>;org.asynchttpclient.internal.chmv8.ConcurrentHashMapV8.Fun<? super K,? extends U>;org.asynchttpclient.internal.chmv8.ConcurrentHashMapV8.ObjectToInt<? super K>;org.asynchttpclient.internal.chmv8.ConcurrentHashMapV8.ObjectToInt<java.util.Map.Entry<K,V>>;java.io.ObjectInputStream;org.asynchttpclient.internal.chmv8.ConcurrentHashMapV8.DoubleByDoubleToDouble;org.asynchttpclient.internal.chmv8.ConcurrentHashMapV8.Node<K,V>;org.asynchttpclient.internal.chmv8.ConcurrentHashMapV8.Action<? super V>;java.util.Map<? extends K,? extends V>;org.asynchttpclient.internal.chmv8.ConcurrentHashMapV8.MapReduceValuesTask<K,V,U>
org.asynchttpclient.future.AbstractListenableFuture;2;java.lang.Runnable;java.util.concurrent.Executor
org.asynchttpclient.util.Utf8UrlEncoder;3;java.util.BitSet;java.lang.CharSequence;java.lang.StringBuilder
org.asynchttpclient.RequestBuilderBase;33;java.io.InputStream;java.lang.StringBuilder;org.asynchttpclient.FluentCaseInsensitiveStringsMap;org.asynchttpclient.channel.NameResolver;org.asynchttpclient.util.UriEncoder;org.asynchttpclient.proxy.ProxyServer.Protocol;java.util.Map<? extends java.lang.String,? extends java.util.Collection<java.lang.String>>;java.util.Collection<org.asynchttpclient.cookie.Cookie>;org.asynchttpclient.Realm.AuthScheme;java.util.List<java.lang.String>;java.lang.Class<T>;java.util.Map<java.lang.String,java.util.Collection<java.lang.String>>;java.nio.charset.Charset;org.asynchttpclient.Realm;org.asynchttpclient.request.body.multipart.Part;java.lang.Object;java.net.InetAddress;java.security.MessageDigest;java.util.List<byte[]>;java.util.Map<java.lang.String,java.util.List<java.lang.String>>;java.util.Map<? extends java.lang.String,? extends java.util.List<java.lang.String>>;org.asynchttpclient.SignatureCalculator;java.nio.ByteBuffer;org.asynchttpclient.proxy.ProxyServer;org.asynchttpclient.cookie.Cookie;java.util.Collection<java.lang.String>;java.util.List<org.asynchttpclient.Param>;java.io.File;org.asynchttpclient.Request;org.asynchttpclient.channel.pool.ConnectionPoolPartitioning;org.asynchttpclient.uri.Uri;org.asynchttpclient.request.body.generator.BodyGenerator;byte[]
org.asynchttpclient.HttpResponseStatus;26;org.asynchttpclient.AsyncHttpProviderConfig<?,?>;org.asynchttpclient.HttpResponseHeaders;java.util.List<org.asynchttpclient.filter.IOExceptionFilter>;org.asynchttpclient.filter.ResponseFilter;java.lang.StringBuilder;org.asynchttpclient.AsyncHttpClientConfig;java.util.concurrent.ExecutorService;org.asynchttpclient.proxy.ProxyServer.Protocol;java.util.List<org.asynchttpclient.filter.ResponseFilter>;org.asynchttpclient.Realm.AuthScheme;java.nio.charset.Charset;org.asynchttpclient.Realm;org.asynchttpclient.channel.SSLEngineFactory;java.security.MessageDigest;java.lang.Object;org.asynchttpclient.filter.RequestFilter;java.lang.Integer;org.asynchttpclient.filter.IOExceptionFilter;javax.net.ssl.SSLContext;org.asynchttpclient.proxy.ProxyServerSelector;java.util.List<org.asynchttpclient.filter.RequestFilter>;java.util.List<org.asynchttpclient.HttpResponseBodyPart>;org.asynchttpclient.proxy.ProxyServer;java.lang.String[];org.asynchttpclient.uri.Uri;byte[]
org.asynchttpclient.internal.chmv8.ForkJoinTask;12;T;java.util.concurrent.TimeUnit;org.asynchttpclient.internal.chmv8.ForkJoinTask<?>;java.io.ObjectInputStream;V;java.io.ObjectOutputStream;java.lang.Runnable;org.asynchttpclient.internal.chmv8.ForkJoinTask.ExceptionNode;java.lang.Throwable;java.util.Collection<T>;java.lang.Void;java.util.concurrent.Callable<? extends T>
org.asynchttpclient.internal.chmv8.Striped64;1;org.asynchttpclient.internal.chmv8.Striped64.HashCode
org.asynchttpclient.simple.SimpleAsyncHttpClient;53;java.io.InputStream;org.asynchttpclient.AsyncHttpProviderConfig<?,?>;org.asynchttpclient.HttpResponseHeaders;java.util.List<org.asynchttpclient.filter.IOExceptionFilter>;org.asynchttpclient.filter.ResponseFilter;org.asynchttpclient.RequestBuilder;org.asynchttpclient.FluentCaseInsensitiveStringsMap;java.util.concurrent.ExecutorService;org.asynchttpclient.util.UriEncoder;org.asynchttpclient.proxy.ProxyServer.Protocol;java.util.Map<? extends java.lang.String,? extends java.util.Collection<java.lang.String>>;java.util.List<org.asynchttpclient.filter.ResponseFilter>;java.lang.Throwable;java.util.List<java.lang.String>;java.nio.charset.Charset;org.asynchttpclient.channel.SSLEngineFactory;java.lang.Object;java.util.Map<java.lang.String,java.util.List<java.lang.String>>;java.lang.Integer;javax.net.ssl.SSLContext;org.asynchttpclient.filter.IOExceptionFilter;org.asynchttpclient.proxy.ProxyServerSelector;java.util.List<org.asynchttpclient.HttpResponseBodyPart>;org.asynchttpclient.simple.consumer.BodyConsumer;java.util.Collection<java.lang.String>;org.asynchttpclient.AsyncHttpClient;org.asynchttpclient.simple.SimpleAsyncHttpClient.ErrorDocumentBehaviour;java.lang.StringBuilder;org.asynchttpclient.AsyncHttpClientConfig;org.asynchttpclient.Response;org.asynchttpclient.Realm.AuthScheme;java.util.Map<java.lang.String,java.util.Collection<java.lang.String>>;org.asynchttpclient.simple.ThrowableHandler;org.asynchttpclient.Realm;org.asynchttpclient.request.body.multipart.Part;java.security.MessageDigest;org.asynchttpclient.filter.RequestFilter;org.asynchttpclient.HttpResponseBodyPart;java.util.Map<? extends java.lang.String,? extends java.util.List<java.lang.String>>;java.util.List<org.asynchttpclient.filter.RequestFilter>;org.asynchttpclient.proxy.ProxyServer;org.asynchttpclient.cookie.Cookie;java.lang.String[];org.asynchttpclient.handler.ProgressAsyncHandler<org.asynchttpclient.Response>;java.util.List<org.asynchttpclient.Param>;org.asynchttpclient.simple.SimpleAHCTransferListener;org.asynchttpclient.HttpResponseStatus;java.io.OutputStream;org.asynchttpclient.Request;org.asynchttpclient.simple.SimpleAsyncHttpClient;org.asynchttpclient.uri.Uri;org.asynchttpclient.request.body.generator.BodyGenerator;byte[]
org.asynchttpclient.uri.Uri;2;java.lang.Object;org.asynchttpclient.uri.Uri
org.asynchttpclient.handler.TransferCompletionHandler;14;org.asynchttpclient.HttpResponseHeaders;java.lang.Object;org.asynchttpclient.handler.TransferListener;org.asynchttpclient.HttpResponseBodyPart;java.util.Map<? extends java.lang.String,? extends java.util.List<java.lang.String>>;org.asynchttpclient.FluentCaseInsensitiveStringsMap;java.util.Map<? extends java.lang.String,? extends java.util.Collection<java.lang.String>>;org.asynchttpclient.Response;java.lang.Throwable;java.util.List<java.lang.String>;java.util.Collection<java.lang.String>;java.util.Map<java.lang.String,java.util.Collection<java.lang.String>>;java.io.OutputStream;byte[]
org.asynchttpclient.AsyncCompletionHandlerBase;2;org.asynchttpclient.Response;java.lang.Throwable
org.asynchttpclient.internal.chmv8.ForkJoinWorkerThread;18;java.util.concurrent.Callable<T>;org.asynchttpclient.internal.chmv8.ForkJoinPool;java.lang.Runnable;java.util.Collection<? super org.asynchttpclient.internal.chmv8.ForkJoinTask<?>>;org.asynchttpclient.internal.chmv8.ForkJoinPool.ManagedBlocker;org.asynchttpclient.internal.chmv8.ForkJoinPool.ForkJoinWorkerThreadFactory;org.asynchttpclient.internal.chmv8.ForkJoinPool.WorkQueue;java.util.Collection<? extends java.util.concurrent.Callable<T>>;org.asynchttpclient.internal.chmv8.CountedCompleter<?>;java.util.concurrent.TimeUnit;T;org.asynchttpclient.internal.chmv8.ForkJoinTask<?>;org.asynchttpclient.internal.chmv8.ForkJoinTask<T>;java.lang.Throwable;java.lang.Thread.UncaughtExceptionHandler;org.asynchttpclient.internal.chmv8.ForkJoinPool.WorkQueue[];java.lang.Void;org.asynchttpclient.internal.chmv8.ForkJoinWorkerThread
