;2;java.lang.Comparable;java.awt.event.ActionEvent
com.puppycrawl.tools.checkstyle.grammars.InputJava7StringSwitch;1;java.lang.String[]
com.puppycrawl.tools.checkstyle.checks.design.InputRegression1762702;0
com.puppycrawl.tools.checkstyle.checks.AbstractFormatCheck;0
com.puppycrawl.tools.checkstyle.grammars.InputJava7TryWithResources;1;java.lang.String[]
com.puppycrawl.tools.checkstyle.checks.coding.MissingCtorCheckTest;0
com.puppycrawl.tools.checkstyle.checks.indentation.PrimordialHandler;2;ExpressionHandler;IndentationCheck
com.puppycrawl.tools.checkstyle.checks.coding.SuperCloneCheck;0
com.puppycrawl.tools.checkstyle.metrics.TestTopLevelNestedClass;0
InputInheritDoc;0
com.puppycrawl.tools.checkstyle.checks.design.FinalClassCheck;1;DetailAST
com.puppycrawl.tools.checkstyle.indentation.InputInvalidSwitchIndent;0
com.puppycrawl.tools.checkstyle.InputHiddenFieldBug1084512;0
com.puppycrawl.tools.checkstyle.InputWriteTag;0
com.puppycrawl.tools.checkstyle.InputFinalClass;0
com.puppycrawl.tools.checkstyle.checks.design.InputMutableException;0
com.puppycrawl.tools.checkstyle.InputSemantic;2;java.lang.Object;java.lang.Comparable<A>
com.puppycrawl.tools.checkstyle.checks.coding.FinalLocalVariableCheckTest;0
com.puppycrawl.tools.checkstyle.checks.NewlineAtEndOfFileCheck;3;java.util.List<java.lang.String>;java.io.File;java.io.RandomAccessFile
com.puppycrawl.tools.checkstyle.checks.indentation.IndentationCheck;2;java.lang.Object;DetailAST
com.puppycrawl.tools.checkstyle.coding.AnotherClass;1;T
com.puppycrawl.tools.checkstyle.indentation.bug1251988;0
com.puppycrawl.tools.checkstyle.checks.coding.AbstractNestedDepthCheck;1;DetailAST
com.puppycrawl.tools.checkstyle.javadoc.bothfiles.Ignored;0
com.puppycrawl.tools.checkstyle.checks.indentation.AssignHandler;3;ExpressionHandler;DetailAST;IndentationCheck
com.puppycrawl.tools.checkstyle.checks.coding.NestedForDepthCheckTest;0
ForEach;1;java.util.Collection<java.lang.String>
com.puppycrawl.tools.checkstyle.imports.InputImport;0
InnerDup;0
com.puppycrawl.tools.checkstyle.checks.annotation.SuppressWarningsCheck;1;DetailAST
com.puppycrawl.tools.checkstyle.checks.javadoc.Input_1379666;0
com.puppycrawl.tools.checkstyle.gui.ParseTreeInfoPanel;6;FileText;java.awt.Component;java.io.File[];java.awt.event.ActionEvent;javax.swing.JScrollPane;java.io.File
com.puppycrawl.tools.checkstyle.checks.javadoc.WriteTagCheckTest;3;Checker;java.io.File[];java.lang.String[]
com.puppycrawl.tools.checkstyle.ComplexityCheckTestInput;0
com.puppycrawl.tools.checkstyle.checks.whitespace.EmptyForInitializerPadCheck;1;DetailAST
com.puppycrawl.tools.checkstyle.filters.SuppressElementTest;0
com.puppycrawl.tools.checkstyle.checks.metrics.CyclomaticComplexityCheck;1;DetailAST
com.puppycrawl.tools.checkstyle.checks.naming.MethodNameCheck;1;DetailAST
com.puppycrawl.tools.checkstyle.filters.SuppressionsLoader;2;org.xml.sax.InputSource;org.xml.sax.Attributes
InputRedundantThrows;0
com.puppycrawl.tools.checkstyle.annotation.Dep;0
com.puppycrawl.tools.checkstyle.checks.coding.UnnecessaryParenthesesCheck;2;int[];DetailAST
com.puppycrawl.tools.checkstyle.checks.duplicates.StrictDuplicateCodeCheck;5;Multimap;int[];java.util.List<java.lang.String>;java.lang.String[];java.io.File
com.puppycrawl.tools.checkstyle.checks.whitespace.WhitespaceAfterCheckTest;0
com.puppycrawl.tools.checkstyle.indentation.InputCaseLevel;0
com.puppycrawl.tools.checkstyle.api.Utils;1;java.io.Closeable
com.puppycrawl.tools.checkstyle.indentation.InputInvalidLabelIndent;0
com.puppycrawl.tools.checkstyle.checks.naming.AbstractClass;0
com.puppycrawl.tools.checkstyle.checks.coding.DeclarationOrderCheck;1;DetailAST
MoreOther;0
com.puppycrawl.tools.checkstyle.filters.SuppressionCommentFilter;5;java.util.regex.Pattern;AuditEvent;com.puppycrawl.tools.checkstyle.filters.SuppressionCommentFilter.Tag;java.util.Collection<com.puppycrawl.tools.checkstyle.filters.TextBlock>;FileContents
com.puppycrawl.tools.checkstyle.checks.sizes.MethodLengthCheck;1;DetailAST
com.puppycrawl.tools.checkstyle.checks.coding.FallThroughCheck;2;java.util.regex.Pattern;DetailAST
com.puppycrawl.tools.checkstyle.InputScopeInnerInterfaces;0
com.puppycrawl.tools.checkstyle.checks.sizes.FileLengthCheck;2;java.util.List<java.lang.String>;java.io.File
com.puppycrawl.tools.checkstyle.checks.sizes.FileLengthCheckTest;1;Configuration
com.puppycrawl.tools.checkstyle.checks.blocks.RightCurlyCheck;1;DetailAST
com.puppycrawl.tools.checkstyle.checks.metrics.NPathComplexityCheck;1;DetailAST
A;0
com.puppycrawl.tools.checkstyle.test6;0
B;0
com.puppycrawl.tools.checkstyle.grammars.InputVararg;0
com.puppycrawl.tools.checkstyle.grammars.GeneratedJava14LexerTest;0
com.puppycrawl.tools.checkstyle.api.AutomaticBean;4;java.lang.Object;Context;java.lang.Class;Configuration
com.puppycrawl.tools.checkstyle.checks.annotation.AnnotationUseStyleTest;0
com.puppycrawl.tools.checkstyle.api.FilterSet;3;Filter;java.lang.Object;AuditEvent
com.puppycrawl.tools.checkstyle.DebugAuditAdapter;2;AuditEvent;java.lang.Throwable
com.puppycrawl.tools.checkstyle.checks.design.VisibilityModifierCheckTest;0
com.puppycrawl.tools.checkstyle.checks.javadoc.JavadocUtilsTest;0
com.puppycrawl.tools.checkstyle.api.Comment;1;java.lang.String[]
Overlapping;0
com.puppycrawl.tools.checkstyle.indentation.InputValidClassDefIndent;0
com.puppycrawl.tools.checkstyle.checks.TrailingCommentCheck;2;TextBlock;DetailAST
com.puppycrawl.tools.checkstyle.coding.InputRequireThis;0
com.puppycrawl.tools.checkstyle.checks.coding.InnerAssignmentCheckTest;0
InputConstantNames;0
com.puppycrawl.tools.checkstyle.InputScopeAnonInner;1;java.awt.event.MouseEvent
com.puppycrawl.tools.checkstyle.checks.sizes.MethodCountCheckInput;0
com.puppycrawl.tools.checkstyle.checks.javadoc.Input_02;0
com.puppycrawl.tools.checkstyle.checks.javadoc.Input_03;0
com.puppycrawl.tools.checkstyle.checks.javadoc.Input_01;0
com.puppycrawl.tools.checkstyle.coding.InputEqualsAvoidNullOutter;1;java.lang.Object
com.puppycrawl.tools.checkstyle.checks.metrics.JavaNCSSCheck;1;DetailAST
com.puppycrawl.tools.checkstyle.coding.NoSuperClone;0
com.puppycrawl.tools.checkstyle.indentation.InputValidBinaryOpIndent;0
com.puppycrawl.tools.checkstyle.checks.imports.IllegalImportCheck;2;java.lang.String[];DetailAST
com.puppycrawl.tools.checkstyle.checks.whitespace.WhitespaceAfterCheck;1;DetailAST
com.puppycrawl.tools.checkstyle.checks.indentation.PackageDefHandler;3;ExpressionHandler;DetailAST;IndentationCheck
com.puppycrawl.tools.checkstyle.test3;0
com.puppycrawl.tools.checkstyle.test2;0
com.puppycrawl.tools.checkstyle.coding.InputClone;0
com.puppycrawl.tools.checkstyle.test5;0
com.puppycrawl.tools.checkstyle.checks.regexp.RegexpMultilineCheck;2;java.util.List<java.lang.String>;java.io.File
com.puppycrawl.tools.checkstyle.checks.coding.NestedIfDepthCheck;1;DetailAST
com.puppycrawl.tools.checkstyle.UncommentedMainTest4;1;java.lang.String[]
com.puppycrawl.tools.checkstyle.UncommentedMainTest5;1;java.lang.String[]
com.puppycrawl.tools.checkstyle.checks.UpperEllCheckTest;0
com.puppycrawl.tools.checkstyle.UncommentedMainTest6;1;java.lang.String[]
com.puppycrawl.tools.checkstyle.UncommentedMainTest7;0
InputMissingSwitchDefault;0
com.puppycrawl.tools.checkstyle.checks.naming.FactoryWithBadName;0
com.puppycrawl.tools.checkstyle.InputCovariant5;1;com.puppycrawl.tools.checkstyle.InputCovariant4
com.puppycrawl.tools.checkstyle.PackageNamesLoader;4;com.puppycrawl.tools.checkstyle.PackageNamesLoader;org.xml.sax.InputSource;org.xml.sax.Attributes;java.lang.ClassLoader
com.puppycrawl.tools.checkstyle.InputCovariant3;2;java.lang.Object;com.puppycrawl.tools.checkstyle.InputCovariant3
com.puppycrawl.tools.checkstyle.InputCovariant4;0
com.puppycrawl.tools.checkstyle.checks.indentation.WhileHandler;3;ExpressionHandler;DetailAST;IndentationCheck
com.puppycrawl.tools.checkstyle.checks.NewlineAtEndOfFileCheckTest;1;Configuration
com.puppycrawl.tools.checkstyle.UncommentedMainTest1;1;java.lang.String[]
com.puppycrawl.tools.checkstyle.UncommentedMainTest2;0
com.puppycrawl.tools.checkstyle.Checker;8;Filter;FileSetCheck;AuditListener;Configuration;java.lang.ClassLoader;ModuleFactory;java.util.TreeSet<com.puppycrawl.tools.checkstyle.LocalizedMessage>;java.util.List<java.io.File>
com.puppycrawl.tools.checkstyle.UncommentedMainTest3;1;java.lang.String[]
com.puppycrawl.tools.checkstyle.checks.header.HeaderCheck;3;java.util.List<java.lang.String>;int[];java.io.File
com.puppycrawl.tools.checkstyle.api.TokenTypes;0
com.puppycrawl.tools.checkstyle.checks.header.AbstractHeaderCheck;1;java.io.Reader
com.puppycrawl.tools.checkstyle.checks.annotation.MissingDeprecatedTest;0
com.puppycrawl.tools.checkstyle.checks.indentation.BlockParentHandler;3;ExpressionHandler;DetailAST;IndentationCheck
com.puppycrawl.tools.checkstyle.checks.naming.MethodTypeParameterNameCheck;0
com.puppycrawl.tools.checkstyle.checks.javadoc.JavadocTags;2;java.util.List<com.puppycrawl.tools.checkstyle.checks.javadoc.InvalidJavadocTag>;java.util.List<com.puppycrawl.tools.checkstyle.checks.javadoc.JavadocTag>
com.puppycrawl.tools.checkstyle.checks.coding.NestedForDepthCheck;1;DetailAST
com.puppycrawl.tools.checkstyle.InputLeftCurlyMethod;0
com.puppycrawl.tools.checkstyle.checks.naming.PackageNameCheckTest;0
com.puppycrawl.tools.checkstyle.indention.InputValidClassDefIndent5b;0
com.puppycrawl.tools.checkstyle.checks.coding.FinalLocalVariableCheck;1;DetailAST
com.puppycrawl.tools.checkstyle.grammars.LineCommentAtTheEndOfFile;0
com.puppycrawl.tools.checkstyle.NegativeOctalHex;0
com.puppycrawl.tools.checkstyle.indention.InputValidClassDefIndent4d;0
com.puppycrawl.tools.checkstyle.api.AbstractViolationReporter;2;java.lang.Object;DetailAST
AbstactClass;0
blah.InputRegexpHeader3;0
com.puppycrawl.tools.checkstyle.checks.OuterTypeFilenameCheck;1;DetailAST
com.puppycrawl.tools.checkstyle.checks.metrics.BooleanExpressionComplexityCheck;1;DetailAST
com.puppycrawl.tools.checkstyle.checks.whitespace.NoWhitespaceBeforeCheck;1;DetailAST
com.puppycrawl.tools.checkstyle.checks.metrics.CyclomaticComplexityCheckTest;0
com.puppycrawl.tools.checkstyle.checks.header.HeaderCheckTest;0
com.puppycrawl.tools.checkstyle.annotation.BadOverrideFromObject;1;java.lang.Object
com.puppycrawl.tools.checkstyle.filters.SuppressionFilter;2;java.lang.Object;AuditEvent
com.puppycrawl.tools.checkstyle.checks.naming.LocalFinalVariableNameCheck;1;DetailAST
com.puppycrawl.tools.checkstyle.checks.indentation.MemberDefHandler;3;ExpressionHandler;DetailAST;IndentationCheck
com.puppycrawl.tools.checkstyle.InputSimplifyBoolean;0
com.puppycrawl.tools.checkstyle.checks.coding.FallThroughCheckTest;0
com.puppycrawl.tools.checkstyle.checks.coding.IllegalCatchCheck;1;DetailAST
com.puppycrawl.tools.checkstyle.api.SeverityLevelTest;0
com.puppycrawl.tools.checkstyle.InputCovariant;4;com.puppycrawl.tools.checkstyle.InputCovariant;java.lang.Object;com.puppycrawl.tools.checkstyle.InputCovariant.Inner2;com.puppycrawl.tools.checkstyle.InputCovariant.Inner
com.puppycrawl.tools.checkstyle.InputMagicNumber;0
com.puppycrawl.tools.checkstyle.checks.annotation.AnnotationUseStyleCheck;2;DetailAST;java.lang.Class<T>
com.puppycrawl.tools.checkstyle.checks.indentation.ClassDefHandler;3;ExpressionHandler;DetailAST;IndentationCheck
com.puppycrawl.tools.checkstyle.checks.AbstractOptionCheck;2;T;java.lang.Class<T>
com.puppycrawl.tools.checkstyle.Wildcard;1;java.util.Collection<? extends com.puppycrawl.tools.checkstyle.Wildcard[]>
com.puppycrawl.tools.checkstyle.checks.javadoc.InputTags1;1;java.lang.Object
blah.InputRegexpHeader2;0
com.puppycrawl.tools.checkstyle.indentation.HashingContainer;0
blah.InputRegexpHeader1;0
com.puppycrawl.tools.checkstyle.api.Check;6;java.lang.Object;LocalizedMessages;java.lang.String[];DetailAST;java.lang.ClassLoader;FileContents
com.puppycrawl.tools.checkstyle.ArrayMagicTest;0
com.puppycrawl.tools.checkstyle.api.FileContents;2;FileText;java.lang.String[]
com.puppycrawl.tools.checkstyle.BadCommas;0
com.puppycrawl.tools.checkstyle.checks.indentation.CatchHandler;3;ExpressionHandler;DetailAST;IndentationCheck
com.puppycrawl.tools.checkstyle.checks.coding.SimplifyBooleanExpressionCheck;1;DetailAST
com.puppycrawl.tools.checkstyle.checks.naming.StaticVariableNameCheck;1;DetailAST
com.puppycrawl.tools.checkstyle.Outter;0
InputExplicitInit;0
com.puppycrawl.tools.checkstyle.coding.InputEqualsAvoidNull;1;java.lang.Object
com.puppycrawl.tools.checkstyle.checks.sizes.ParameterNumberCheckTest;0
com.puppycrawl.tools.checkstyle.checks.indentation.ObjectBlockHandler;3;ExpressionHandler;DetailAST;IndentationCheck
com.puppycrawl.tools.checkstyle.checks.coding.PackageDeclarationCheck;1;DetailAST
com.puppycrawl.tools.checkstyle.indentation.InputValidCommaIndent;0
com.puppycrawl.tools.checkstyle.checks.whitespace.FileTabCharacterCheckTest;1;Configuration
com.puppycrawl.tools.checkstyle.InputDesignForExtension;1;java.lang.Object
com.puppycrawl.tools.checkstyle.annotation.SuppressWarningsSingle;0
com.puppycrawl.tools.checkstyle.checks.duplicates.StrictDuplicateCodeCheckTest;1;Configuration
com.puppycrawl.tools.checkstyle.checks.OuterTypeFilenameCheckTest;0
com.puppycrawl.tools.checkstyle.indention.InputInvalidClassDefIndent;0
com.puppycrawl.tools.checkstyle.checks.indentation.MethodDefHandler;3;ExpressionHandler;DetailAST;IndentationCheck
com.puppycrawl.tools.checkstyle.DefaultConfiguration;1;Configuration
com.puppycrawl.tools.checkstyle.checks.FileContentsHolder;1;DetailAST
com.puppycrawl.tools.checkstyle.checks.coding.DeclarationOrderCheckTest;0
com.puppycrawl.tools.checkstyle.filters.IntMatchFilter;1;java.lang.Object
com.puppycrawl.tools.checkstyle.InputArrayTrailingComma;0
com.puppycrawl.tools.checkstyle.checks.design.ThrowsCountCheckTest;0
com.puppycrawl.tools.checkstyle.checks.coding.SuperFinalizeCheck;0
com.puppycrawl.tools.checkstyle.checks.DescendantTokenCheckTest;0
com.puppycrawl.tools.checkstyle.api.LineColumn;1;com.puppycrawl.tools.checkstyle.api.LineColumn
com.puppycrawl.tools.checkstyle.annotation.NotOverride;0
LotsOfEmptyLines;0
CorrectClass;0
com.puppycrawl.tools.checkstyle.TestHashCodeMethod;0
com.puppycrawl.tools.checkstyle.whitespace.InputMethodParamPad;0
com.puppycrawl.tools.checkstyle.InputGenericCovariant7;2;java.lang.Object;com.puppycrawl.tools.checkstyle.InputGenericCovariant7
com.puppycrawl.tools.checkstyle.PackageObjectFactoryTest;0
com.puppycrawl.tools.checkstyle.indentation.InputValidSwitchIndent;0
com.puppycrawl.tools.checkstyle.checks.naming.MethodNameCheckTest;0
com.puppycrawl.tools.checkstyle.annotation.GoodOverrideFromOther;0
com.puppycrawl.tools.checkstyle.InputGenericCovariant8;2;com.puppycrawl.tools.checkstyle.InputGenericCovariant8;java.lang.Object
com.puppycrawl.tools.checkstyle.checks.design.InterfaceIsTypeCheckTest;0
com.puppycrawl.tools.checkstyle.coding.InputReturnFromFinallyCheck;0
com.puppycrawl.tools.checkstyle.checks.whitespace.TypecastParenPadCheck;1;DetailAST
com.puppycrawl.tools.checkstyle.checks.coding.NoFinalizerCheckTest;0
com.puppycrawl.tools.checkstyle.checks.naming.TypeNameCheckTest;0
com.puppycrawl.tools.checkstyle.checks.sizes.MethodLengthCheckTest;0
com.puppycrawl.tools.checkstyle.checks.blocks.EmptyBlockCheck;1;DetailAST
com.puppycrawl.tools.checkstyle.coding.InputMultipleStringLiterals;0
com.puppycrawl.tools.checkstyle.grammars.InputEmbeddedNullChar;0
com.puppycrawl.tools.checkstyle.InputMethNameEqualClsName;0
com.puppycrawl.tools.checkstyle.api.AbstractViolationReporterTest;0
com.puppycrawl.tools.checkstyle.checks.imports.AvoidStarImportTest;0
com.puppycrawl.tools.checkstyle.checks.naming.Class1Factory;0
com.puppycrawl.tools.checkstyle.checks.TranslationCheck;7;java.util.Set<java.lang.Object>;java.util.Map<java.io.File,java.util.Set<java.lang.Object>>;java.util.Map<java.lang.String,java.util.Set<java.io.File>>;java.util.List<java.lang.String>;java.io.File;java.io.IOException;java.util.List<java.io.File>
com.puppycrawl.tools.checkstyle.api.AbstractLoader;3;java.util.Map<java.lang.String,java.lang.String>;org.xml.sax.SAXParseException;org.xml.sax.InputSource
InputInvalidAssignIndent;1;java.lang.String[]
com.puppycrawl.tools.checkstyle.checks.regexp.SinglelineDetector;3;java.util.regex.Matcher;DetectorOptions;java.util.List<java.lang.String>
com.puppycrawl.tools.checkstyle.checks.design.HideUtilityClassConstructorCheck;1;DetailAST
com.puppycrawl.tools.checkstyle.Main;1;java.lang.String[]
com.puppycrawl.tools.checkstyle.checks.modifier.RedundantModifierTest;0
com.puppycrawl.tools.checkstyle.Bug3370946;0
com.puppycrawl.tools.checkstyle.checks.sizes.AnonInnerLengthCheck;1;DetailAST
com.puppycrawl.tools.checkstyle.checks.TodoCommentCheck;2;DetailAST;FileContents
com.puppycrawl.tools.checkstyle.checks.whitespace.TypecastParenPadCheckTest;0
com.puppycrawl.tools.checkstyle.checks.coding.MissingSwitchDefaultCheckTest;0
com.puppycrawl.tools.checkstyle.checks.imports.PkgControl;2;com.puppycrawl.tools.checkstyle.checks.imports.PkgControl;Guard
com.puppycrawl.tools.checkstyle.gui.CodeSelector;3;javax.swing.JTextArea;java.util.List<java.lang.Integer>;DetailAST
com.puppycrawl.tools.checkstyle.imports.InputImportControl;0
com.puppycrawl.tools.checkstyle.checks.coding.SimplifyBooleanExpressionCheckTest;0
com.puppycrawl.tools.checkstyle.checks.UncommentedMainCheck;1;DetailAST
com.puppycrawl.tools.checkstyle.checks.coding.AbstractIllegalCheck;1;java.lang.String[]
com.puppycrawl.tools.checkstyle.checks.coding.NoCloneCheck;0
com.puppycrawl.tools.checkstyle.coding.MyClassWithGenericSuperMethod1;1;java.util.List<? super java.util.Map>
InputFallThrough;0
com.puppycrawl.tools.checkstyle.annotation.MoreJunk;0
com.puppycrawl.tools.checkstyle.checks.naming.TypeParameterNameTest;0
com.puppycrawl.tools.checkstyle.InputPublicOnly;4;java.lang.StringBuffer;java.lang.Object;java.lang.Long;java.lang.Class
com.puppycrawl.tools.checkstyle.checks.coding.IllegalInstantiationCheckTest;0
com.puppycrawl.tools.checkstyle.RedundantFinalClass;0
com.puppycrawl.tools.checkstyle.checks.coding.SimplifyBooleanReturnCheckTest;0
com.puppycrawl.tools.checkstyle.checks.whitespace.FileTabCharacterCheck;2;java.util.List<java.lang.String>;java.io.File
com.puppycrawl.tools.checkstyle.checks.coding.NestedTryDepthCheck;1;DetailAST
com.puppycrawl.tools.checkstyle.checks.javadoc.JavadocVariableCheck;1;DetailAST
com.puppycrawl.tools.checkstyle.checks.UpperEllCheck;1;DetailAST
com.puppycrawl.tools.checkstyle.checks.sizes.ParameterNumberCheck;1;DetailAST
com.puppycrawl.tools.checkstyle.checks.design.InnerTypeLastCheck;1;DetailAST
com.puppycrawl.tools.checkstyle.indentation.InputValidArrayInitIndent;1;int[]
com.puppycrawl.tools.checkstyle.checks.coding.IllegalThrowsCheckTest;0
com.puppycrawl.tools.checkstyle.indentation.InputValidForIndent;1;int[]
com.puppycrawl.tools.checkstyle.coding.CloneWithTypeArguments;0
com.puppycrawl.tools.checkstyle.checks.naming.AbstractClassNameCheck;1;DetailAST
com.puppycrawl.tools.checkstyle.checks.coding.InputReturnCount;1;java.lang.Object
com.puppycrawl.tools.checkstyle.checks.whitespace.ParenPadCheckTest;0
com.puppycrawl.tools.checkstyle.InputSimple;0
com.puppycrawl.tools.checkstyle.design.InputInnerClassCheck;0
com.puppycrawl.tools.checkstyle.indentation.bug1336737;0
com.puppycrawl.tools.checkstyle.PackageNamesLoaderTest;1;java.util.Set<java.lang.String>
com.puppycrawl.tools.checkstyle.checks.indentation.StaticInitHandler;3;ExpressionHandler;DetailAST;IndentationCheck
com.puppycrawl.tools.checkstyle.checks.design.MutableExceptionCheck;1;DetailAST
com.puppycrawl.tools.checkstyle.checks.naming.ConstantNameCheckTest;0
com.puppycrawl.tools.checkstyle.checks.naming.MemberNameCheck;1;DetailAST
com.puppycrawl.tools.checkstyle.checks.regexp.RegexpMultilineCheckTest;0
com.puppycrawl.tools.checkstyle.checks.coding.ArrayTrailingCommaCheck;1;DetailAST
com.puppycrawl.tools.checkstyle.grammars.InputJava7NumericalLiterals;0
com.puppycrawl.tools.checkstyle.checks.metrics.NPathComplexityCheckTest;0
com.puppycrawl.tools.checkstyle.checks.ArrayTypeStyleCheck;1;DetailAST
com.puppycrawl.tools.checkstyle.checks.blocks.LeftCurlyCheck;1;DetailAST
com.puppycrawl.tools.checkstyle.indentation.InputValidWhileIndent;0
com.puppycrawl.tools.checkstyle.InputModifier;0
com.puppycrawl.tools.checkstyle.InputIllegalTokens;0
com.puppycrawl.tools.checkstyle.whitespace.InputWhitespaceAround;0
com.puppycrawl.tools.checkstyle.InputCovariant2;2;java.lang.Object;com.puppycrawl.tools.checkstyle.InputCovariant2
com.puppycrawl.tools.checkstyle.indentation.InputValidClassDefIndent4a;0
com.puppycrawl.tools.checkstyle.checks.indentation.IndentationCheckTest;0
com.puppycrawl.tools.checkstyle.checks.javadoc.WrongException;0
com.puppycrawl.tools.checkstyle.XMLLoggerTest;2;java.io.PrintWriter;java.lang.String[]
com.puppycrawl.tools.checkstyle.checks.indentation.SwitchHandler;3;ExpressionHandler;DetailAST;IndentationCheck
com.puppycrawl.tools.checkstyle.checks.design.VisibilityModifierCheck;2;java.util.Set<java.lang.String>;DetailAST
com.puppycrawl.tools.checkstyle.checks.indentation.IfHandler;3;ExpressionHandler;DetailAST;IndentationCheck
com.puppycrawl.tools.checkstyle.checks.javadoc.InvalidJavadocTag;0
com.puppycrawl.tools.checkstyle.InputFinalParameters;6;java.lang.Object;java.lang.Boolean;java.lang.String[];java.awt.event.ActionEvent;java.lang.Class;java.lang.Integer
com.puppycrawl.tools.checkstyle.checks.blocks.NeedBracesCheck;1;DetailAST
com.puppycrawl.tools.checkstyle.checks.modifier.RedundantModifierCheck;1;DetailAST
com.puppycrawl.tools.checkstyle.filters.InputSuppressionCommentFilter;0
com.puppycrawl.tools.checkstyle.InputInner;0
com.puppycrawl.tools.checkstyle.checks.imports.UnusedImportsCheckTest;0
com.puppycrawl.tools.checkstyle.checks.TodoCommentCheckTest;0
com.puppycrawl.tools.checkstyle.annotation.SuppressWarningsExpanded;0
com.puppycrawl.tools.checkstyle.indentation.InputInvalidMethodIndent;0
com.puppycrawl.tools.checkstyle.indentation.InputInvalidWhileIndent;0
com.puppycrawl.tools.checkstyle.filters.CSVFilterTest;0
com.puppycrawl.tools.checkstyle.annotation.GoodOverrideFromObject;1;java.lang.Object
com.puppycrawl.tools.checkstyle.grammars.InputJava7Diamond;0
com.puppycrawl.tools.checkstyle.checks.coding.MultipleStringLiteralsCheckTest;0
com.puppycrawl.tools.checkstyle.annotation.MoreJunk2;0
com.puppycrawl.tools.checkstyle.checks.CheckUtils;1;DetailAST
com.puppycrawl.tools.checkstyle.gui.JTreeTable;10;javax.swing.JTextArea;java.util.EventObject;java.lang.Object;TreeTableModel;java.util.List<java.lang.Integer>;javax.swing.JTable;javax.swing.tree.TreeModel;java.awt.event.ActionEvent;java.awt.Graphics;javax.swing.event.ListSelectionEvent
com.puppycrawl.tools.checkstyle.checks.naming.AbstractClassNameCheckTest;0
com.puppycrawl.tools.checkstyle.checks.javadoc.WriteTagCheck;3;java.util.regex.Pattern;java.lang.String[];DetailAST
com.puppycrawl.tools.checkstyle.coding.Bug1155921;0
com.puppycrawl.tools.checkstyle.PropertiesExpander;1;java.util.Properties
com.puppycrawl.tools.checkstyle.Signed;0
com.puppycrawl.tools.checkstyle.checks.design.InterfaceIsTypeCheck;1;DetailAST
com.puppycrawl.tools.checkstyle.checks.indentation.LineSet;1;java.lang.Integer
com.puppycrawl.tools.checkstyle.checks.whitespace.MethodParamPadCheck;1;DetailAST
com.puppycrawl.tools.checkstyle.api.AutomaticBeanTest;0
com.puppycrawl.tools.checkstyle.checks.imports.GuardTest;0
com.puppycrawl.tools.checkstyle.grammars.VarargTest;0
com.puppycrawl.tools.checkstyle.indentation.Test;1;java.lang.String[]
com.puppycrawl.tools.checkstyle.checks.javadoc.InputTags;1;java.lang.Object
com.puppycrawl.tools.checkstyle.checks.whitespace.ParenPadCheck;1;DetailAST
InputMissingCtor;0
com.puppycrawl.tools.checkstyle.api.ScopeTest;0
com.puppycrawl.tools.checkstyle.checks.ClassResolverTest;0
com.puppycrawl.tools.checkstyle.checks.whitespace.OperatorWrapCheckTest;0
com.puppycrawl.tools.checkstyle.indentation.InputValidDotIndent;0
com.puppycrawl.tools.checkstyle.checks.metrics.ClassFanOutComplexityCheckTest;0
com.puppycrawl.tools.checkstyle.checks.naming.ClassFactory;0
com.puppycrawl.tools.checkstyle.checks.coding.NoCloneCheckTest;0
com.puppycrawl.tools.checkstyle.imports.InputImportOrder_InFlow;0
com.puppycrawl.tools.checkstyle.gui.TreeTableModelAdapter;5;java.lang.Object;TreeTableModel;javax.swing.event.TreeModelEvent;javax.swing.event.TreeExpansionEvent;javax.swing.JTree
com.puppycrawl.tools.checkstyle.checks.javadoc.HtmlTag;0
com.puppycrawl.tools.checkstyle.checks.ArrayTypeStyleCheckTest;0
com.puppycrawl.tools.checkstyle.checks.blocks.RightCurlyCheckTest;0
com.puppycrawl.tools.checkstyle.ComplexButNotFlagged;0
Other;1;Tfo$o2T
com.puppycrawl.tools.checkstyle.api.CheckstyleException;1;java.lang.Throwable
com.puppycrawl.tools.checkstyle.checks.coding.SuperFinalizeCheckTest;0
com.puppycrawl.tools.checkstyle.Operation;0
com.puppycrawl.tools.checkstyle.checks.indentation.CaseHandler;3;ExpressionHandler;DetailAST;IndentationCheck
com.puppycrawl.tools.checkstyle.PropertySetter;0
com.puppycrawl.tools.checkstyle.checks.coding.SimplifyBooleanReturnCheck;2;AST;DetailAST
com.puppycrawl.tools.checkstyle.imports.InputImportOrder_HonorsTokensProperty;0
com.puppycrawl.tools.checkstyle.checks.indentation.LabelHandler;3;ExpressionHandler;DetailAST;IndentationCheck
com.puppycrawl.tools.checkstyle.DebugFilter;1;AuditEvent
com.puppycrawl.tools.checkstyle.checks.naming.Class2Factory;0
InputExplicitInit2;0
com.puppycrawl.tools.checkstyle.checks.modifier.ModifierOrderCheckTest;0
com.puppycrawl.tools.checkstyle.checks.coding.IllegalInstantiationCheck;1;DetailAST
com.puppycrawl.tools.checkstyle.checks.coding.JUnitTestCaseCheck;1;DetailAST
com.puppycrawl.tools.checkstyle.imports.InputImportBug;0
com.puppycrawl.tools.checkstyle.annotation.BadOverrideFromOther;0
com.puppycrawl.tools.checkstyle.checks.blocks.EmptyBlockCheckTest;0
com.puppycrawl.tools.checkstyle.checks.coding.ArrayTrailingCommaCheckTest;0
com.puppycrawl.tools.checkstyle.checks.coding.PackageDeclarationCheckTest;0
com.puppycrawl.tools.checkstyle.checks.coding.StringLiteralEqualityCheckTest;0
com.puppycrawl.tools.checkstyle.checks.naming.AbstractNameCheck;1;DetailAST
com.puppycrawl.tools.checkstyle.checks.coding.ModifiedControlVariableCheck;1;DetailAST
com.puppycrawl.tools.checkstyle.CheckStyleTask;9;com.puppycrawl.tools.checkstyle.CheckStyleTask.Formatter;FileSet;com.puppycrawl.tools.checkstyle.CheckStyleTask.FormatterType;java.net.URL;Task;java.io.File;Reference;com.puppycrawl.tools.checkstyle.CheckStyleTask.Property;Path
com.puppycrawl.tools.checkstyle.InputJavadoc;0
com.puppycrawl.tools.checkstyle.checks.indentation.IndentLevel;1;com.puppycrawl.tools.checkstyle.checks.indentation.IndentLevel
com.puppycrawl.tools.checkstyle.indentation.InputUseTwoSpaces;0
com.puppycrawl.tools.checkstyle.checks.coding.MultipleVariableDeclarationsCheck;1;DetailAST
com.puppycrawl.tools.checkstyle.checks.coding.NoFinalizerCheck;0
com.puppycrawl.tools.checkstyle.checks.metrics.AbstractComplexityCheck;2;java.math.BigInteger;DetailAST
com.puppycrawl.tools.checkstyle.coding.InputFinalize;0
com.puppycrawl.tools.checkstyle.indentation.bug1260079;0
Bar;0
com.puppycrawl.tools.checkstyle.annotation.BadAnnonOverride;1;java.lang.Runnable
com.puppycrawl.tools.checkstyle.checks.coding.OneStatementPerLineCheckInput;1;java.lang.StringBuffer
com.puppycrawl.tools.checkstyle.checks.imports.RedundantImportCheckTest;0
com.puppycrawl.tools.checkstyle.checks.indentation.NewHandler;3;ExpressionHandler;DetailAST;IndentationCheck
com.puppycrawl.tools.checkstyle.InputSimple2;0
com.puppycrawl.tools.checkstyle.checks.indentation.ElseHandler;3;ExpressionHandler;DetailAST;IndentationCheck
com.puppycrawl.tools.checkstyle.imports.InputImportOrder_NoFailureForRedundantImports;0
com.puppycrawl.tools.checkstyle.checks.coding.DefaultComesLastCheck;1;DetailAST
com.puppycrawl.tools.checkstyle.checks.imports.AvoidStarImportCheck;3;java.lang.String[];DetailAST;FullIdent
com.puppycrawl.tools.checkstyle.javadoc.pkghtml.Ignored;0
com.puppycrawl.tools.checkstyle.grammars.Java7NumericalLiteralsTest;0
com.puppycrawl.tools.checkstyle.imports.InputImportOrder_WildcardUnspecified;0
com.puppycrawl.tools.checkstyle.api.LocalizedMessage;6;java.lang.Object[];java.lang.Object;java.lang.Class<?>;java.util.Locale;com.puppycrawl.tools.checkstyle.api.LocalizedMessage;SeverityLevel
com.puppycrawl.tools.checkstyle.checks.naming.AbstractAccessControlNameCheck;1;DetailAST
com.puppycrawl.tools.checkstyle.coding.NoSuperFinalize;0
com.puppycrawl.tools.checkstyle.api.FastStack;1;E
com.puppycrawl.tools.checkstyle.indentation.InputValidBlockIndent;0
com.puppycrawl.tools.checkstyle.ConfigurationLoaderTest;2;java.util.Properties;DefaultConfiguration
com.puppycrawl.tools.checkstyle.coding.Blah;0
com.puppycrawl.tools.checkstyle.checks.naming.ConstantNameCheck;1;DetailAST
com.puppycrawl.tools.checkstyle.checks.blocks.AvoidNestedBlocksCheckTest;0
com.puppycrawl.tools.checkstyle.InputForWhitespace;0
com.puppycrawl.tools.checkstyle.checks.whitespace.MethodParamPadCheckTest;0
com.puppycrawl.tools.checkstyle.checks.naming.TypeNameCheck;0
com.puppycrawl.tools.checkstyle.ComplexAndFlagged;0
com.puppycrawl.tools.checkstyle.checks.naming.LocalFinalVariableNameCheckTest;0
com.puppycrawl.tools.checkstyle.checks.coding.AvoidInlineConditionalsCheck;1;DetailAST
com.puppycrawl.tools.checkstyle.checks.regexp.NeverSuppress;0
com.puppycrawl.tools.checkstyle.coding.test_1241722;1;java.lang.Object
com.puppycrawl.tools.checkstyle.grammars.EmbeddedNullCharTest;0
com.puppycrawl.tools.checkstyle.checks.design.InnerTypeLastCheckTest;0
com.puppycrawl.tools.checkstyle.api.FastStackTest;0
com.puppycrawl.tools.checkstyle.annotation.BadDeprecatedAnnotation;0
com.puppycrawl.tools.checkstyle.api.AnnotationUtility;1;DetailAST
com.puppycrawl.tools.checkstyle.filters.IntRangeFilterTest;0
com.puppycrawl.tools.checkstyle.checks.design.InputThrowsCount;0
com.puppycrawl.tools.checkstyle.indention.InputValidClassDefIndent4;0
com.puppycrawl.tools.checkstyle.indention.InputValidClassDefIndent3;0
com.puppycrawl.tools.checkstyle.indention.InputValidClassDefIndent2;0
com.puppycrawl.tools.checkstyle.checks.whitespace.NoWhitespaceAfterCheck;1;DetailAST
com.puppycrawl.tools.checkstyle.checks.coding.CovariantEqualsCheckTest;0
com.puppycrawl.tools.checkstyle.checks.imports.UnusedImportsCheck;1;DetailAST
com.puppycrawl.tools.checkstyle.InputJavadoc2;0
com.puppycrawl.tools.checkstyle.checks.coding.ExplicitInitializationCheckTest;0
com.puppycrawl.tools.checkstyle.checks.javadoc.JavadocTypeCheck;5;TextBlock;java.util.regex.Pattern;java.util.List<java.lang.String>;DetailAST;java.util.List<com.puppycrawl.tools.checkstyle.checks.javadoc.JavadocTag>
com.puppycrawl.tools.checkstyle.indention.InputValidClassDefIndent6;0
com.puppycrawl.tools.checkstyle.grammars.Java7MultiCatchTest;0
com.puppycrawl.tools.checkstyle.indention.InputValidClassDefIndent5;0
com.puppycrawl.tools.checkstyle.InputJavadoc1;0
com.puppycrawl.tools.checkstyle.checks.indentation.FinallyHandler;3;ExpressionHandler;DetailAST;IndentationCheck
com.puppycrawl.tools.checkstyle.checks.design.DesignForExtensionCheckTest;0
com.puppycrawl.tools.checkstyle.Defn;0
com.puppycrawl.tools.checkstyle.coding.InputHasFinalizer;0
com.puppycrawl.tools.checkstyle.api.FileText;2;java.util.List<java.lang.String>;java.io.File
com.puppycrawl.tools.checkstyle.checks.naming.PackageNameCheck;1;DetailAST
com.puppycrawl.tools.checkstyle.checks.sizes.LineLengthCheckTest;0
com.puppycrawl.tools.checkstyle.checks.modifier.ModifierOrderCheck;2;java.util.List<com.puppycrawl.tools.checkstyle.checks.modifier.DetailAST>;DetailAST
com.puppycrawl.tools.checkstyle.checks.indentation.SlistHandler;3;ExpressionHandler;DetailAST;IndentationCheck
com.puppycrawl.tools.checkstyle.checks.sizes.LineLengthCheck;1;DetailAST
com.puppycrawl.tools.checkstyle.indentation.InputInvalidTryIndent;0
com.puppycrawl.tools.checkstyle.metrics.JavaNCSSCheckTestInput;1;java.awt.event.ItemEvent
com.puppycrawl.tools.checkstyle.coding.InputReturnFromCatchCheck;0
com.puppycrawl.tools.checkstyle.indention.InputInvalidClassDefIndentB;0
com.puppycrawl.tools.checkstyle.DebugChecker;0
com.puppycrawl.tools.checkstyle.indention.InputInvalidClassDefIndentC;0
com.puppycrawl.tools.checkstyle.checks.coding.AbstractIllegalMethodCheck;1;DetailAST
com.puppycrawl.tools.checkstyle.checks.coding.OneStatementPerLineCheckTest;0
com.puppycrawl.tools.checkstyle.gui.AbstractCellEditor;2;javax.swing.event.CellEditorListener;java.util.EventObject
com.puppycrawl.tools.checkstyle.checks.coding.InnerAssignmentCheck;2;DetailAST;int[][]
com.puppycrawl.tools.checkstyle.checks.javadoc.JavadocMethodCheckTest;0
com.puppycrawl.tools.checkstyle.checks.imports.ImportOrderCheckTest;0
com.puppycrawl.tools.checkstyle.checks.imports.ImportControlCheckTest;0
com.puppycrawl.tools.checkstyle.checks.DeclarationCollector;2;com.puppycrawl.tools.checkstyle.checks.DeclarationCollector.LexicalFrame;DetailAST
com.puppycrawl.tools.checkstyle.grammars.Java7DiamondTest;0
com.puppycrawl.tools.checkstyle.checks.coding.BadTest1;0
com.puppycrawl.tools.checkstyle.checks.coding.InputIllegalThrowsCheck;0
com.puppycrawl.tools.checkstyle.filters.SuppressWithNearbyCommentFilterTest;3;java.lang.Class<?>;java.lang.String[];Configuration
com.puppycrawl.tools.checkstyle.grammars.InputGrammar;0
com.puppycrawl.tools.checkstyle.checks.metrics.BooleanExpressionComplexityCheckTest;0
com.puppycrawl.tools.checkstyle.PackageObjectFactory;2;java.util.Set<java.lang.String>;java.lang.ClassLoader
com.puppycrawl.tools.checkstyle.checks.coding.StringLiteralEqualityCheck;1;DetailAST
com.puppycrawl.tools.checkstyle.api.ScopeUtils;1;DetailAST
com.puppycrawl.tools.checkstyle.AbstractClass;0
com.puppycrawl.tools.checkstyle.checks.javadoc.JavadocTag;0
com.puppycrawl.tools.checkstyle.checks.coding.EmptyStatementCheck;1;DetailAST
com.puppycrawl.tools.checkstyle.ComplexityOverflow;0
InputMemberName;0
com.puppycrawl.tools.checkstyle.InputHiddenFieldReorder;0
com.puppycrawl.tools.checkstyle.checks.annotation.MissingOverrideCheckTest;0
com.puppycrawl.tools.checkstyle.indention.InputInvalidClassDefIndentc;0
com.puppycrawl.tools.checkstyle.checks.metrics.AbstractClassCouplingCheck;1;DetailAST
InputTypeParameterName;0
com.puppycrawl.tools.checkstyle.BaseFileSetCheckTestSupport;1;Configuration
com.puppycrawl.tools.checkstyle.Cast;0
com.puppycrawl.tools.checkstyle.filters.FilterSetTest;0
com.puppycrawl.tools.checkstyle.CheckerTest;0
com.puppycrawl.tools.checkstyle.checks.indentation.HandlerFactory;4;ExpressionHandler;java.lang.Class<?>;DetailAST;IndentationCheck
com.puppycrawl.tools.checkstyle.checks.FinalParametersCheck;1;DetailAST
com.puppycrawl.tools.checkstyle.Anonymous;1;java.lang.Object
com.puppycrawl.tools.checkstyle.checks.design.MutableExceptionCheckTest;0
com.puppycrawl.tools.checkstyle.InputTypeParamsTags;1;L
com.puppycrawl.tools.checkstyle.checks.metrics.JavaNCSSCheckTest;0
com.puppycrawl.tools.checkstyle.indentation.Operator;1;com.puppycrawl.tools.checkstyle.indentation.OperatorHelper
com.puppycrawl.tools.checkstyle.checks.coding.RedundantThrowsCheckTest;0
com.puppycrawl.tools.checkstyle.InputLineBreaks;0
com.puppycrawl.tools.checkstyle.checks.naming.ClassTypeParameterNameCheck;0
com.puppycrawl.tools.checkstyle.checks.regexp.RegexpSinglelineCheck;2;java.util.List<java.lang.String>;java.io.File
com.puppycrawl.tools.checkstyle.checks.naming.ParameterNameCheck;1;DetailAST
com.puppycrawl.tools.checkstyle.checks.design.DesignForExtensionCheck;1;DetailAST
com.puppycrawl.tools.checkstyle.checks.whitespace.GenericWhitespaceCheck;1;DetailAST
com.puppycrawl.tools.checkstyle.checks.coding.SuperCloneCheckTest;0
com.puppycrawl.tools.checkstyle.indentation.InputInvalidArrayInitIndent;1;int[]
com.puppycrawl.tools.checkstyle.checks.sizes.ExecutableStatementCountCheckTest;0
com.puppycrawl.tools.checkstyle.InputOpWrap;0
InputTrailingComment;0
com.puppycrawl.tools.checkstyle.TreeWalker;8;Check;java.util.List<java.lang.String>;DetailAST;java.io.File;Configuration;java.lang.ClassLoader;FileContents;ModuleFactory
com.puppycrawl.tools.checkstyle.api.TokenTypesTest;0
com.puppycrawl.tools.checkstyle.checks.coding.MagicNumberCheck;2;double[];DetailAST
com.puppycrawl.tools.checkstyle.grammars.Java7TryWithResourcesTest;0
com.puppycrawl.tools.checkstyle.checks.coding.IllegalCatchCheckTest;0
com.puppycrawl.tools.checkstyle.InputLeftCurlyOther;0
com.puppycrawl.tools.checkstyle.InputInterfaceIsType;0
com.puppycrawl.tools.checkstyle.checks.metrics.ClassCouplingCheckTestInput;0
com.puppycrawl.tools.checkstyle.checks.metrics.ClassDataAbstractionCouplingCheck;0
com.puppycrawl.tools.checkstyle.filters.InputSuppressWithNearbyCommentFilter;0
com.puppycrawl.tools.checkstyle.design.Temp3;0
com.puppycrawl.tools.checkstyle.checks.javadoc.JavadocPackageCheckTest;1;Configuration
com.puppycrawl.tools.checkstyle.design.Temp2;0
com.puppycrawl.tools.checkstyle.indentation.InputUseTabs;0
com.puppycrawl.tools.checkstyle.checks.imports.ImportControlLoader;3;org.xml.sax.InputSource;java.net.URI;org.xml.sax.Attributes
com.puppycrawl.tools.checkstyle.indentation.InputValidMethodIndent;0
com.puppycrawl.tools.checkstyle.checks.RegexpCheck;1;DetailAST
com.puppycrawl.tools.checkstyle.checks.naming.StaticVariableNameCheckTest;0
com.puppycrawl.tools.checkstyle.checks.javadoc.JavadocStyleCheck;6;TextBlock;FastStack;java.lang.StringBuffer;java.lang.String[];HtmlTag;DetailAST
InputMultipleVariableDeclarations;0
com.puppycrawl.tools.checkstyle.checks.sizes.OuterTypeNumberCheck;1;DetailAST
com.puppycrawl.tools.checkstyle.imports.InputImportOrder_Under;0
com.puppycrawl.tools.checkstyle.checks.FileSetCheckLifecycleTest;3;java.util.List<java.lang.String>;java.io.File;Configuration
com.puppycrawl.tools.checkstyle.checks.duplicates.ChecksumInfo;2;com.puppycrawl.tools.checkstyle.checks.duplicates.ChecksumInfo;int[]
com.puppycrawl.tools.checkstyle.checks.ClassResolver;2;java.util.Set<java.lang.String>;java.lang.ClassLoader
bad_test;0
net.ubiquity.tools.checkstyle.tests.InputDeclarationOrder;0
com.puppycrawl.tools.checkstyle.DefaultLogger;3;AuditEvent;java.lang.Throwable;java.io.OutputStream
com.puppycrawl.tools.checkstyle.checks.coding.AvoidInlineConditionalsCheckTest;0
com.puppycrawl.tools.checkstyle.StaticMethods;0
com.puppycrawl.tools.checkstyle.checks.javadoc.JavadocUtils;2;TextBlock;com.puppycrawl.tools.checkstyle.checks.javadoc.JavadocUtils.JavadocTagType
com.puppycrawl.tools.checkstyle.checks.annotation.MissingOverrideCheck;2;TextBlock;DetailAST
InputMethodNameExtra;0
InputNoJavadoc;0
com.puppycrawl.tools.checkstyle.InputLeftCurlyAnnotations2;1;java.lang.Object
com.puppycrawl.tools.checkstyle.checks.naming.LocalVariableNameCheckTest;0
com.puppycrawl.tools.checkstyle.gui.Main;1;java.lang.String[]
com.puppycrawl.tools.checkstyle.checks.naming.AbstractTypeParameterNameCheck;1;DetailAST
com.puppycrawl.tools.checkstyle.checks.imports.ImportOrderCheck;3;java.lang.String[];DetailAST;FullIdent
InputBadTag;0
com.puppycrawl.tools.checkstyle.imports.InputImportOrder_Top;0
com.puppycrawl.tools.checkstyle.checks.blocks.NeedBracesCheckTest;0
com.puppycrawl.tools.checkstyle.annotation.SpecialCaseDeprecated;0
InputSetterGetter;0
com.puppycrawl.tools.checkstyle.checks.coding.RequireThisCheckTest;0
com.puppycrawl.tools.checkstyle.checks.coding.MissingSwitchDefaultCheck;0
com.puppycrawl.tools.checkstyle.annotation.BadDeprecatedJavadoc;0
InputImportOrder;0
com.puppycrawl.tools.checkstyle.checks.annotation.PackageAnnotationCheck;1;DetailAST
com.puppycrawl.tools.checkstyle.checks.whitespace.GenericWhitespaceCheckTest;0
com.puppycrawl.tools.checkstyle.filters.CSVFilter;2;java.lang.Object;IntFilter
com.puppycrawl.tools.checkstyle.annotation.DifferentUseStyles;0
com.puppycrawl.tools.checkstyle.filters.SuppressionCommentFilterTest;3;java.lang.Class<?>;java.lang.String[];Configuration
com.puppycrawl.tools.checkstyle.checks.coding.InputIllegalType;0
com.puppycrawl.tools.checkstyle.coding.InnerFinalize;0
com.puppycrawl.tools.checkstyle.checks.coding.EqualsHashCodeCheck;2;AST;DetailAST
InputDefaultComesLast;0
com.puppycrawl.tools.checkstyle.coding.InputStringLiteralEquality;0
com.puppycrawl.tools.checkstyle.InputBraces;0
com.puppycrawl.tools.checkstyle.checks.design.FinalClassCheckTest;0
com.puppycrawl.tools.checkstyle.checks.coding.RedundantThrowsCheck;4;java.util.List<com.puppycrawl.tools.checkstyle.checks.coding.ClassInfo>;DetailAST;Token;FullIdent
com.puppycrawl.tools.checkstyle.checks.imports.Guard;0
com.puppycrawl.tools.checkstyle.checks.regexp.RegexpSinglelineJavaCheck;1;DetailAST
com.puppycrawl.tools.checkstyle.checks.design.ThrowsCountCheck;1;DetailAST
com.puppycrawl.tools.checkstyle.api.SeverityLevelCounter;3;AuditEvent;java.lang.Throwable;SeverityLevel
com.puppycrawl.tools.checkstyle.imports.InputImportOrder_Above;0
com.puppycrawl.tools.checkstyle.XMLLogger;3;AuditEvent;java.lang.Throwable;java.io.OutputStream
com.puppycrawl.tools.checkstyle.indentation.InputValidTryIndent;0
com.puppycrawl.tools.checkstyle.checks.indentation.ArrayInitHandler;3;ExpressionHandler;DetailAST;IndentationCheck
com.puppycrawl.tools.checkstyle.checks.naming.MemberNameCheckTest;0
com.puppycrawl.tools.checkstyle.checks.javadoc.JavadocPackageCheck;2;java.util.List<java.lang.String>;java.io.File
InputNoPackage;0
com.puppycrawl.tools.checkstyle.checks.regexp.CommentSuppressor;1;FileContents
com.puppycrawl.tools.checkstyle.filters.SuppressWithNearbyCommentFilter;5;java.util.regex.Pattern;AuditEvent;java.util.Collection<com.puppycrawl.tools.checkstyle.filters.TextBlock>;com.puppycrawl.tools.checkstyle.filters.SuppressWithNearbyCommentFilter.Tag;FileContents
com.puppycrawl.tools.checkstyle.filters.SuppressionsLoaderTest;0
com.puppycrawl.tools.checkstyle.checks.coding.EmptyStatementCheckTest;0
com.puppycrawl.tools.checkstyle.checks.coding.ExplicitInitializationCheck;1;DetailAST
com.puppycrawl.tools.checkstyle.checks.coding.ParameterAssignmentCheckTest;0
com.puppycrawl.tools.checkstyle.checks.whitespace.EmptyForIteratorPadCheckTest;0
com.puppycrawl.tools.checkstyle.checks.regexp.RegexpSinglelineCheckTest;0
Input15Extensions;0
com.puppycrawl.tools.checkstyle.checks.TranslationCheckTest;1;Configuration
com.puppycrawl.tools.checkstyle.checks.indentation.TryHandler;3;ExpressionHandler;DetailAST;IndentationCheck
com.puppycrawl.tools.checkstyle.checks.naming.AbstractClassName;0
com.puppycrawl.tools.checkstyle.checks.imports.RedundantImportCheck;1;DetailAST
com.puppycrawl.tools.checkstyle.checks.imports.AvoidStaticImportTest;0
com.puppycrawl.tools.checkstyle.checks.coding.JUnitTestCaseCheckTest;0
com.puppycrawl.tools.checkstyle.grammars.LineCommentAtTheEndOfFileTest;0
com.puppycrawl.tools.checkstyle.imports.InputImportOrder_Bottom;0
com.puppycrawl.tools.checkstyle.checks.regexp.DetectorOptions;2;AbstractViolationReporter;MatchSuppressor
com.puppycrawl.tools.checkstyle.PropertySetter2;0
com.puppycrawl.tools.checkstyle.doclets.CheckDocsDoclet;5;java.lang.StringBuffer;com.sun.javadoc.ClassDoc;com.sun.javadoc.RootDoc;java.io.PrintWriter;java.lang.String[][]
com.puppycrawl.tools.checkstyle.checks.annotation.SuppressWarningsTest;0
com.puppycrawl.tools.checkstyle.checks.coding.IllegalTokenCheck;1;DetailAST
InputValidAssignIndent;1;java.lang.String[]
com.puppycrawl.tools.checkstyle.InputGenericWhitespaceCheck;5;T;java.util.List<T>;java.lang.Runnable;java.lang.Class<?>;com.puppycrawl.tools.checkstyle.InputGenericWhitespaceCheck
com.puppycrawl.tools.checkstyle.checks.coding.Test;0
com.puppycrawl.tools.checkstyle.gui.ParseTreeModel;2;java.lang.Object;DetailAST
PackageClass;0
com.puppycrawl.tools.checkstyle.indentation.InputValidLabelIndent;0
com.puppycrawl.tools.checkstyle.checks.metrics.BooleanExpressionComplexityCheckTestInput;1;java.lang.Object
com.puppycrawl.tools.checkstyle.coding.AbstractClass;0
com.puppycrawl.tools.checkstyle.InputWhitespace;1;java.lang.Runnable
com.puppycrawl.tools.checkstyle.checks.blocks.LeftCurlyCheckTest;0
com.puppycrawl.tools.checkstyle.checks.whitespace.EmptyForIteratorPadCheck;1;DetailAST
com.puppycrawl.tools.checkstyle.InputUncommentedMain;1;java.lang.String[]
com.puppycrawl.tools.checkstyle.ConfigurationLoader;5;java.io.InputStream;PropertyResolver;java.util.List<java.lang.String>;org.xml.sax.InputSource;org.xml.sax.Attributes
com.puppycrawl.tools.checkstyle.indentation.InputValidIfIndent;0
com.puppycrawl.tools.checkstyle.checks.javadoc.JavadocVariableCheckTest;0
com.puppycrawl.tools.checkstyle.indentation.InputValidClassDefIndent2;0
com.puppycrawl.tools.checkstyle.filters.SeverityMatchFilterTest;0
com.puppycrawl.tools.checkstyle.indentation.InputValidClassDefIndent3;0
com.puppycrawl.tools.checkstyle.checks.naming.LocalVariableNameCheck;1;DetailAST
com.puppycrawl.tools.checkstyle.checks.coding.CovariantEqualsCheck;1;DetailAST
com.puppycrawl.tools.checkstyle.checks.UncommentedMainCheckTest;0
com.puppycrawl.tools.checkstyle.doclets.TokenTypesDoclet;3;com.sun.javadoc.DocErrorReporter;com.sun.javadoc.RootDoc;java.lang.String[][]
com.puppycrawl.tools.checkstyle.checks.imports.ImportControlLoaderTest;0
com.puppycrawl.tools.checkstyle.checks.imports.PkgControlRegExpTest;0
com.puppycrawl.tools.checkstyle.checks.imports.ImportControlCheckRegExTest;0
com.puppycrawl.tools.checkstyle.InputArrayTypeStyle;1;java.lang.String[]
com.puppycrawl.tools.checkstyle.indentation.InputInvalidBlockIndent;0
com.puppycrawl.tools.checkstyle.checks.DescendantTokenCheck;3;AST;java.lang.String[];DetailAST
com.puppycrawl.tools.checkstyle.checks.javadoc.TagParser;3;com.puppycrawl.tools.checkstyle.checks.javadoc.TagParser.Point;java.lang.String[];HtmlTag
com.puppycrawl.tools.checkstyle.indentation.InputValidClassDefIndent5;0
com.puppycrawl.tools.checkstyle.checks.indentation.ForHandler;3;ExpressionHandler;DetailAST;IndentationCheck
com.puppycrawl.tools.checkstyle.checks.regexp.RegexpSinglelineJavaCheckTest;0
com.puppycrawl.tools.checkstyle.indentation.InputValidClassDefIndent4;0
com.puppycrawl.tools.checkstyle.grammars.InputJava7MultiCatch;2;java.lang.Exception;java.lang.String[]
com.puppycrawl.tools.checkstyle.checks.javadoc.JavadocTypeCheckTest;0
com.puppycrawl.tools.checkstyle.indentation.InputValidClassDefIndent6;0
com.puppycrawl.tools.checkstyle.checks.coding.NestedTryDepthCheckTest;0
InputUnnecessaryParentheses;1;InputUnnecessaryParentheses.TypeA
com.puppycrawl.tools.checkstyle.checks.annotation.MissingDeprecatedCheck;2;TextBlock;DetailAST
com.puppycrawl.tools.checkstyle.coding.Bug2123003;0
com.puppycrawl.tools.checkstyle.checks.RegexpCheckTest;0
com.puppycrawl.tools.checkstyle.api.FullIdent;2;DetailAST;com.puppycrawl.tools.checkstyle.api.FullIdent
com.puppycrawl.tools.checkstyle.indentation.InputValidDoWhileIndent;0
com.puppycrawl.tools.checkstyle.api.DetailASTTest;2;DetailAST;java.io.File
com.puppycrawl.tools.checkstyle.checks.naming.InputAbstractClassName;0
InputImportOrderCaseInsensitive;0
com.puppycrawl.tools.checkstyle.gui.AbstractTreeTableModel;5;java.lang.Object[];java.lang.Object;javax.swing.event.TreeModelListener;int[];javax.swing.tree.TreePath
com.puppycrawl.tools.checkstyle.grammars.HexFloatsTest;0
com.puppycrawl.tools.checkstyle.checks.sizes.OuterTypeNumberCheckTest;0
com.puppycrawl.tools.checkstyle.checks.coding.IllegalTypeCheck;2;java.lang.String[];DetailAST
com.puppycrawl.tools.checkstyle.checks.coding.OneStatementPerLineCheck;1;DetailAST
com.puppycrawl.tools.checkstyle.annotation.SuppressWarningsCompact;0
com.puppycrawl.tools.checkstyle.grammars.InputHexFloat;0
com.puppycrawl.tools.checkstyle.checks.coding.MultipleVariableDeclarationsCheckTest;0
com.puppycrawl.tools.checkstyle.filters.IntMatchFilterTest;0
com.puppycrawl.tools.checkstyle.checks.AbstractTypeAwareCheck;7;java.lang.Object;java.lang.Class<?>;com.puppycrawl.tools.checkstyle.checks.AbstractTypeAwareCheck;DetailAST;FullIdent;com.puppycrawl.tools.checkstyle.checks.AbstractTypeAwareCheck.Token;com.puppycrawl.tools.checkstyle.checks.AbstractTypeAwareCheck.ClassInfo
com.puppycrawl.tools.checkstyle.api.AuditEvent;2;java.lang.Object;LocalizedMessage
com.puppycrawl.tools.checkstyle.InputJavadocStyleCheck;0
com.puppycrawl.tools.checkstyle.filters.SeverityMatchFilter;1;AuditEvent
com.puppycrawl.tools.checkstyle.gui.FileDrop;7;java.awt.dnd.DropTargetDropEvent;java.awt.Component;com.puppycrawl.tools.checkstyle.gui.FileDrop.Listener;javax.swing.border.Border;java.awt.dnd.DropTargetDragEvent;java.awt.dnd.DropTargetEvent;java.awt.event.HierarchyEvent
com.puppycrawl.tools.checkstyle.checks.coding.NestedIfDepthCheckTest;0
com.puppycrawl.tools.checkstyle.api.AbstractFileSetCheck;5;java.lang.Object;MessageDispatcher;java.util.List<java.lang.String>;java.lang.String[];java.io.File
com.puppycrawl.tools.checkstyle.InputLeftCurlyAnnotations;1;java.lang.Object
com.puppycrawl.tools.checkstyle.filters.IntRangeFilter;1;java.lang.Object
com.puppycrawl.tools.checkstyle.checks.coding.InputJUnitTest;0
com.puppycrawl.tools.checkstyle.PropertyCacheFile;4;java.io.OutputStream;Configuration;java.io.Serializable;byte[]
blah.InputRegexpSmallHeader;0
com.puppycrawl.tools.checkstyle.annotation.AnnotationUseNoTrailingComma;0
com.puppycrawl.tools.checkstyle.InputModifiedControl;0
com.puppycrawl.tools.checkstyle.checks.whitespace.WhitespaceAroundCheck;1;DetailAST
com.puppycrawl.tools.checkstyle.InputHiddenField;0
com.puppycrawl.tools.checkstyle.annotation.GoodAnnonOverride;1;java.lang.Runnable
com.puppycrawl.tools.checkstyle.checks.javadoc.JavadocMethodCheck;6;TextBlock;java.util.List<com.puppycrawl.tools.checkstyle.checks.javadoc.JavadocMethodCheck.ExceptionInfo>;DetailAST;Token;java.util.List<com.puppycrawl.tools.checkstyle.checks.javadoc.JavadocTag>;Scope
com.puppycrawl.tools.checkstyle.checks.coding.EqualsHashCodeCheckTest;0
com.puppycrawl.tools.checkstyle.indentation.OperatorHelper;0
com.puppycrawl.tools.checkstyle.design.HideUtilityClassContructor3041574_3;0
com.puppycrawl.tools.checkstyle.design.HideUtilityClassContructor3041574_2;0
com.puppycrawl.tools.checkstyle.checks.coding.InputParameterAssignment;0
com.puppycrawl.tools.checkstyle.checks.metrics.ClassFanOutComplexityCheck;0
com.puppycrawl.tools.checkstyle.checks.whitespace.OperatorWrapCheck;1;DetailAST
com.puppycrawl.tools.checkstyle.coding.InnerClone;0
com.puppycrawl.tools.checkstyle.design.HideUtilityClassContructor3041574_1;0
com.puppycrawl.tools.checkstyle.grammars.EofBug1667137;1;T
com.puppycrawl.tools.checkstyle.annotation.GoodDeprecated;0
com.puppycrawl.tools.checkstyle.grammars.UnicodeEscape;0
com.puppycrawl.tools.checkstyle.coding.CloneWithTypeArgumentsAndNoSuper;0
com.puppycrawl.tools.checkstyle.checks.coding.IllegalTokenTextCheck;1;DetailAST
com.puppycrawl.tools.checkstyle.api.DetailAST;3;AST;com.puppycrawl.tools.checkstyle.api.DetailAST;Token
com.puppycrawl.tools.checkstyle.checks.coding.InputIllegalCatchCheck;0
com.puppycrawl.tools.checkstyle.InputNestedBlocks;0
com.puppycrawl.tools.checkstyle.checks.naming.NonAbstractClassName;0
com.puppycrawl.tools.checkstyle.checks.header.RegexpHeaderCheck;3;java.util.List<java.lang.String>;int[];java.io.File
com.puppycrawl.tools.checkstyle.checks.design.HideUtilityClassConstructorCheckTest;0
com.puppycrawl.tools.checkstyle.checks.coding.EqualsAvoidNullCheck;2;AST;DetailAST
com.puppycrawl.tools.checkstyle.indentation.InputInvalidIfIndent;0
com.puppycrawl.tools.checkstyle.checks.coding.IllegalTokenTextCheckTest;0
com.puppycrawl.tools.checkstyle.checks.coding.MissingCtorCheck;1;DetailAST
com.puppycrawl.tools.checkstyle.grammars.UnicodeEscapeTest;0
com.puppycrawl.tools.checkstyle.checks.whitespace.EmptyForInitializerPadCheckTest;0
com.puppycrawl.tools.checkstyle.checks.sizes.AnonInnerLengthCheckTest;0
com.puppycrawl.tools.checkstyle.checks.coding.DefaultComesLastCheckTest;0
com.puppycrawl.tools.checkstyle.checks.whitespace.NoWhitespaceAfterCheckTest;0
com.puppycrawl.tools.checkstyle.checks.naming.NonAbstractClass;0
com.puppycrawl.tools.checkstyle.checks.coding.EqualsAvoidNullTest;0
com.puppycrawl.tools.checkstyle.checks.regexp.MultilineDetector;2;FileText;DetectorOptions
com.puppycrawl.tools.checkstyle.checks.javadoc.JavadocStyleCheckTest;0
com.puppycrawl.tools.checkstyle.checks.whitespace.NoWhitespaceBeforeCheckTest;0
com.puppycrawl.tools.checkstyle.checks.coding.MagicNumberCheckTest;0
com.puppycrawl.tools.checkstyle.checks.imports.AvoidStaticImportCheck;2;java.lang.String[];DetailAST
com.puppycrawl.tools.checkstyle.UtilsTest;0
com.puppycrawl.tools.checkstyle.grammars.Bug3553541;0
com.puppycrawl.tools.checkstyle.checks.design.InputNonUtilityClass;0
com.puppycrawl.tools.checkstyle.inputHeader;0
com.puppycrawl.tools.checkstyle.InputScopeInnerClasses;0
com.puppycrawl.tools.checkstyle.checks.coding.HiddenFieldCheck;2;com.puppycrawl.tools.checkstyle.checks.coding.HiddenFieldCheck.FieldFrame;DetailAST
com.puppycrawl.tools.checkstyle.checks.indentation.ImportHandler;3;ExpressionHandler;DetailAST;IndentationCheck
com.puppycrawl.tools.checkstyle.grammars.Java7StringSwitchTest;0
com.puppycrawl.tools.checkstyle.checks.indentation.ExpressionHandler;6;com.puppycrawl.tools.checkstyle.checks.indentation.ExpressionHandler;IndentLevel;int[];LineSet;DetailAST;IndentationCheck
com.puppycrawl.tools.checkstyle.api.LocalizedMessages;1;LocalizedMessage
com.puppycrawl.tools.checkstyle.checks.coding.IllegalTypeCheckTest;0
com.puppycrawl.tools.checkstyle.checks.indentation.DoWhileHandler;3;ExpressionHandler;DetailAST;IndentationCheck
com.puppycrawl.tools.checkstyle.checks.coding.IllegalThrowsCheck;2;java.lang.String[];DetailAST
com.puppycrawl.tools.checkstyle.checks.sizes.ExecutableStatementCountCheck;1;DetailAST
com.puppycrawl.tools.checkstyle.Operation2;0
com.puppycrawl.tools.checkstyle.filters.SuppressElement;2;java.lang.Object;AuditEvent
com.puppycrawl.tools.checkstyle.indentation.InputBraceAdjustment;0
com.puppycrawl.tools.checkstyle.InputEmptyStatement;0
com.puppycrawl.tools.checkstyle.checks.imports.ImportControlCheck;1;DetailAST
com.puppycrawl.tools.checkstyle.checks.coding.IllegalTokenCheckTest;0
com.puppycrawl.tools.checkstyle.checks.TrailingCommentCheckTest;0
InputNestedTryDepth;0
com.puppycrawl.tools.checkstyle.coding.InputInnerAssignment;1;java.io.InputStream
com.puppycrawl.tools.checkstyle.DefaultContext;1;java.lang.Object
com.puppycrawl.tools.checkstyle.checks.naming.AbstractClassName2;0
Shorty;0
com.puppycrawl.tools.checkstyle.checks.coding.ModifiedControlVariableCheckTest;0
com.puppycrawl.tools.checkstyle.indentation.InputInvalidForIndent;0
com.puppycrawl.tools.checkstyle.checks.sizes.MethodCountCheck;3;DetailAST;com.puppycrawl.tools.checkstyle.checks.sizes.MethodCountCheck.MethodCounter;Scope
com.puppycrawl.tools.checkstyle.checks.indentation.MethodCallHandler;3;ExpressionHandler;DetailAST;IndentationCheck
com.puppycrawl.tools.checkstyle.checks.FinalParametersCheckTest;0
com.puppycrawl.tools.checkstyle.checks.coding.MultipleStringLiteralsCheck;2;java.lang.String[];DetailAST
com.puppycrawl.tools.checkstyle.checks.javadoc.BadCls;0
com.puppycrawl.tools.checkstyle.coding.InputFinalLocalVariable;0
com.puppycrawl.tools.checkstyle.testinput.coding.InputNestedForDepth;0
com.puppycrawl.tools.checkstyle.coding.MyClassWithGenericSuperMethod;2;java.util.List<? super java.util.Map>;java.lang.Object
com.puppycrawl.tools.checkstyle.InputJavadocType;0
com.puppycrawl.tools.checkstyle.checks.imports.PkgControlTest;0
com.puppycrawl.tools.checkstyle.checks.coding.BadTest3;0
com.puppycrawl.tools.checkstyle.checks.coding.ParameterAssignmentCheck;1;DetailAST
com.puppycrawl.tools.checkstyle.checks.coding.BadTest2;0
com.puppycrawl.tools.checkstyle.checks.coding.UnnecessaryParenthesesCheckTest;0
com.puppycrawl.tools.checkstyle.checks.annotation.PackageAnnotationTest;0
com.puppycrawl.tools.checkstyle.StaticFields;0
com.puppycrawl.tools.checkstyle.SpecialCasesInForLoop;0
com.puppycrawl.tools.checkstyle.Foo;0
com.puppycrawl.tools.checkstyle.InputGenerics;0
com.puppycrawl.tools.checkstyle.checks.coding.RequireThisCheck;1;DetailAST
com.puppycrawl.tools.checkstyle.checks.whitespace.AbstractParenPadCheck;1;DetailAST
com.puppycrawl.tools.checkstyle.annotation.AnnotationUseWithTrailingComma;0
com.puppycrawl.tools.checkstyle.annotation.BadPackageAnnotation1;0
com.puppycrawl.tools.checkstyle.annotation.BadPackageAnnotation2;0
com.puppycrawl.tools.checkstyle.checks.whitespace.WhitespaceAroundTest;0
com.puppycrawl.tools.checkstyle.checks.coding.AbstractSuperCheck;1;DetailAST
InputImportOrder_Wildcard;0
com.puppycrawl.tools.checkstyle.InputAnonInnerLength;2;java.awt.event.MouseEvent;int[]
com.puppycrawl.tools.checkstyle.checks.coding.ReturnCountCheckTest;0
com.puppycrawl.tools.checkstyle.checks.coding.HiddenFieldCheckTest;0
com.puppycrawl.tools.checkstyle.checks.header.H2;0
InputNestedIfDepth;0
com.puppycrawl.tools.checkstyle.checks.header.H1;0
com.puppycrawl.tools.checkstyle.checks.sizes.MethodCountCheckTest;0
com.puppycrawl.tools.checkstyle.checks.imports.IllegalImportCheckTest;0
com.puppycrawl.tools.checkstyle.indentation.InputValidTryResourcesIndent;0
com.puppycrawl.tools.checkstyle.checks.coding.ReturnCountCheck;1;DetailAST
com.puppycrawl.tools.checkstyle.checks.blocks.AvoidNestedBlocksCheck;1;DetailAST
com.puppycrawl.tools.checkstyle.LongHex;0
com.puppycrawl.tools.checkstyle.BaseCheckTestSupport;7;Checker;java.lang.Class<?>;java.io.File[];AuditEvent;java.lang.String[];Configuration;java.io.OutputStream
TestGenerics;0
com.puppycrawl.tools.checkstyle.checks.naming.ParameterNameCheckTest;0
com.puppycrawl.tools.checkstyle.checks.metrics.ClassDataAbstractionCouplingCheckTest;0
