de.tudarmstadt.ukp.wikipedia.revisionmachine.index.Indexer;10;de.tudarmstadt.ukp.wikipedia.revisionmachine.api.RevisionAPIConfiguration;de.tudarmstadt.ukp.wikipedia.revisionmachine.api.RevisionApi;java.sql.Connection;de.tudarmstadt.ukp.wikipedia.revisionmachine.difftool.config.OutputTypes;DatabaseConfiguration;de.tudarmstadt.ukp.wikipedia.revisionmachine.api.Revision;java.lang.String[];java.sql.Timestamp;java.lang.Integer;java.util.Collection<de.tudarmstadt.ukp.wikipedia.revisionmachine.difftool.data.tasks.content.DiffPart>
de.tudarmstadt.ukp.wikipedia.revisionmachine.index.IndexGenerator;4;de.tudarmstadt.ukp.wikipedia.revisionmachine.api.RevisionAPIConfiguration;DatabaseConfiguration;de.tudarmstadt.ukp.wikipedia.revisionmachine.difftool.config.OutputTypes;java.lang.String[]
de.tudarmstadt.ukp.wikipedia.revisionmachine.difftool.consumer.diff.calculation.BlockManagement;3;de.tudarmstadt.ukp.wikipedia.revisionmachine.difftool.consumer.diff.calculation.DiffBlock;char[];java.util.ArrayList<de.tudarmstadt.ukp.wikipedia.revisionmachine.difftool.consumer.diff.calculation.DiffBlock>
de.tudarmstadt.ukp.wikipedia.revisionmachine.index.indices.ChronoIndexData;2;de.tudarmstadt.ukp.wikipedia.revisionmachine.index.indices.ChronoIndexData;java.lang.Object
de.tudarmstadt.ukp.wikipedia.revisionmachine.common.exceptions.ConfigurationException;2;de.tudarmstadt.ukp.wikipedia.revisionmachine.common.exceptions.ErrorKeys;java.lang.Exception
de.tudarmstadt.ukp.wikipedia.revisionmachine.difftool.consumer.sql.SQLEscape;0
de.tudarmstadt.ukp.wikipedia.revisionmachine.difftool.config.gui.panels.OutputPanel;21;de.tudarmstadt.ukp.wikipedia.revisionmachine.difftool.config.gui.control.ComponentRegistry;java.lang.Object;de.tudarmstadt.ukp.wikipedia.revisionmachine.difftool.data.archive.ArchiveDescription;de.tudarmstadt.ukp.wikipedia.revisionmachine.difftool.config.gui.data.PanelKeys;java.awt.event.ActionEvent;java.lang.StringBuilder;de.tudarmstadt.ukp.wikipedia.revisionmachine.difftool.config.gui.data.OutputCompressionEnum;de.tudarmstadt.ukp.wikipedia.revisionmachine.difftool.config.gui.data.ConfigErrorKeys;de.tudarmstadt.ukp.wikipedia.revisionmachine.difftool.data.archive.InputType;de.tudarmstadt.ukp.wikipedia.revisionmachine.difftool.data.SurrogateModes;de.tudarmstadt.ukp.wikipedia.revisionmachine.difftool.config.gui.control.ConfigSettings;de.tudarmstadt.ukp.wikipedia.revisionmachine.difftool.config.gui.data.ConfigItemTypes;de.tudarmstadt.ukp.wikipedia.revisionmachine.difftool.config.gui.control.ConfigVerification;de.tudarmstadt.ukp.wikipedia.revisionmachine.difftool.config.gui.ConfigGUI;de.tudarmstadt.ukp.wikipedia.revisionmachine.difftool.config.gui.panels.AbstractPanel;java.lang.String[];de.tudarmstadt.ukp.wikipedia.revisionmachine.difftool.config.gui.control.ConfigController;java.awt.Graphics;de.tudarmstadt.ukp.wikipedia.revisionmachine.difftool.config.gui.data.ConfigEnum;de.tudarmstadt.ukp.wikipedia.revisionmachine.difftool.config.ConfigurationKeys;de.tudarmstadt.ukp.wikipedia.revisionmachine.difftool.config.gui.data.ConfigItem
de.tudarmstadt.ukp.wikipedia.revisionmachine.common.util.Time;0
de.tudarmstadt.ukp.wikipedia.revisionmachine.difftool.config.gui.panels.ExternalProgramsPanel;21;de.tudarmstadt.ukp.wikipedia.revisionmachine.difftool.config.gui.control.ComponentRegistry;java.lang.Object;de.tudarmstadt.ukp.wikipedia.revisionmachine.difftool.data.archive.ArchiveDescription;de.tudarmstadt.ukp.wikipedia.revisionmachine.difftool.config.gui.data.PanelKeys;java.awt.event.ActionEvent;java.lang.StringBuilder;de.tudarmstadt.ukp.wikipedia.revisionmachine.difftool.config.gui.data.OutputCompressionEnum;de.tudarmstadt.ukp.wikipedia.revisionmachine.difftool.config.gui.data.ConfigErrorKeys;de.tudarmstadt.ukp.wikipedia.revisionmachine.difftool.data.archive.InputType;de.tudarmstadt.ukp.wikipedia.revisionmachine.difftool.data.SurrogateModes;de.tudarmstadt.ukp.wikipedia.revisionmachine.difftool.config.gui.control.ConfigSettings;de.tudarmstadt.ukp.wikipedia.revisionmachine.difftool.config.gui.data.ConfigItemTypes;de.tudarmstadt.ukp.wikipedia.revisionmachine.difftool.config.gui.control.ConfigVerification;de.tudarmstadt.ukp.wikipedia.revisionmachine.difftool.config.gui.ConfigGUI;de.tudarmstadt.ukp.wikipedia.revisionmachine.difftool.config.gui.panels.AbstractPanel;java.lang.String[];de.tudarmstadt.ukp.wikipedia.revisionmachine.difftool.config.gui.control.ConfigController;java.awt.Graphics;de.tudarmstadt.ukp.wikipedia.revisionmachine.difftool.config.gui.data.ConfigEnum;de.tudarmstadt.ukp.wikipedia.revisionmachine.difftool.config.ConfigurationKeys;de.tudarmstadt.ukp.wikipedia.revisionmachine.difftool.config.gui.data.ConfigItem
de.tudarmstadt.ukp.wikipedia.revisionmachine.api.ChronoRevisionIterator;4;de.tudarmstadt.ukp.wikipedia.revisionmachine.api.RevisionAPIConfiguration;DatabaseConfiguration;de.tudarmstadt.ukp.wikipedia.revisionmachine.difftool.config.OutputTypes;java.lang.String[]
de.tudarmstadt.ukp.wikipedia.revisionmachine.difftool.consumer.article.reader.InputFactory;5;de.tudarmstadt.ukp.wikipedia.revisionmachine.difftool.consumer.article.reader.ArticleFilter;de.tudarmstadt.ukp.wikipedia.revisionmachine.difftool.data.archive.ArchiveDescription;de.tudarmstadt.ukp.wikipedia.revisionmachine.difftool.data.archive.InputType;java.util.Map<java.lang.Integer,java.lang.String>;java.util.Collection<java.lang.Integer>
de.tudarmstadt.ukp.wikipedia.revisionmachine.difftool.consumer.sql.codec.SQLEncoder;14;char[];java.util.logging.Level;java.sql.Timestamp;java.lang.Integer;de.tudarmstadt.ukp.wikipedia.revisionmachine.difftool.data.tasks.content.DiffPart;de.tudarmstadt.ukp.wikipedia.revisionmachine.difftool.data.codec.RevisionCodecData;de.tudarmstadt.ukp.wikipedia.revisionmachine.common.logging.LoggerType;java.lang.Error;de.tudarmstadt.ukp.wikipedia.revisionmachine.difftool.data.tasks.content.DiffAction;java.lang.Exception;java.lang.Throwable;de.tudarmstadt.ukp.wikipedia.revisionmachine.difftool.data.tasks.content.Diff;de.tudarmstadt.ukp.wikipedia.revisionmachine.common.logging.Logger;de.tudarmstadt.ukp.wikipedia.revisionmachine.difftool.data.tasks.Task<de.tudarmstadt.ukp.wikipedia.revisionmachine.difftool.data.tasks.content.Diff>
de.tudarmstadt.ukp.wikipedia.revisionmachine.index.indices.ArticleIndex;1;java.util.List<de.tudarmstadt.ukp.wikipedia.revisionmachine.index.indices.ArticleIndexData>
de.tudarmstadt.ukp.wikipedia.revisionmachine.index.indices.AbstractIndex;0
de.tudarmstadt.ukp.wikipedia.revisionmachine.api.Contributor;2;java.util.List<java.lang.String>;java.lang.Integer
de.tudarmstadt.ukp.wikipedia.revisionmachine.common.util.MultipleKeywordTree;1;V
de.tudarmstadt.ukp.wikipedia.revisionmachine.common.logging.messages.consumer.ArticleConsumerLogMessages;13;de.tudarmstadt.ukp.wikipedia.revisionmachine.difftool.data.tasks.Task<de.tudarmstadt.ukp.wikipedia.revisionmachine.api.Revision>;de.tudarmstadt.ukp.wikipedia.revisionmachine.difftool.data.archive.ArchiveDescription;java.util.logging.Level;de.tudarmstadt.ukp.wikipedia.revisionmachine.difftool.data.archive.InputType;de.tudarmstadt.ukp.wikipedia.revisionmachine.common.logging.LoggerType;de.tudarmstadt.ukp.wikipedia.revisionmachine.common.exceptions.ArticleReaderException;java.lang.Error;java.lang.OutOfMemoryError;de.tudarmstadt.ukp.wikipedia.revisionmachine.difftool.consumer.article.ArticleReaderInterface;java.lang.Exception;java.lang.Throwable;de.tudarmstadt.ukp.wikipedia.revisionmachine.common.logging.Logger;de.tudarmstadt.ukp.wikipedia.revisionmachine.difftool.data.tasks.TaskTypes
de.tudarmstadt.ukp.wikipedia.revisionmachine.index.indices.ArticleIndexData;0
de.tudarmstadt.ukp.wikipedia.revisionmachine.difftool.consumer.sql.codec.SQLEncoding;2;java.lang.CharSequence;byte[]
de.tudarmstadt.ukp.wikipedia.revisionmachine.common.logging.LoggingFactory;1;de.tudarmstadt.ukp.wikipedia.revisionmachine.common.logging.LoggerType
de.tudarmstadt.ukp.wikipedia.revisionmachine.difftool.config.gui.panels.AbstractPanel;20;de.tudarmstadt.ukp.wikipedia.revisionmachine.difftool.config.gui.control.ComponentRegistry;java.lang.Object;de.tudarmstadt.ukp.wikipedia.revisionmachine.difftool.data.archive.ArchiveDescription;de.tudarmstadt.ukp.wikipedia.revisionmachine.difftool.config.gui.data.PanelKeys;java.lang.StringBuilder;de.tudarmstadt.ukp.wikipedia.revisionmachine.difftool.config.gui.data.OutputCompressionEnum;de.tudarmstadt.ukp.wikipedia.revisionmachine.difftool.config.gui.data.ConfigErrorKeys;de.tudarmstadt.ukp.wikipedia.revisionmachine.difftool.data.archive.InputType;de.tudarmstadt.ukp.wikipedia.revisionmachine.difftool.data.SurrogateModes;de.tudarmstadt.ukp.wikipedia.revisionmachine.difftool.config.gui.control.ConfigSettings;de.tudarmstadt.ukp.wikipedia.revisionmachine.difftool.config.gui.data.ConfigItemTypes;de.tudarmstadt.ukp.wikipedia.revisionmachine.difftool.config.gui.control.ConfigVerification;de.tudarmstadt.ukp.wikipedia.revisionmachine.difftool.config.gui.ConfigGUI;de.tudarmstadt.ukp.wikipedia.revisionmachine.difftool.config.gui.panels.AbstractPanel;java.lang.String[];de.tudarmstadt.ukp.wikipedia.revisionmachine.difftool.config.gui.control.ConfigController;java.awt.Graphics;de.tudarmstadt.ukp.wikipedia.revisionmachine.difftool.config.gui.data.ConfigEnum;de.tudarmstadt.ukp.wikipedia.revisionmachine.difftool.config.ConfigurationKeys;de.tudarmstadt.ukp.wikipedia.revisionmachine.difftool.config.gui.data.ConfigItem
de.tudarmstadt.ukp.wikipedia.revisionmachine.difftool.config.simpleconfig.SimpleConfig;0
de.tudarmstadt.ukp.wikipedia.revisionmachine.difftool.DiffToolThread;7;de.tudarmstadt.ukp.wikipedia.revisionmachine.difftool.config.gui.control.ConfigSettings;java.lang.Object;de.tudarmstadt.ukp.wikipedia.revisionmachine.difftool.data.archive.ArchiveDescription;de.tudarmstadt.ukp.wikipedia.revisionmachine.difftool.data.archive.InputType;de.tudarmstadt.ukp.wikipedia.revisionmachine.difftool.config.ConfigurationKeys;de.tudarmstadt.ukp.wikipedia.revisionmachine.difftool.config.gui.data.ConfigEnum;de.tudarmstadt.ukp.wikipedia.revisionmachine.difftool.data.tasks.Task<de.tudarmstadt.ukp.wikipedia.revisionmachine.difftool.data.tasks.content.Diff>
de.tudarmstadt.ukp.wikipedia.revisionmachine.common.exceptions.EncodingException;1;java.lang.Exception
de.tudarmstadt.ukp.wikipedia.revisionmachine.index.indices.TitleIndex;0
de.tudarmstadt.ukp.wikipedia.revisionmachine.common.util.MathUtilities;0
de.tudarmstadt.ukp.wikipedia.revisionmachine.api.Revision;10;de.tudarmstadt.ukp.wikipedia.revisionmachine.api.RevisionApi;de.tudarmstadt.ukp.wikipedia.revisionmachine.api.RevisionAPIConfiguration;java.sql.Connection;de.tudarmstadt.ukp.wikipedia.revisionmachine.difftool.config.OutputTypes;DatabaseConfiguration;de.tudarmstadt.ukp.wikipedia.revisionmachine.api.Revision;java.sql.Timestamp;java.lang.String[];java.lang.Integer;java.util.Collection<de.tudarmstadt.ukp.wikipedia.revisionmachine.difftool.data.tasks.content.DiffPart>
de.tudarmstadt.ukp.wikipedia.revisionmachine.difftool.config.gui.panels.SQLPanel;21;de.tudarmstadt.ukp.wikipedia.revisionmachine.difftool.config.gui.control.ComponentRegistry;java.lang.Object;de.tudarmstadt.ukp.wikipedia.revisionmachine.difftool.data.archive.ArchiveDescription;de.tudarmstadt.ukp.wikipedia.revisionmachine.difftool.config.gui.data.PanelKeys;java.awt.event.ActionEvent;java.lang.StringBuilder;de.tudarmstadt.ukp.wikipedia.revisionmachine.difftool.config.gui.data.OutputCompressionEnum;de.tudarmstadt.ukp.wikipedia.revisionmachine.difftool.config.gui.data.ConfigErrorKeys;de.tudarmstadt.ukp.wikipedia.revisionmachine.difftool.data.archive.InputType;de.tudarmstadt.ukp.wikipedia.revisionmachine.difftool.data.SurrogateModes;de.tudarmstadt.ukp.wikipedia.revisionmachine.difftool.config.gui.control.ConfigSettings;de.tudarmstadt.ukp.wikipedia.revisionmachine.difftool.config.gui.data.ConfigItemTypes;de.tudarmstadt.ukp.wikipedia.revisionmachine.difftool.config.gui.control.ConfigVerification;de.tudarmstadt.ukp.wikipedia.revisionmachine.difftool.config.gui.ConfigGUI;de.tudarmstadt.ukp.wikipedia.revisionmachine.difftool.config.gui.panels.AbstractPanel;java.lang.String[];de.tudarmstadt.ukp.wikipedia.revisionmachine.difftool.config.gui.control.ConfigController;java.awt.Graphics;de.tudarmstadt.ukp.wikipedia.revisionmachine.difftool.config.gui.data.ConfigEnum;de.tudarmstadt.ukp.wikipedia.revisionmachine.difftool.config.ConfigurationKeys;de.tudarmstadt.ukp.wikipedia.revisionmachine.difftool.config.gui.data.ConfigItem
de.tudarmstadt.ukp.wikipedia.revisionmachine.difftool.consumer.sql.writer.SQLDatabaseWriter;7;java.lang.Error;java.util.logging.Level;java.lang.Exception;java.lang.Throwable;de.tudarmstadt.ukp.wikipedia.revisionmachine.common.logging.Logger;de.tudarmstadt.ukp.wikipedia.revisionmachine.difftool.data.tasks.Task<de.tudarmstadt.ukp.wikipedia.revisionmachine.difftool.data.tasks.content.Diff>;de.tudarmstadt.ukp.wikipedia.revisionmachine.common.logging.LoggerType
de.tudarmstadt.ukp.wikipedia.revisionmachine.common.util.WikipediaXMLWriter;2;de.tudarmstadt.ukp.wikipedia.revisionmachine.difftool.data.tasks.Task<de.tudarmstadt.ukp.wikipedia.revisionmachine.api.Revision>;de.tudarmstadt.ukp.wikipedia.revisionmachine.difftool.data.tasks.Task<de.tudarmstadt.ukp.wikipedia.revisionmachine.difftool.data.tasks.content.Diff>
de.tudarmstadt.ukp.wikipedia.revisionmachine.api.chrono.ChronoStorage;14;de.tudarmstadt.ukp.wikipedia.revisionmachine.api.RevisionAPIConfiguration;de.tudarmstadt.ukp.wikipedia.revisionmachine.api.RevisionApi;DatabaseConfiguration;de.tudarmstadt.ukp.wikipedia.revisionmachine.api.Revision;java.sql.Timestamp;java.lang.Integer;java.util.Collection<de.tudarmstadt.ukp.wikipedia.revisionmachine.difftool.data.tasks.content.DiffPart>;java.util.Map<java.lang.Integer,de.tudarmstadt.ukp.wikipedia.revisionmachine.api.chrono.ChronoFullRevision>;java.util.Map<java.lang.Integer,java.lang.Integer>;de.tudarmstadt.ukp.wikipedia.revisionmachine.api.chrono.ChronoFullRevision;java.sql.Connection;de.tudarmstadt.ukp.wikipedia.revisionmachine.difftool.config.OutputTypes;java.lang.String[];de.tudarmstadt.ukp.wikipedia.revisionmachine.api.chrono.ChronoStorageBlock
de.tudarmstadt.ukp.wikipedia.revisionmachine.common.exceptions.ArticleReaderException;1;java.lang.Exception
de.tudarmstadt.ukp.wikipedia.revisionmachine.difftool.config.gui.control.ArchiveRegistry;6;de.tudarmstadt.ukp.wikipedia.revisionmachine.difftool.config.gui.control.ConfigSettings;java.lang.Object;de.tudarmstadt.ukp.wikipedia.revisionmachine.difftool.data.archive.ArchiveDescription;de.tudarmstadt.ukp.wikipedia.revisionmachine.difftool.data.archive.InputType;de.tudarmstadt.ukp.wikipedia.revisionmachine.difftool.config.gui.data.ConfigEnum;de.tudarmstadt.ukp.wikipedia.revisionmachine.difftool.config.ConfigurationKeys
de.tudarmstadt.ukp.wikipedia.revisionmachine.difftool.config.gui.ConfigGUI;1;java.lang.String[]
de.tudarmstadt.ukp.wikipedia.revisionmachine.difftool.consumer.sql.writer.TimedSQLFileWriter;7;java.lang.Error;java.util.logging.Level;java.lang.Exception;java.lang.Throwable;de.tudarmstadt.ukp.wikipedia.revisionmachine.common.logging.Logger;de.tudarmstadt.ukp.wikipedia.revisionmachine.difftool.data.tasks.Task<de.tudarmstadt.ukp.wikipedia.revisionmachine.difftool.data.tasks.content.Diff>;de.tudarmstadt.ukp.wikipedia.revisionmachine.common.logging.LoggerType
de.tudarmstadt.ukp.wikipedia.revisionmachine.difftool.config.gui.dialogs.InputDialog;21;de.tudarmstadt.ukp.wikipedia.revisionmachine.difftool.config.gui.control.ComponentRegistry;java.lang.Object;de.tudarmstadt.ukp.wikipedia.revisionmachine.difftool.data.archive.ArchiveDescription;de.tudarmstadt.ukp.wikipedia.revisionmachine.difftool.config.gui.data.PanelKeys;java.awt.event.ActionEvent;java.lang.StringBuilder;de.tudarmstadt.ukp.wikipedia.revisionmachine.difftool.config.gui.data.OutputCompressionEnum;de.tudarmstadt.ukp.wikipedia.revisionmachine.difftool.config.gui.data.ConfigErrorKeys;de.tudarmstadt.ukp.wikipedia.revisionmachine.difftool.data.archive.InputType;de.tudarmstadt.ukp.wikipedia.revisionmachine.difftool.data.SurrogateModes;de.tudarmstadt.ukp.wikipedia.revisionmachine.difftool.config.gui.control.ConfigSettings;de.tudarmstadt.ukp.wikipedia.revisionmachine.difftool.config.gui.data.ConfigItemTypes;de.tudarmstadt.ukp.wikipedia.revisionmachine.difftool.config.gui.control.ConfigVerification;de.tudarmstadt.ukp.wikipedia.revisionmachine.difftool.config.gui.ConfigGUI;de.tudarmstadt.ukp.wikipedia.revisionmachine.difftool.config.gui.panels.AbstractPanel;java.lang.String[];de.tudarmstadt.ukp.wikipedia.revisionmachine.difftool.config.gui.control.ConfigController;java.awt.Graphics;de.tudarmstadt.ukp.wikipedia.revisionmachine.difftool.config.gui.data.ConfigEnum;de.tudarmstadt.ukp.wikipedia.revisionmachine.difftool.config.ConfigurationKeys;de.tudarmstadt.ukp.wikipedia.revisionmachine.difftool.config.gui.data.ConfigItem
de.tudarmstadt.ukp.wikipedia.revisionmachine.common.util.Surrogates;1;char[]
de.tudarmstadt.ukp.wikipedia.revisionmachine.common.exceptions.LoggingException;1;java.lang.Exception
de.tudarmstadt.ukp.wikipedia.revisionmachine.api.chrono.ChronoStorageBlock;12;de.tudarmstadt.ukp.wikipedia.revisionmachine.api.chrono.ChronoFullRevision;de.tudarmstadt.ukp.wikipedia.revisionmachine.api.RevisionAPIConfiguration;de.tudarmstadt.ukp.wikipedia.revisionmachine.api.RevisionApi;java.sql.Connection;de.tudarmstadt.ukp.wikipedia.revisionmachine.difftool.config.OutputTypes;DatabaseConfiguration;de.tudarmstadt.ukp.wikipedia.revisionmachine.api.Revision;java.lang.String[];java.sql.Timestamp;java.lang.Integer;java.util.Collection<de.tudarmstadt.ukp.wikipedia.revisionmachine.difftool.data.tasks.content.DiffPart>;de.tudarmstadt.ukp.wikipedia.revisionmachine.api.chrono.ChronoStorageBlock
de.tudarmstadt.ukp.wikipedia.revisionmachine.difftool.consumer.article.reader.TimedWikipediaXMLReader;4;de.tudarmstadt.ukp.wikipedia.revisionmachine.difftool.consumer.article.reader.ArticleFilter;java.io.Reader;java.util.Map<java.lang.Integer,java.lang.String>;java.util.Collection<java.lang.Integer>
de.tudarmstadt.ukp.wikipedia.revisionmachine.difftool.consumer.sql.codec.TimedSQLEncoder;14;char[];java.util.logging.Level;java.sql.Timestamp;java.lang.Integer;de.tudarmstadt.ukp.wikipedia.revisionmachine.difftool.data.tasks.content.DiffPart;de.tudarmstadt.ukp.wikipedia.revisionmachine.difftool.data.codec.RevisionCodecData;de.tudarmstadt.ukp.wikipedia.revisionmachine.common.logging.LoggerType;java.lang.Error;de.tudarmstadt.ukp.wikipedia.revisionmachine.difftool.data.tasks.content.DiffAction;java.lang.Exception;java.lang.Throwable;de.tudarmstadt.ukp.wikipedia.revisionmachine.difftool.data.tasks.content.Diff;de.tudarmstadt.ukp.wikipedia.revisionmachine.common.logging.Logger;de.tudarmstadt.ukp.wikipedia.revisionmachine.difftool.data.tasks.Task<de.tudarmstadt.ukp.wikipedia.revisionmachine.difftool.data.tasks.content.Diff>
de.tudarmstadt.ukp.wikipedia.revisionmachine.index.indices.ChronologicOrderMapping;0
de.tudarmstadt.ukp.wikipedia.revisionmachine.difftool.consumer.diff.calculation.DiffBlock;1;de.tudarmstadt.ukp.wikipedia.revisionmachine.difftool.consumer.diff.calculation.DiffBlock
de.tudarmstadt.ukp.wikipedia.revisionmachine.difftool.config.gui.control.ConfigVerification;3;de.tudarmstadt.ukp.wikipedia.revisionmachine.difftool.config.gui.data.ConfigItemTypes;de.tudarmstadt.ukp.wikipedia.revisionmachine.difftool.config.gui.data.ConfigErrorKeys;de.tudarmstadt.ukp.wikipedia.revisionmachine.difftool.config.gui.data.ConfigItem
de.tudarmstadt.ukp.wikipedia.revisionmachine.index.indices.RevisionIndex;0
de.tudarmstadt.ukp.wikipedia.revisionmachine.index.IndexIterator;3;de.tudarmstadt.ukp.wikipedia.revisionmachine.api.RevisionAPIConfiguration;DatabaseConfiguration;de.tudarmstadt.ukp.wikipedia.revisionmachine.difftool.config.OutputTypes
de.tudarmstadt.ukp.wikipedia.revisionmachine.difftool.data.tasks.content.Diff;6;char[];de.tudarmstadt.ukp.wikipedia.revisionmachine.difftool.data.tasks.content.DiffAction;java.sql.Timestamp;de.tudarmstadt.ukp.wikipedia.revisionmachine.difftool.data.tasks.content.DiffPart;java.lang.Integer;de.tudarmstadt.ukp.wikipedia.revisionmachine.difftool.data.codec.RevisionCodecData
de.tudarmstadt.ukp.wikipedia.revisionmachine.api.RevisionApi;10;de.tudarmstadt.ukp.wikipedia.revisionmachine.api.RevisionApi;de.tudarmstadt.ukp.wikipedia.revisionmachine.api.RevisionAPIConfiguration;java.sql.Connection;de.tudarmstadt.ukp.wikipedia.revisionmachine.difftool.config.OutputTypes;DatabaseConfiguration;de.tudarmstadt.ukp.wikipedia.revisionmachine.api.Revision;java.lang.String[];java.sql.Timestamp;java.lang.Integer;java.util.Collection<de.tudarmstadt.ukp.wikipedia.revisionmachine.difftool.data.tasks.content.DiffPart>
de.tudarmstadt.ukp.wikipedia.revisionmachine.difftool.config.gui.panels.FilterPanel;21;de.tudarmstadt.ukp.wikipedia.revisionmachine.difftool.config.gui.control.ComponentRegistry;java.lang.Object;de.tudarmstadt.ukp.wikipedia.revisionmachine.difftool.config.gui.data.PanelKeys;de.tudarmstadt.ukp.wikipedia.revisionmachine.difftool.data.archive.ArchiveDescription;java.awt.event.ActionEvent;java.lang.StringBuilder;de.tudarmstadt.ukp.wikipedia.revisionmachine.difftool.config.gui.data.OutputCompressionEnum;de.tudarmstadt.ukp.wikipedia.revisionmachine.difftool.data.archive.InputType;de.tudarmstadt.ukp.wikipedia.revisionmachine.difftool.config.gui.data.ConfigErrorKeys;de.tudarmstadt.ukp.wikipedia.revisionmachine.difftool.data.SurrogateModes;de.tudarmstadt.ukp.wikipedia.revisionmachine.difftool.config.gui.control.ConfigSettings;de.tudarmstadt.ukp.wikipedia.revisionmachine.difftool.config.gui.control.ConfigVerification;de.tudarmstadt.ukp.wikipedia.revisionmachine.difftool.config.gui.data.ConfigItemTypes;de.tudarmstadt.ukp.wikipedia.revisionmachine.difftool.config.gui.ConfigGUI;de.tudarmstadt.ukp.wikipedia.revisionmachine.difftool.config.gui.panels.AbstractPanel;java.lang.String[];de.tudarmstadt.ukp.wikipedia.revisionmachine.difftool.config.gui.control.ConfigController;java.awt.Graphics;de.tudarmstadt.ukp.wikipedia.revisionmachine.difftool.config.gui.data.ConfigEnum;de.tudarmstadt.ukp.wikipedia.revisionmachine.difftool.config.ConfigurationKeys;de.tudarmstadt.ukp.wikipedia.revisionmachine.difftool.config.gui.data.ConfigItem
de.tudarmstadt.ukp.wikipedia.revisionmachine.difftool.data.codec.BitWriter;1;byte[]
de.tudarmstadt.ukp.wikipedia.revisionmachine.common.logging.messages.consumer.SQLConsumerLogMessages;9;java.lang.Error;java.lang.OutOfMemoryError;java.util.logging.Level;java.lang.Exception;java.lang.Throwable;de.tudarmstadt.ukp.wikipedia.revisionmachine.common.exceptions.SQLConsumerException;de.tudarmstadt.ukp.wikipedia.revisionmachine.common.logging.Logger;de.tudarmstadt.ukp.wikipedia.revisionmachine.difftool.data.tasks.Task<de.tudarmstadt.ukp.wikipedia.revisionmachine.difftool.data.tasks.content.Diff>;de.tudarmstadt.ukp.wikipedia.revisionmachine.common.logging.LoggerType
de.tudarmstadt.ukp.wikipedia.revisionmachine.difftool.data.tasks.content.DiffPart;1;de.tudarmstadt.ukp.wikipedia.revisionmachine.difftool.data.tasks.content.DiffAction
de.tudarmstadt.ukp.wikipedia.revisionmachine.difftool.consumer.sql.writer.OutputFactory;0
de.tudarmstadt.ukp.wikipedia.revisionmachine.difftool.config.ConfigurationManager;6;de.tudarmstadt.ukp.wikipedia.revisionmachine.difftool.config.gui.control.ConfigSettings;java.lang.Object;de.tudarmstadt.ukp.wikipedia.revisionmachine.difftool.data.archive.ArchiveDescription;de.tudarmstadt.ukp.wikipedia.revisionmachine.difftool.data.archive.InputType;de.tudarmstadt.ukp.wikipedia.revisionmachine.difftool.config.ConfigurationKeys;de.tudarmstadt.ukp.wikipedia.revisionmachine.difftool.config.gui.data.ConfigEnum
de.tudarmstadt.ukp.wikipedia.revisionmachine.difftool.data.codec.RevisionCodecData;0
de.tudarmstadt.ukp.wikipedia.revisionmachine.difftool.consumer.article.reader.ArticleFilter;2;java.util.Map<java.lang.Integer,java.lang.String>;java.util.Collection<java.lang.Integer>
de.tudarmstadt.ukp.wikipedia.revisionmachine.difftool.consumer.article.reader.WikipediaXMLReader;14;de.tudarmstadt.ukp.wikipedia.revisionmachine.api.RevisionAPIConfiguration;de.tudarmstadt.ukp.wikipedia.revisionmachine.api.RevisionApi;DatabaseConfiguration;de.tudarmstadt.ukp.wikipedia.revisionmachine.api.Revision;java.sql.Timestamp;java.lang.Integer;java.util.Collection<de.tudarmstadt.ukp.wikipedia.revisionmachine.difftool.data.tasks.content.DiffPart>;java.util.Map<java.lang.Integer,java.lang.String>;java.util.Collection<java.lang.Integer>;de.tudarmstadt.ukp.wikipedia.revisionmachine.difftool.consumer.article.reader.ArticleFilter;java.sql.Connection;de.tudarmstadt.ukp.wikipedia.revisionmachine.difftool.config.OutputTypes;java.lang.String[];java.io.Reader
de.tudarmstadt.ukp.wikipedia.revisionmachine.difftool.config.gui.panels.DebugPanel;21;de.tudarmstadt.ukp.wikipedia.revisionmachine.difftool.config.gui.control.ComponentRegistry;java.lang.Object;de.tudarmstadt.ukp.wikipedia.revisionmachine.difftool.config.gui.data.PanelKeys;de.tudarmstadt.ukp.wikipedia.revisionmachine.difftool.data.archive.ArchiveDescription;java.awt.event.ActionEvent;java.lang.StringBuilder;de.tudarmstadt.ukp.wikipedia.revisionmachine.difftool.config.gui.data.OutputCompressionEnum;de.tudarmstadt.ukp.wikipedia.revisionmachine.difftool.data.archive.InputType;de.tudarmstadt.ukp.wikipedia.revisionmachine.difftool.config.gui.data.ConfigErrorKeys;de.tudarmstadt.ukp.wikipedia.revisionmachine.difftool.data.SurrogateModes;de.tudarmstadt.ukp.wikipedia.revisionmachine.difftool.config.gui.control.ConfigSettings;de.tudarmstadt.ukp.wikipedia.revisionmachine.difftool.config.gui.control.ConfigVerification;de.tudarmstadt.ukp.wikipedia.revisionmachine.difftool.config.gui.data.ConfigItemTypes;de.tudarmstadt.ukp.wikipedia.revisionmachine.difftool.config.gui.ConfigGUI;de.tudarmstadt.ukp.wikipedia.revisionmachine.difftool.config.gui.panels.AbstractPanel;java.lang.String[];de.tudarmstadt.ukp.wikipedia.revisionmachine.difftool.config.gui.control.ConfigController;java.awt.Graphics;de.tudarmstadt.ukp.wikipedia.revisionmachine.difftool.config.gui.data.ConfigEnum;de.tudarmstadt.ukp.wikipedia.revisionmachine.difftool.config.ConfigurationKeys;de.tudarmstadt.ukp.wikipedia.revisionmachine.difftool.config.gui.data.ConfigItem
de.tudarmstadt.ukp.wikipedia.revisionmachine.difftool.config.gui.control.ConfigController;20;de.tudarmstadt.ukp.wikipedia.revisionmachine.difftool.config.gui.control.ComponentRegistry;java.lang.Object;de.tudarmstadt.ukp.wikipedia.revisionmachine.difftool.config.gui.data.PanelKeys;de.tudarmstadt.ukp.wikipedia.revisionmachine.difftool.data.archive.ArchiveDescription;java.lang.StringBuilder;de.tudarmstadt.ukp.wikipedia.revisionmachine.difftool.config.gui.data.OutputCompressionEnum;de.tudarmstadt.ukp.wikipedia.revisionmachine.difftool.config.gui.data.ConfigErrorKeys;de.tudarmstadt.ukp.wikipedia.revisionmachine.difftool.data.archive.InputType;de.tudarmstadt.ukp.wikipedia.revisionmachine.difftool.data.SurrogateModes;de.tudarmstadt.ukp.wikipedia.revisionmachine.difftool.config.gui.control.ConfigSettings;de.tudarmstadt.ukp.wikipedia.revisionmachine.difftool.config.gui.data.ConfigItemTypes;de.tudarmstadt.ukp.wikipedia.revisionmachine.difftool.config.gui.control.ConfigVerification;de.tudarmstadt.ukp.wikipedia.revisionmachine.difftool.config.gui.ConfigGUI;de.tudarmstadt.ukp.wikipedia.revisionmachine.difftool.config.gui.panels.AbstractPanel;java.lang.String[];de.tudarmstadt.ukp.wikipedia.revisionmachine.difftool.config.gui.control.ConfigController;java.awt.Graphics;de.tudarmstadt.ukp.wikipedia.revisionmachine.difftool.config.ConfigurationKeys;de.tudarmstadt.ukp.wikipedia.revisionmachine.difftool.config.gui.data.ConfigEnum;de.tudarmstadt.ukp.wikipedia.revisionmachine.difftool.config.gui.data.ConfigItem
de.tudarmstadt.ukp.wikipedia.revisionmachine.common.util.LetterNode;1;V
de.tudarmstadt.ukp.wikipedia.revisionmachine.difftool.data.codec.RevisionEncoder;7;char[];de.tudarmstadt.ukp.wikipedia.revisionmachine.difftool.data.tasks.content.DiffAction;java.sql.Timestamp;java.lang.Integer;de.tudarmstadt.ukp.wikipedia.revisionmachine.difftool.data.tasks.content.DiffPart;de.tudarmstadt.ukp.wikipedia.revisionmachine.difftool.data.tasks.content.Diff;de.tudarmstadt.ukp.wikipedia.revisionmachine.difftool.data.codec.RevisionCodecData
de.tudarmstadt.ukp.wikipedia.revisionmachine.difftool.config.gui.panels.InputPanel;21;de.tudarmstadt.ukp.wikipedia.revisionmachine.difftool.config.gui.control.ComponentRegistry;java.lang.Object;de.tudarmstadt.ukp.wikipedia.revisionmachine.difftool.config.gui.data.PanelKeys;de.tudarmstadt.ukp.wikipedia.revisionmachine.difftool.data.archive.ArchiveDescription;java.awt.event.ActionEvent;java.lang.StringBuilder;de.tudarmstadt.ukp.wikipedia.revisionmachine.difftool.config.gui.data.OutputCompressionEnum;de.tudarmstadt.ukp.wikipedia.revisionmachine.difftool.data.archive.InputType;de.tudarmstadt.ukp.wikipedia.revisionmachine.difftool.config.gui.data.ConfigErrorKeys;de.tudarmstadt.ukp.wikipedia.revisionmachine.difftool.data.SurrogateModes;de.tudarmstadt.ukp.wikipedia.revisionmachine.difftool.config.gui.control.ConfigSettings;de.tudarmstadt.ukp.wikipedia.revisionmachine.difftool.config.gui.control.ConfigVerification;de.tudarmstadt.ukp.wikipedia.revisionmachine.difftool.config.gui.data.ConfigItemTypes;de.tudarmstadt.ukp.wikipedia.revisionmachine.difftool.config.gui.ConfigGUI;de.tudarmstadt.ukp.wikipedia.revisionmachine.difftool.config.gui.panels.AbstractPanel;java.lang.String[];de.tudarmstadt.ukp.wikipedia.revisionmachine.difftool.config.gui.control.ConfigController;java.awt.Graphics;de.tudarmstadt.ukp.wikipedia.revisionmachine.difftool.config.gui.data.ConfigEnum;de.tudarmstadt.ukp.wikipedia.revisionmachine.difftool.config.ConfigurationKeys;de.tudarmstadt.ukp.wikipedia.revisionmachine.difftool.config.gui.data.ConfigItem
de.tudarmstadt.ukp.wikipedia.revisionmachine.common.logging.Logger;5;java.lang.Error;java.util.logging.Level;java.lang.Exception;java.lang.Throwable;de.tudarmstadt.ukp.wikipedia.revisionmachine.common.logging.LoggerType
de.tudarmstadt.ukp.wikipedia.revisionmachine.index.writer.DatabaseWriter;4;de.tudarmstadt.ukp.wikipedia.revisionmachine.api.RevisionAPIConfiguration;DatabaseConfiguration;de.tudarmstadt.ukp.wikipedia.revisionmachine.difftool.config.OutputTypes;de.tudarmstadt.ukp.wikipedia.revisionmachine.index.indices.AbstractIndex
de.tudarmstadt.ukp.wikipedia.revisionmachine.common.exceptions.DiffException;1;java.lang.Exception
de.tudarmstadt.ukp.wikipedia.revisionmachine.difftool.consumer.sql.writer.TimedSQLArchiveWriter;7;java.lang.Error;java.util.logging.Level;java.lang.Exception;java.lang.Throwable;de.tudarmstadt.ukp.wikipedia.revisionmachine.common.logging.Logger;de.tudarmstadt.ukp.wikipedia.revisionmachine.difftool.data.tasks.Task<de.tudarmstadt.ukp.wikipedia.revisionmachine.difftool.data.tasks.content.Diff>;de.tudarmstadt.ukp.wikipedia.revisionmachine.common.logging.LoggerType
de.tudarmstadt.ukp.wikipedia.revisionmachine.difftool.config.gui.control.ConfigSettings;5;java.lang.Object;de.tudarmstadt.ukp.wikipedia.revisionmachine.difftool.data.archive.ArchiveDescription;de.tudarmstadt.ukp.wikipedia.revisionmachine.difftool.data.archive.InputType;de.tudarmstadt.ukp.wikipedia.revisionmachine.difftool.config.gui.data.ConfigEnum;de.tudarmstadt.ukp.wikipedia.revisionmachine.difftool.config.ConfigurationKeys
de.tudarmstadt.ukp.wikipedia.revisionmachine.common.logging.messages.consumer.ConsumerLogMessages;7;java.lang.Error;java.util.logging.Level;java.lang.Exception;java.lang.Throwable;de.tudarmstadt.ukp.wikipedia.revisionmachine.common.logging.Logger;de.tudarmstadt.ukp.wikipedia.revisionmachine.common.logging.LoggerType;de.tudarmstadt.ukp.wikipedia.revisionmachine.common.exceptions.TimeoutException
de.tudarmstadt.ukp.wikipedia.revisionmachine.index.indices.TitelIDMapping;1;java.lang.String[]
de.tudarmstadt.ukp.wikipedia.revisionmachine.difftool.data.tasks.Task;3;D;de.tudarmstadt.ukp.wikipedia.revisionmachine.difftool.data.tasks.info.ArticleInformation;de.tudarmstadt.ukp.wikipedia.revisionmachine.difftool.data.tasks.TaskTypes
de.tudarmstadt.ukp.wikipedia.revisionmachine.difftool.consumer.sql.writer.SQLArchiveWriter;7;java.lang.Error;java.util.logging.Level;java.lang.Exception;java.lang.Throwable;de.tudarmstadt.ukp.wikipedia.revisionmachine.common.logging.Logger;de.tudarmstadt.ukp.wikipedia.revisionmachine.difftool.data.tasks.Task<de.tudarmstadt.ukp.wikipedia.revisionmachine.difftool.data.tasks.content.Diff>;de.tudarmstadt.ukp.wikipedia.revisionmachine.common.logging.LoggerType
de.tudarmstadt.ukp.wikipedia.revisionmachine.difftool.config.gui.panels.ConfigPanel;21;de.tudarmstadt.ukp.wikipedia.revisionmachine.difftool.config.gui.control.ComponentRegistry;java.lang.Object;de.tudarmstadt.ukp.wikipedia.revisionmachine.difftool.config.gui.data.PanelKeys;de.tudarmstadt.ukp.wikipedia.revisionmachine.difftool.data.archive.ArchiveDescription;java.awt.event.ActionEvent;java.lang.StringBuilder;de.tudarmstadt.ukp.wikipedia.revisionmachine.difftool.config.gui.data.OutputCompressionEnum;de.tudarmstadt.ukp.wikipedia.revisionmachine.difftool.data.archive.InputType;de.tudarmstadt.ukp.wikipedia.revisionmachine.difftool.config.gui.data.ConfigErrorKeys;de.tudarmstadt.ukp.wikipedia.revisionmachine.difftool.data.SurrogateModes;de.tudarmstadt.ukp.wikipedia.revisionmachine.difftool.config.gui.control.ConfigSettings;de.tudarmstadt.ukp.wikipedia.revisionmachine.difftool.config.gui.control.ConfigVerification;de.tudarmstadt.ukp.wikipedia.revisionmachine.difftool.config.gui.data.ConfigItemTypes;de.tudarmstadt.ukp.wikipedia.revisionmachine.difftool.config.gui.ConfigGUI;de.tudarmstadt.ukp.wikipedia.revisionmachine.difftool.config.gui.panels.AbstractPanel;java.lang.String[];de.tudarmstadt.ukp.wikipedia.revisionmachine.difftool.config.gui.control.ConfigController;java.awt.Graphics;de.tudarmstadt.ukp.wikipedia.revisionmachine.difftool.config.ConfigurationKeys;de.tudarmstadt.ukp.wikipedia.revisionmachine.difftool.config.gui.data.ConfigEnum;de.tudarmstadt.ukp.wikipedia.revisionmachine.difftool.config.gui.data.ConfigItem
de.tudarmstadt.ukp.wikipedia.revisionmachine.difftool.data.archive.ArchiveManager;0
de.tudarmstadt.ukp.wikipedia.revisionmachine.difftool.consumer.sql.writer.TimedSQLDatabaseWriter;7;java.lang.Error;java.util.logging.Level;java.lang.Exception;java.lang.Throwable;de.tudarmstadt.ukp.wikipedia.revisionmachine.common.logging.Logger;de.tudarmstadt.ukp.wikipedia.revisionmachine.difftool.data.tasks.Task<de.tudarmstadt.ukp.wikipedia.revisionmachine.difftool.data.tasks.content.Diff>;de.tudarmstadt.ukp.wikipedia.revisionmachine.common.logging.LoggerType
de.tudarmstadt.ukp.wikipedia.revisionmachine.difftool.config.gui.dialogs.XMLFileChooser;1;java.io.File
de.tudarmstadt.ukp.wikipedia.revisionmachine.common.exceptions.SQLConsumerException;1;java.lang.Exception
de.tudarmstadt.ukp.wikipedia.revisionmachine.api.chrono.ChronoIterator;4;de.tudarmstadt.ukp.wikipedia.revisionmachine.api.RevisionAPIConfiguration;java.sql.Connection;DatabaseConfiguration;de.tudarmstadt.ukp.wikipedia.revisionmachine.difftool.config.OutputTypes
de.tudarmstadt.ukp.wikipedia.revisionmachine.api.RevisionIterator;5;de.tudarmstadt.ukp.wikipedia.revisionmachine.api.RevisionAPIConfiguration;java.sql.Connection;de.tudarmstadt.ukp.wikipedia.revisionmachine.difftool.config.OutputTypes;DatabaseConfiguration;java.lang.String[]
de.tudarmstadt.ukp.wikipedia.revisionmachine.common.exceptions.DecodingException;1;java.lang.Exception
de.tudarmstadt.ukp.wikipedia.revisionmachine.difftool.data.codec.BitReader;1;byte[]
de.tudarmstadt.ukp.wikipedia.revisionmachine.api.chrono.ChronoFullRevision;12;de.tudarmstadt.ukp.wikipedia.revisionmachine.api.chrono.ChronoFullRevision;de.tudarmstadt.ukp.wikipedia.revisionmachine.api.RevisionApi;de.tudarmstadt.ukp.wikipedia.revisionmachine.api.RevisionAPIConfiguration;java.sql.Connection;de.tudarmstadt.ukp.wikipedia.revisionmachine.difftool.config.OutputTypes;DatabaseConfiguration;de.tudarmstadt.ukp.wikipedia.revisionmachine.api.Revision;java.sql.Timestamp;java.lang.String[];java.lang.Integer;java.util.Collection<de.tudarmstadt.ukp.wikipedia.revisionmachine.difftool.data.tasks.content.DiffPart>;de.tudarmstadt.ukp.wikipedia.revisionmachine.api.chrono.ChronoStorageBlock
de.tudarmstadt.ukp.wikipedia.revisionmachine.difftool.config.gui.dialogs.ConfigDialog;21;de.tudarmstadt.ukp.wikipedia.revisionmachine.difftool.config.gui.control.ComponentRegistry;java.lang.Object;de.tudarmstadt.ukp.wikipedia.revisionmachine.difftool.config.gui.data.PanelKeys;de.tudarmstadt.ukp.wikipedia.revisionmachine.difftool.data.archive.ArchiveDescription;java.awt.event.ActionEvent;java.lang.StringBuilder;de.tudarmstadt.ukp.wikipedia.revisionmachine.difftool.config.gui.data.OutputCompressionEnum;de.tudarmstadt.ukp.wikipedia.revisionmachine.difftool.data.archive.InputType;de.tudarmstadt.ukp.wikipedia.revisionmachine.difftool.config.gui.data.ConfigErrorKeys;de.tudarmstadt.ukp.wikipedia.revisionmachine.difftool.data.SurrogateModes;de.tudarmstadt.ukp.wikipedia.revisionmachine.difftool.config.gui.control.ConfigSettings;de.tudarmstadt.ukp.wikipedia.revisionmachine.difftool.config.gui.control.ConfigVerification;de.tudarmstadt.ukp.wikipedia.revisionmachine.difftool.config.gui.data.ConfigItemTypes;de.tudarmstadt.ukp.wikipedia.revisionmachine.difftool.config.gui.ConfigGUI;de.tudarmstadt.ukp.wikipedia.revisionmachine.difftool.config.gui.panels.AbstractPanel;java.lang.String[];de.tudarmstadt.ukp.wikipedia.revisionmachine.difftool.config.gui.control.ConfigController;java.awt.Graphics;de.tudarmstadt.ukp.wikipedia.revisionmachine.difftool.config.ConfigurationKeys;de.tudarmstadt.ukp.wikipedia.revisionmachine.difftool.config.gui.data.ConfigEnum;de.tudarmstadt.ukp.wikipedia.revisionmachine.difftool.config.gui.data.ConfigItem
de.tudarmstadt.ukp.wikipedia.revisionmachine.difftool.DiffTool;1;java.lang.String[]
de.tudarmstadt.ukp.wikipedia.revisionmachine.difftool.data.tasks.info.ArticleInformation;0
de.tudarmstadt.ukp.wikipedia.revisionmachine.difftool.consumer.diff.calculation.TimedDiffCalculator;13;de.tudarmstadt.ukp.wikipedia.revisionmachine.api.RevisionApi;de.tudarmstadt.ukp.wikipedia.revisionmachine.api.RevisionAPIConfiguration;de.tudarmstadt.ukp.wikipedia.revisionmachine.difftool.data.tasks.Task<de.tudarmstadt.ukp.wikipedia.revisionmachine.api.Revision>;DatabaseConfiguration;de.tudarmstadt.ukp.wikipedia.revisionmachine.api.Revision;java.sql.Timestamp;java.lang.Integer;de.tudarmstadt.ukp.wikipedia.revisionmachine.difftool.consumer.diff.TaskTransmitterInterface;java.util.Collection<de.tudarmstadt.ukp.wikipedia.revisionmachine.difftool.data.tasks.content.DiffPart>;java.sql.Connection;de.tudarmstadt.ukp.wikipedia.revisionmachine.difftool.config.OutputTypes;java.lang.String[];de.tudarmstadt.ukp.wikipedia.revisionmachine.difftool.data.tasks.Task<de.tudarmstadt.ukp.wikipedia.revisionmachine.difftool.data.tasks.content.Diff>
de.tudarmstadt.ukp.wikipedia.revisionmachine.common.exceptions.TimeoutException;1;java.lang.Exception
de.tudarmstadt.ukp.wikipedia.revisionmachine.api.RevisionAPIConfiguration;2;de.tudarmstadt.ukp.wikipedia.revisionmachine.difftool.config.OutputTypes;DatabaseConfiguration
de.tudarmstadt.ukp.wikipedia.revisionmachine.difftool.config.gui.control.ComponentRegistry;20;de.tudarmstadt.ukp.wikipedia.revisionmachine.difftool.config.gui.control.ComponentRegistry;java.lang.Object;de.tudarmstadt.ukp.wikipedia.revisionmachine.difftool.config.gui.data.PanelKeys;de.tudarmstadt.ukp.wikipedia.revisionmachine.difftool.data.archive.ArchiveDescription;java.lang.StringBuilder;de.tudarmstadt.ukp.wikipedia.revisionmachine.difftool.config.gui.data.OutputCompressionEnum;de.tudarmstadt.ukp.wikipedia.revisionmachine.difftool.data.archive.InputType;de.tudarmstadt.ukp.wikipedia.revisionmachine.difftool.config.gui.data.ConfigErrorKeys;de.tudarmstadt.ukp.wikipedia.revisionmachine.difftool.data.SurrogateModes;de.tudarmstadt.ukp.wikipedia.revisionmachine.difftool.config.gui.control.ConfigSettings;de.tudarmstadt.ukp.wikipedia.revisionmachine.difftool.config.gui.control.ConfigVerification;de.tudarmstadt.ukp.wikipedia.revisionmachine.difftool.config.gui.data.ConfigItemTypes;de.tudarmstadt.ukp.wikipedia.revisionmachine.difftool.config.gui.ConfigGUI;de.tudarmstadt.ukp.wikipedia.revisionmachine.difftool.config.gui.panels.AbstractPanel;de.tudarmstadt.ukp.wikipedia.revisionmachine.difftool.config.gui.control.ConfigController;java.lang.String[];java.awt.Graphics;de.tudarmstadt.ukp.wikipedia.revisionmachine.difftool.config.gui.data.ConfigEnum;de.tudarmstadt.ukp.wikipedia.revisionmachine.difftool.config.ConfigurationKeys;de.tudarmstadt.ukp.wikipedia.revisionmachine.difftool.config.gui.data.ConfigItem
de.tudarmstadt.ukp.wikipedia.revisionmachine.difftool.data.archive.ArchiveDescription;1;de.tudarmstadt.ukp.wikipedia.revisionmachine.difftool.data.archive.InputType
de.tudarmstadt.ukp.wikipedia.revisionmachine.difftool.consumer.diff.calculation.DiffCalculator;15;char[];de.tudarmstadt.ukp.wikipedia.revisionmachine.api.RevisionAPIConfiguration;de.tudarmstadt.ukp.wikipedia.revisionmachine.api.RevisionApi;de.tudarmstadt.ukp.wikipedia.revisionmachine.difftool.data.tasks.Task<de.tudarmstadt.ukp.wikipedia.revisionmachine.api.Revision>;DatabaseConfiguration;de.tudarmstadt.ukp.wikipedia.revisionmachine.api.Revision;java.sql.Timestamp;de.tudarmstadt.ukp.wikipedia.revisionmachine.difftool.consumer.diff.TaskTransmitterInterface;java.lang.Integer;java.util.Collection<de.tudarmstadt.ukp.wikipedia.revisionmachine.difftool.data.tasks.content.DiffPart>;java.sql.Connection;de.tudarmstadt.ukp.wikipedia.revisionmachine.difftool.config.OutputTypes;java.util.ArrayList<java.lang.Integer>;java.lang.String[];de.tudarmstadt.ukp.wikipedia.revisionmachine.difftool.data.tasks.Task<de.tudarmstadt.ukp.wikipedia.revisionmachine.difftool.data.tasks.content.Diff>
de.tudarmstadt.ukp.wikipedia.revisionmachine.common.util.SingleKeywordTree;1;V
de.tudarmstadt.ukp.wikipedia.revisionmachine.common.logging.messages.consumer.DiffConsumerLogMessages;10;java.lang.Error;de.tudarmstadt.ukp.wikipedia.revisionmachine.difftool.data.tasks.Task<de.tudarmstadt.ukp.wikipedia.revisionmachine.api.Revision>;java.lang.OutOfMemoryError;java.util.logging.Level;java.lang.Exception;java.lang.Throwable;de.tudarmstadt.ukp.wikipedia.revisionmachine.common.exceptions.DiffException;de.tudarmstadt.ukp.wikipedia.revisionmachine.common.logging.Logger;de.tudarmstadt.ukp.wikipedia.revisionmachine.common.logging.LoggerType;de.tudarmstadt.ukp.wikipedia.revisionmachine.difftool.data.tasks.TaskTypes
de.tudarmstadt.ukp.wikipedia.revisionmachine.difftool.config.gui.panels.CachePanel;20;de.tudarmstadt.ukp.wikipedia.revisionmachine.difftool.config.gui.control.ComponentRegistry;java.lang.Object;de.tudarmstadt.ukp.wikipedia.revisionmachine.difftool.config.gui.data.PanelKeys;de.tudarmstadt.ukp.wikipedia.revisionmachine.difftool.data.archive.ArchiveDescription;java.lang.StringBuilder;de.tudarmstadt.ukp.wikipedia.revisionmachine.difftool.config.gui.data.OutputCompressionEnum;de.tudarmstadt.ukp.wikipedia.revisionmachine.difftool.data.archive.InputType;de.tudarmstadt.ukp.wikipedia.revisionmachine.difftool.config.gui.data.ConfigErrorKeys;de.tudarmstadt.ukp.wikipedia.revisionmachine.difftool.data.SurrogateModes;de.tudarmstadt.ukp.wikipedia.revisionmachine.difftool.config.gui.control.ConfigSettings;de.tudarmstadt.ukp.wikipedia.revisionmachine.difftool.config.gui.control.ConfigVerification;de.tudarmstadt.ukp.wikipedia.revisionmachine.difftool.config.gui.data.ConfigItemTypes;de.tudarmstadt.ukp.wikipedia.revisionmachine.difftool.config.gui.ConfigGUI;de.tudarmstadt.ukp.wikipedia.revisionmachine.difftool.config.gui.panels.AbstractPanel;java.lang.String[];de.tudarmstadt.ukp.wikipedia.revisionmachine.difftool.config.gui.control.ConfigController;java.awt.Graphics;de.tudarmstadt.ukp.wikipedia.revisionmachine.difftool.config.ConfigurationKeys;de.tudarmstadt.ukp.wikipedia.revisionmachine.difftool.config.gui.data.ConfigEnum;de.tudarmstadt.ukp.wikipedia.revisionmachine.difftool.config.gui.data.ConfigItem
de.tudarmstadt.ukp.wikipedia.revisionmachine.difftool.config.gui.ConfigMenuBar;21;de.tudarmstadt.ukp.wikipedia.revisionmachine.difftool.config.gui.control.ComponentRegistry;java.lang.Object;de.tudarmstadt.ukp.wikipedia.revisionmachine.difftool.config.gui.data.PanelKeys;de.tudarmstadt.ukp.wikipedia.revisionmachine.difftool.data.archive.ArchiveDescription;java.awt.event.ActionEvent;java.lang.StringBuilder;de.tudarmstadt.ukp.wikipedia.revisionmachine.difftool.config.gui.data.OutputCompressionEnum;de.tudarmstadt.ukp.wikipedia.revisionmachine.difftool.config.gui.data.ConfigErrorKeys;de.tudarmstadt.ukp.wikipedia.revisionmachine.difftool.data.archive.InputType;de.tudarmstadt.ukp.wikipedia.revisionmachine.difftool.data.SurrogateModes;de.tudarmstadt.ukp.wikipedia.revisionmachine.difftool.config.gui.control.ConfigSettings;de.tudarmstadt.ukp.wikipedia.revisionmachine.difftool.config.gui.data.ConfigItemTypes;de.tudarmstadt.ukp.wikipedia.revisionmachine.difftool.config.gui.control.ConfigVerification;de.tudarmstadt.ukp.wikipedia.revisionmachine.difftool.config.gui.ConfigGUI;de.tudarmstadt.ukp.wikipedia.revisionmachine.difftool.config.gui.panels.AbstractPanel;java.lang.String[];de.tudarmstadt.ukp.wikipedia.revisionmachine.difftool.config.gui.control.ConfigController;java.awt.Graphics;de.tudarmstadt.ukp.wikipedia.revisionmachine.difftool.config.gui.data.ConfigEnum;de.tudarmstadt.ukp.wikipedia.revisionmachine.difftool.config.ConfigurationKeys;de.tudarmstadt.ukp.wikipedia.revisionmachine.difftool.config.gui.data.ConfigItem
de.tudarmstadt.ukp.wikipedia.revisionmachine.difftool.config.ConfigurationReader;7;de.tudarmstadt.ukp.wikipedia.revisionmachine.difftool.config.gui.control.ConfigSettings;java.lang.Object;de.tudarmstadt.ukp.wikipedia.revisionmachine.difftool.data.archive.ArchiveDescription;de.tudarmstadt.ukp.wikipedia.revisionmachine.difftool.data.archive.InputType;de.tudarmstadt.ukp.wikipedia.revisionmachine.difftool.config.gui.data.ConfigEnum;de.tudarmstadt.ukp.wikipedia.revisionmachine.difftool.config.ConfigurationKeys;org.w3c.dom.Node
de.tudarmstadt.ukp.wikipedia.revisionmachine.difftool.consumer.sql.writer.SQLFileWriter;7;java.lang.Error;java.util.logging.Level;java.lang.Exception;java.lang.Throwable;de.tudarmstadt.ukp.wikipedia.revisionmachine.common.logging.Logger;de.tudarmstadt.ukp.wikipedia.revisionmachine.difftool.data.tasks.Task<de.tudarmstadt.ukp.wikipedia.revisionmachine.difftool.data.tasks.content.Diff>;de.tudarmstadt.ukp.wikipedia.revisionmachine.common.logging.LoggerType
de.tudarmstadt.ukp.wikipedia.revisionmachine.difftool.data.codec.RevisionDecoder;3;java.io.InputStream;de.tudarmstadt.ukp.wikipedia.revisionmachine.difftool.data.codec.BitReader;byte[]
de.tudarmstadt.ukp.wikipedia.revisionmachine.archivers.Bzip2Archiver;0
de.tudarmstadt.ukp.wikipedia.revisionmachine.difftool.config.gui.panels.LoggingPanel;20;de.tudarmstadt.ukp.wikipedia.revisionmachine.difftool.config.gui.control.ComponentRegistry;java.lang.Object;de.tudarmstadt.ukp.wikipedia.revisionmachine.difftool.config.gui.data.PanelKeys;de.tudarmstadt.ukp.wikipedia.revisionmachine.difftool.data.archive.ArchiveDescription;java.lang.StringBuilder;de.tudarmstadt.ukp.wikipedia.revisionmachine.difftool.config.gui.data.OutputCompressionEnum;de.tudarmstadt.ukp.wikipedia.revisionmachine.difftool.data.archive.InputType;de.tudarmstadt.ukp.wikipedia.revisionmachine.difftool.config.gui.data.ConfigErrorKeys;de.tudarmstadt.ukp.wikipedia.revisionmachine.difftool.data.SurrogateModes;de.tudarmstadt.ukp.wikipedia.revisionmachine.difftool.config.gui.control.ConfigSettings;de.tudarmstadt.ukp.wikipedia.revisionmachine.difftool.config.gui.control.ConfigVerification;de.tudarmstadt.ukp.wikipedia.revisionmachine.difftool.config.gui.data.ConfigItemTypes;de.tudarmstadt.ukp.wikipedia.revisionmachine.difftool.config.gui.ConfigGUI;de.tudarmstadt.ukp.wikipedia.revisionmachine.difftool.config.gui.panels.AbstractPanel;java.lang.String[];de.tudarmstadt.ukp.wikipedia.revisionmachine.difftool.config.gui.control.ConfigController;java.awt.Graphics;de.tudarmstadt.ukp.wikipedia.revisionmachine.difftool.config.ConfigurationKeys;de.tudarmstadt.ukp.wikipedia.revisionmachine.difftool.config.gui.data.ConfigEnum;de.tudarmstadt.ukp.wikipedia.revisionmachine.difftool.config.gui.data.ConfigItem
de.tudarmstadt.ukp.wikipedia.revisionmachine.common.exceptions.ErrorFactory;2;de.tudarmstadt.ukp.wikipedia.revisionmachine.common.exceptions.ErrorKeys;java.lang.Exception
de.tudarmstadt.ukp.wikipedia.revisionmachine.index.writer.SQLFileWriter;4;de.tudarmstadt.ukp.wikipedia.revisionmachine.api.RevisionAPIConfiguration;DatabaseConfiguration;de.tudarmstadt.ukp.wikipedia.revisionmachine.difftool.config.OutputTypes;de.tudarmstadt.ukp.wikipedia.revisionmachine.index.indices.AbstractIndex
de.tudarmstadt.ukp.wikipedia.revisionmachine.common.logging.messages.DiffToolLogMessages;6;java.lang.Error;java.util.logging.Level;java.lang.Exception;java.lang.Throwable;de.tudarmstadt.ukp.wikipedia.revisionmachine.common.logging.Logger;de.tudarmstadt.ukp.wikipedia.revisionmachine.common.logging.LoggerType
de.tudarmstadt.ukp.wikipedia.revisionmachine.difftool.config.gui.panels.ModePanel;20;de.tudarmstadt.ukp.wikipedia.revisionmachine.difftool.config.gui.control.ComponentRegistry;java.lang.Object;de.tudarmstadt.ukp.wikipedia.revisionmachine.difftool.config.gui.data.PanelKeys;de.tudarmstadt.ukp.wikipedia.revisionmachine.difftool.data.archive.ArchiveDescription;java.lang.StringBuilder;de.tudarmstadt.ukp.wikipedia.revisionmachine.difftool.config.gui.data.OutputCompressionEnum;de.tudarmstadt.ukp.wikipedia.revisionmachine.difftool.data.archive.InputType;de.tudarmstadt.ukp.wikipedia.revisionmachine.difftool.config.gui.data.ConfigErrorKeys;de.tudarmstadt.ukp.wikipedia.revisionmachine.difftool.data.SurrogateModes;de.tudarmstadt.ukp.wikipedia.revisionmachine.difftool.config.gui.control.ConfigSettings;de.tudarmstadt.ukp.wikipedia.revisionmachine.difftool.config.gui.control.ConfigVerification;de.tudarmstadt.ukp.wikipedia.revisionmachine.difftool.config.gui.data.ConfigItemTypes;de.tudarmstadt.ukp.wikipedia.revisionmachine.difftool.config.gui.ConfigGUI;de.tudarmstadt.ukp.wikipedia.revisionmachine.difftool.config.gui.panels.AbstractPanel;java.lang.String[];de.tudarmstadt.ukp.wikipedia.revisionmachine.difftool.config.gui.control.ConfigController;java.awt.Graphics;de.tudarmstadt.ukp.wikipedia.revisionmachine.difftool.config.ConfigurationKeys;de.tudarmstadt.ukp.wikipedia.revisionmachine.difftool.config.gui.data.ConfigEnum;de.tudarmstadt.ukp.wikipedia.revisionmachine.difftool.config.gui.data.ConfigItem
de.tudarmstadt.ukp.wikipedia.revisionmachine.difftool.config.gui.data.ConfigItem;2;de.tudarmstadt.ukp.wikipedia.revisionmachine.difftool.config.gui.data.ConfigItemTypes;de.tudarmstadt.ukp.wikipedia.revisionmachine.difftool.config.gui.data.ConfigErrorKeys
