org.hibernate.search.engine.impl.DefaultTimingSource;0
org.hibernate.search.reader.impl.MultiReaderFactory;2;org.hibernate.search.indexes.spi.IndexManager;IndexReader
org.hibernate.search.cfg.FieldBridgeDirectMapping;11;java.util.Map<java.lang.String,java.lang.Object>;java.lang.Object;java.lang.Class<?>;org.hibernate.search.annotations.ClassBridge;org.hibernate.search.cfg.EntityDescriptor;org.hibernate.search.cfg.SearchMapping;java.lang.Class<? extends org.hibernate.search.bridge.FieldBridge>;org.hibernate.search.bridge.FieldBridge;org.hibernate.search.cfg.PropertyDescriptor;java.lang.Class<? extends org.hibernate.search.cfg.TokenizerFactory>;java.lang.annotation.ElementType
org.hibernate.search.query.dsl.impl.ConnectedTermContext;5;Analyzer;Filter;java.lang.Class<?>;org.hibernate.search.engine.spi.SearchFactoryImplementor;org.hibernate.search.query.dsl.impl.QueryBuildingContext
org.hibernate.search.indexes.serialization.javaserialization.impl.SerializableLongField;2;org.hibernate.search.indexes.serialization.spi.LuceneNumericFieldContext;NumericField
org.hibernate.search.engine.impl.EmptyBuildContext;4;java.lang.Class<? extends org.hibernate.search.spi.ServiceProvider<T>>;org.hibernate.search.engine.ServiceManager;org.hibernate.search.engine.spi.SearchFactoryImplementor;java.lang.Class<? extends org.hibernate.search.spi.ServiceProvider<?>>
org.hibernate.search.backend.impl.BatchedQueueingProcessor;16;java.util.Properties;java.lang.Class<?>;org.hibernate.search.backend.spi.Work;java.util.Map<java.lang.Class<?>,org.hibernate.search.engine.spi.EntityIndexBinding>;org.hibernate.search.backend.spi.Work<T>;org.hibernate.search.engine.spi.DepthValidator;java.util.List<org.hibernate.search.backend.LuceneWork>;T;org.hibernate.search.backend.impl.WorkQueue;org.hibernate.search.bridge.spi.ConversionContext;org.hibernate.search.engine.spi.AbstractDocumentBuilder<T>;java.lang.Class<T>;java.io.Serializable;org.hibernate.search.engine.spi.SearchFactoryImplementor;org.hibernate.search.backend.spi.WorkType;org.hibernate.search.engine.impl.WorkPlan
org.hibernate.search.metadata.impl.PropertyDescriptorImpl;2;java.util.Set<org.hibernate.search.metadata.FieldDescriptor>;java.lang.Object
org.hibernate.search.backend.impl.jgroups.ClassloaderMessageListener;5;java.io.InputStream;Message;java.io.OutputStream;MessageListener;java.lang.ClassLoader
org.hibernate.search.indexes.serialization.spi.LuceneFieldContext;1;Field
org.hibernate.search.indexes.serialization.spi.SerializerService;2;java.util.Properties;org.hibernate.search.spi.BuildContext
org.hibernate.search.bridge.builtin.impl.BuiltinNumericArrayBridge;4;org.hibernate.search.bridge.LuceneOptions;Document;java.lang.Object;org.hibernate.search.bridge.FieldBridge
org.hibernate.search.backend.BackendFactory;12;org.hibernate.search.indexes.impl.DirectoryBasedIndexManager;Document;java.util.Properties;java.lang.Class<?>;org.hibernate.search.spi.WorkerBuildContext;org.hibernate.search.backend.IndexingMonitor;org.hibernate.search.backend.LuceneWork;java.io.Serializable;org.hibernate.search.engine.spi.SearchFactoryImplementor;org.hibernate.search.backend.impl.WorkVisitor<T>;java.util.List<org.hibernate.search.backend.LuceneWork>;Similarity
org.hibernate.search.backend.impl.jgroups.MasterSelectorServiceProvider;2;java.util.Properties;org.hibernate.search.spi.BuildContext
org.hibernate.search.impl.SearchMappingBuilder;4;java.lang.Object;java.lang.Class<?>;java.lang.reflect.Method;org.hibernate.search.cfg.spi.SearchConfiguration
org.hibernate.search.engine.impl.EntityIndexBindingFactory;23;java.util.Set<java.lang.Class<?>>;org.hibernate.search.cfg.spi.IndexManagerFactory;java.util.Properties;org.hibernate.search.annotations.Indexed;java.lang.Class<?>;org.hibernate.search.engine.spi.DocumentBuilderIndexedEntity<T>;org.hibernate.search.spi.internals.SearchFactoryImplementorWithShareableState;org.hibernate.search.indexes.impl.IndexManagerHolder;org.hibernate.search.spi.WorkerBuildContext;org.hibernate.search.cfg.spi.SearchConfiguration;Similarity;org.hibernate.search.indexes.interceptor.EntityIndexingInterceptor<U>;org.hibernate.search.indexes.interceptor.EntityIndexingInterceptor<? super T>;org.hibernate.search.indexes.spi.IndexManager[];org.hibernate.search.store.ShardIdentifierProvider;org.hibernate.search.engine.spi.EntityIndexBinding;XClass;java.util.Properties[];java.lang.Class;java.lang.Class<T>;org.hibernate.search.store.IndexShardingStrategy;org.hibernate.search.engine.spi.SearchFactoryImplementor;org.hibernate.search.engine.impl.DynamicShardingEntityIndexBinding
org.hibernate.search.indexes.serialization.avro.impl.AvroDeserializer;6;GenericRecord;org.hibernate.search.indexes.serialization.spi.LuceneWorksBuilder;java.lang.Object;java.nio.ByteBuffer;Protocol;byte[]
org.hibernate.search.query.dsl.impl.SpatialQueryContext;2;org.hibernate.search.spatial.Coordinates;org.hibernate.search.query.dsl.Unit
org.hibernate.search.query.dsl.impl.ConnectedMultiFieldsPhraseQueryBuilder;14;Analyzer;org.hibernate.search.query.dsl.impl.FieldContext;java.lang.Object;java.lang.Class<?>;org.hibernate.search.query.dsl.impl.QueryCustomizer;Query;org.hibernate.search.bridge.FieldBridge;org.hibernate.search.engine.spi.DocumentBuilderIndexedEntity<?>;org.hibernate.search.query.dsl.impl.PhraseQueryContext;Filter;org.hibernate.search.bridge.spi.ConversionContext;java.util.List<org.hibernate.search.query.dsl.impl.FieldContext>;org.hibernate.search.engine.spi.SearchFactoryImplementor;org.hibernate.search.query.dsl.impl.QueryBuildingContext
org.hibernate.search.indexes.serialization.avro.impl.AvroSerializer;10;java.util.Map<java.lang.String,java.lang.String>;Field;org.hibernate.search.indexes.serialization.spi.LuceneNumericFieldContext;NumericField;java.util.List<org.hibernate.search.backend.LuceneWork>;org.hibernate.search.indexes.serialization.spi.LuceneFieldContext;Protocol;byte[];java.util.List<org.hibernate.search.indexes.serialization.avro.impl.Fieldable>;AttributeImpl
org.hibernate.search.query.dsl.impl.ConnectedRangeMatchingContext;11;Analyzer;Filter;T;java.lang.Object;java.lang.Class<?>;Query;org.hibernate.search.query.dsl.impl.QueryCustomizer;org.hibernate.search.bridge.FieldBridge;org.hibernate.search.engine.spi.SearchFactoryImplementor;org.hibernate.search.query.dsl.impl.QueryBuildingContext;org.hibernate.search.query.dsl.impl.ConnectedRangeMatchingContext
org.hibernate.search.query.engine.impl.IndexSearcherWithPayload;3;java.lang.Object;IndexSearcher;org.hibernate.search.engine.spi.SearchFactoryImplementor
org.hibernate.search.query.dsl.impl.ConnectedFacetContinuationContext;5;T;java.lang.Class<?>;org.hibernate.search.query.facet.FacetSortOrder;org.hibernate.search.query.dsl.impl.FacetBuildingContext;org.hibernate.search.engine.spi.SearchFactoryImplementor
org.hibernate.search.indexes.serialization.javaserialization.impl.SerializableCustomFieldable;1;byte[]
org.hibernate.search.bridge.builtin.DateBridge;3;java.util.Map<java.lang.String,java.lang.String>;java.lang.Object;org.hibernate.search.annotations.Resolution
org.hibernate.search.metadata.impl.IndexedTypeDescriptorForUnindexedType;1;java.lang.Class<?>
org.hibernate.search.query.dsl.impl.FieldContext;4;org.hibernate.search.bridge.spi.ConversionContext;java.lang.Object;org.hibernate.search.bridge.FieldBridge;org.hibernate.search.engine.spi.DocumentBuilderIndexedEntity<?>
org.hibernate.search.spatial.impl.QuadTreeFilter;2;IndexReader;java.util.List<java.lang.String>
org.hibernate.search.util.logging.impl.LoggerFactory;1;java.lang.Class<T>
org.hibernate.search.impl.ImmutableSearchFactory;8;java.lang.Class<?>[];java.lang.Class<?>;java.lang.Class;java.lang.Class<? extends org.hibernate.search.spi.ServiceProvider<T>>;java.lang.Class<T>;org.hibernate.search.batchindexing.MassIndexerProgressMonitor;java.lang.Class<? extends org.hibernate.search.spi.ServiceProvider<?>>;org.hibernate.search.spi.internals.SearchFactoryState
org.hibernate.search.backend.impl.lucene.LuceneBackendQueueProcessor;17;org.hibernate.search.indexes.impl.DirectoryBasedIndexManager;Document;java.util.Properties;java.lang.Class<?>;org.hibernate.search.spi.WorkerBuildContext;java.util.List<org.hibernate.search.backend.LuceneWork>;Similarity;org.hibernate.search.backend.impl.lucene.AbstractWorkspaceImpl;java.lang.Throwable;org.hibernate.search.backend.IndexingMonitor;org.hibernate.search.backend.LuceneWork;IndexWriter;java.lang.Class<T>;org.hibernate.search.exception.impl.ErrorContextBuilder;org.hibernate.search.engine.spi.SearchFactoryImplementor;java.io.Serializable;org.hibernate.search.backend.impl.WorkVisitor<T>
org.hibernate.search.impl.ReflectionReplacingSearchConfiguration;2;ReflectionManager;org.hibernate.search.cfg.spi.SearchConfiguration
org.hibernate.search.query.engine.QueryTimeoutException;1;Query
org.hibernate.search.indexes.serialization.javaserialization.impl.SerializableIntField;2;org.hibernate.search.indexes.serialization.spi.LuceneNumericFieldContext;NumericField
org.hibernate.search.query.fieldcache.impl.ClassLoadingStrategySelector;1;org.hibernate.search.bridge.TwoWayFieldBridge
org.hibernate.search.backend.DeleteLuceneWork;3;java.lang.Class<?>;java.io.Serializable;org.hibernate.search.backend.impl.WorkVisitor<T>
org.hibernate.search.engine.impl.DynamicShardingStrategy;23;java.util.Set<java.lang.Class<?>>;Document;org.hibernate.search.cfg.spi.IndexManagerFactory;java.util.Properties;org.hibernate.search.annotations.Indexed;java.lang.Class<?>;org.hibernate.search.engine.spi.DocumentBuilderIndexedEntity<T>;org.hibernate.search.spi.internals.SearchFactoryImplementorWithShareableState;org.hibernate.search.filter.FullTextFilterImplementor[];org.hibernate.search.indexes.impl.IndexManagerHolder;org.hibernate.search.spi.WorkerBuildContext;java.util.Set<java.lang.String>;org.hibernate.search.cfg.spi.SearchConfiguration;Similarity;org.hibernate.search.indexes.interceptor.EntityIndexingInterceptor<? super T>;org.hibernate.search.indexes.spi.IndexManager[];org.hibernate.search.store.ShardIdentifierProvider;XClass;java.util.Properties[];java.lang.Class;org.hibernate.search.engine.spi.SearchFactoryImplementor;java.io.Serializable;org.hibernate.search.engine.impl.DynamicShardingEntityIndexBinding
org.hibernate.search.bridge.builtin.impl.BuiltinNumericMapBridge;4;org.hibernate.search.bridge.LuceneOptions;Document;java.lang.Object;org.hibernate.search.bridge.FieldBridge
org.hibernate.search.indexes.serialization.javaserialization.impl.JavaSerializationSerializationProvider;0
org.hibernate.search.backend.impl.lucene.ExclusiveIndexWorkspaceImpl;12;org.hibernate.search.indexes.impl.DirectoryBasedIndexManager;Document;java.util.Properties;java.lang.Class<?>;org.hibernate.search.spi.WorkerBuildContext;org.hibernate.search.backend.IndexingMonitor;org.hibernate.search.backend.LuceneWork;java.io.Serializable;org.hibernate.search.engine.spi.SearchFactoryImplementor;org.hibernate.search.backend.impl.WorkVisitor<T>;Similarity;java.util.List<org.hibernate.search.backend.LuceneWork>
org.hibernate.search.cfg.IndexedClassBridgeMapping;19;org.hibernate.search.cfg.IndexedMapping;java.lang.Object;java.lang.Class<?>;org.hibernate.search.annotations.Index;org.hibernate.search.cfg.SearchMapping;org.hibernate.search.bridge.FieldBridge;org.hibernate.search.annotations.Norms;org.hibernate.search.annotations.Store;java.lang.Class<? extends org.hibernate.search.cfg.TokenizerFactory>;java.lang.annotation.ElementType;org.hibernate.search.annotations.Analyze;java.util.Map<java.lang.String,java.lang.Object>;org.hibernate.search.annotations.ClassBridge;org.hibernate.search.cfg.EntityDescriptor;java.lang.Class<? extends org.hibernate.search.indexes.interceptor.EntityIndexingInterceptor>;java.lang.Class<? extends org.hibernate.search.engine.BoostStrategy>;org.hibernate.search.annotations.TermVector;java.lang.Class<? extends org.hibernate.search.analyzer.Discriminator>;org.hibernate.search.annotations.FieldCacheType
org.hibernate.search.util.impl.FilterCacheModeTypeHelper;1;org.hibernate.search.annotations.FilterCacheModeType
org.hibernate.search.bridge.builtin.FloatBridge;0
org.hibernate.search.store.impl.FSDirectoryProvider;14;org.hibernate.search.indexes.impl.DirectoryBasedIndexManager;Document;java.util.Properties;java.lang.Object;java.lang.Class<?>;org.hibernate.search.spi.WorkerBuildContext;Similarity;java.util.List<org.hibernate.search.backend.LuceneWork>;org.hibernate.search.backend.LuceneWork;org.hibernate.search.backend.IndexingMonitor;org.hibernate.search.spi.BuildContext;org.hibernate.search.engine.spi.SearchFactoryImplementor;java.io.Serializable;org.hibernate.search.backend.impl.WorkVisitor<T>
org.hibernate.search.indexes.serialization.javaserialization.impl.SerializableBinaryField;2;Field;org.hibernate.search.indexes.serialization.spi.LuceneFieldContext
org.hibernate.search.query.dsl.impl.QueryCustomizer;2;Filter;Query
org.hibernate.search.util.impl.HibernateSearchResourceLoader;0
org.hibernate.search.backend.impl.jgroups.MessageListenerToRequestHandlerAdapter;2;Message;MessageListener
org.hibernate.search.backend.impl.StreamingSelectionVisitor;14;Document;org.hibernate.search.backend.AddLuceneWork;java.lang.Class<?>;org.hibernate.search.backend.UpdateLuceneWork;org.hibernate.search.backend.FlushLuceneWork;java.util.Map<java.lang.String,java.lang.String>;org.hibernate.search.backend.IndexingMonitor;org.hibernate.search.backend.LuceneWork;org.hibernate.search.backend.DeleteLuceneWork;org.hibernate.search.store.IndexShardingStrategy;java.io.Serializable;org.hibernate.search.backend.PurgeAllLuceneWork;org.hibernate.search.backend.impl.WorkVisitor<T>;org.hibernate.search.backend.OptimizeLuceneWork
org.hibernate.search.bridge.builtin.DoubleBridge;0
org.hibernate.search.engine.spi.DepthValidator;0
org.hibernate.search.bridge.builtin.impl.BuiltinArrayBridge;2;java.lang.Object;org.hibernate.search.bridge.FieldBridge
org.hibernate.search.backend.impl.TransactionalWorker;7;org.hibernate.search.backend.spi.Work<?>;org.hibernate.search.backend.impl.QueueingProcessor;java.util.Properties;org.hibernate.search.engine.spi.EntityIndexBinding;org.hibernate.search.spi.WorkerBuildContext;org.hibernate.search.backend.spi.Work<T>;org.hibernate.search.backend.TransactionContext
org.hibernate.search.query.dsl.impl.ConnectedFacetParameterContext;5;T;java.lang.Class<?>;org.hibernate.search.query.facet.FacetSortOrder;org.hibernate.search.query.dsl.impl.FacetBuildingContext;org.hibernate.search.engine.spi.SearchFactoryImplementor
org.hibernate.search.util.logging.impl.LoggerHelper;0
org.hibernate.search.spatial.impl.DistanceComparatorSource;1;org.hibernate.search.spatial.Coordinates
org.hibernate.search.impl.MappingModelMetadataProvider;17;java.util.Map.Entry<java.lang.String,java.lang.Object>;java.lang.Object;java.lang.Class<?>;AnnotationDescriptor;org.hibernate.search.cfg.SearchMapping;org.hibernate.search.bridge.FieldBridge;org.hibernate.search.cfg.PropertyDescriptor;java.lang.Class<? extends org.hibernate.search.cfg.TokenizerFactory>;java.lang.annotation.ElementType;java.util.Set<java.util.Map<java.lang.String,java.lang.Object>>;MetadataProvider;java.util.Map<java.lang.String,java.lang.Object>;org.hibernate.search.cfg.EntityDescriptor;org.hibernate.search.annotations.ClassBridge;java.lang.reflect.AnnotatedElement;java.lang.Class<T>;java.util.List<java.util.Map<java.lang.String,java.lang.Object>>
org.hibernate.search.util.AnalyzerUtils;2;Analyzer;Token
org.hibernate.search.reader.impl.CacheableMultiReader;3;java.lang.Object;org.hibernate.search.indexes.spi.ReaderProvider[];IndexReader[]
org.hibernate.search.indexes.serialization.javaserialization.impl.SerializableTokenStreamField;2;Field;org.hibernate.search.indexes.serialization.spi.LuceneFieldContext
org.hibernate.search.query.dsl.impl.ConnectedFacetRangeLimitContext;5;T;java.lang.Class<?>;org.hibernate.search.query.facet.FacetSortOrder;org.hibernate.search.query.dsl.impl.FacetBuildingContext;org.hibernate.search.engine.spi.SearchFactoryImplementor
org.hibernate.search.metadata.impl.IndexDescriptorImpl;1;org.hibernate.search.indexes.spi.IndexManager
org.hibernate.search.query.dsl.impl.FacetingRequestImpl;1;org.hibernate.search.query.facet.FacetSortOrder
org.hibernate.search.spatial.impl.SpatialHelper;2;org.hibernate.search.spatial.impl.Point;org.hibernate.search.spatial.Coordinates
org.hibernate.search.query.dsl.impl.ConnectedTermMatchingContext;12;Analyzer;Filter;org.hibernate.search.query.dsl.impl.TermQueryContext.Approximation;java.lang.Object;java.lang.Class<?>;org.hibernate.search.query.dsl.impl.TermQueryContext;Query;org.hibernate.search.query.dsl.impl.QueryCustomizer;java.lang.String[];org.hibernate.search.bridge.FieldBridge;org.hibernate.search.engine.spi.SearchFactoryImplementor;org.hibernate.search.query.dsl.impl.QueryBuildingContext
org.hibernate.search.indexes.serialization.javaserialization.impl.Add;4;java.util.Map<java.lang.String,java.lang.String>;org.hibernate.search.indexes.serialization.javaserialization.impl.SerializableDocument;java.io.Serializable;java.util.Set<org.hibernate.search.indexes.serialization.javaserialization.impl.SerializableFieldable>
org.hibernate.search.cfg.CalendarBridgeMapping;11;java.util.Map<java.lang.String,java.lang.Object>;java.lang.Object;java.lang.Class<?>;org.hibernate.search.annotations.ClassBridge;org.hibernate.search.cfg.EntityDescriptor;org.hibernate.search.cfg.SearchMapping;org.hibernate.search.bridge.FieldBridge;org.hibernate.search.cfg.PropertyDescriptor;org.hibernate.search.annotations.Resolution;java.lang.annotation.ElementType;java.lang.Class<? extends org.hibernate.search.cfg.TokenizerFactory>
org.hibernate.search.bridge.builtin.ArrayBridge;4;org.hibernate.search.bridge.LuceneOptions;Document;java.lang.Object;org.hibernate.search.bridge.FieldBridge
org.hibernate.search.cfg.ProvidedIdMapping;9;java.util.Map<java.lang.String,java.lang.Object>;java.lang.Object;java.lang.Class<?>;org.hibernate.search.annotations.ClassBridge;org.hibernate.search.cfg.EntityDescriptor;org.hibernate.search.cfg.SearchMapping;org.hibernate.search.bridge.FieldBridge;java.lang.annotation.ElementType;java.lang.Class<? extends org.hibernate.search.cfg.TokenizerFactory>
org.hibernate.search.filter.impl.ChainedFilter;2;Filter;IndexReader
org.hibernate.search.engine.impl.FilterDef;3;org.hibernate.search.annotations.FullTextFilterDef;java.lang.Object;java.lang.reflect.Method
org.hibernate.search.query.engine.impl.QueryHits;23;java.util.Map<java.lang.String,org.hibernate.search.query.dsl.impl.FacetingRequestImpl>;Sort;org.hibernate.search.query.engine.impl.IndexSearcherWithPayload;org.hibernate.search.query.fieldcache.impl.FieldLoadingStrategy;java.lang.Object;org.hibernate.search.query.collector.impl.FieldCacheCollectorFactory;Query;org.hibernate.search.spatial.Coordinates;java.lang.Integer;org.hibernate.search.query.fieldcache.impl.FieldCacheLoadingType;Collector;java.util.concurrent.TimeUnit;Filter;org.apache;Weight;FieldSelector;java.lang.RuntimeException;org.hibernate.search.bridge.TwoWayStringBridge;org.hibernate.search.query.engine.impl.TimeoutManagerImpl;IndexSearcher;org.hibernate.search.query.engine.spi.TimeoutExceptionFactory;org.hibernate.search.engine.spi.TimingSource;org.hibernate.search.engine.spi.SearchFactoryImplementor
org.hibernate.search.indexes.impl.SharingBufferReaderProvider;14;org.hibernate.search.indexes.impl.DirectoryBasedIndexManager;Document;java.util.Properties;java.lang.Class<?>;org.hibernate.search.spi.WorkerBuildContext;Similarity;java.util.List<org.hibernate.search.backend.LuceneWork>;IndexReader;org.hibernate.search.backend.LuceneWork;org.hibernate.search.backend.IndexingMonitor;org.hibernate.search.engine.spi.SearchFactoryImplementor;java.io.Serializable;org.hibernate.search.backend.impl.WorkVisitor<T>;Directory
org.hibernate.search.query.collector.impl.MapFieldCacheCollectorImpl;3;org.hibernate.search.query.fieldcache.impl.FieldLoadingStrategy;IndexReader;Collector
org.hibernate.search.cfg.ConcatStringBridge;2;java.util.Map<java.lang.String,java.lang.String>;java.lang.Object
org.hibernate.search.util.configuration.impl.MaskedProperty;7;java.io.InputStream;java.util.Map<? extends java.lang.Object,? extends java.lang.Object>;java.util.Properties;java.io.PrintWriter;java.lang.Object;java.io.OutputStream;java.io.PrintStream
org.hibernate.search.backend.LuceneWork;4;Document;java.lang.Class<?>;java.io.Serializable;org.hibernate.search.backend.impl.WorkVisitor<T>
org.hibernate.search.backend.impl.WorkerFactory;3;org.hibernate.search.backend.impl.QueueingProcessor;org.hibernate.search.spi.WorkerBuildContext;org.hibernate.search.cfg.spi.SearchConfiguration
org.hibernate.search.store.impl.RAMDirectoryProvider;14;org.hibernate.search.indexes.impl.DirectoryBasedIndexManager;Document;java.util.Properties;java.lang.Object;java.lang.Class<?>;org.hibernate.search.spi.WorkerBuildContext;Similarity;java.util.List<org.hibernate.search.backend.LuceneWork>;org.hibernate.search.backend.LuceneWork;org.hibernate.search.backend.IndexingMonitor;org.hibernate.search.spi.BuildContext;org.hibernate.search.engine.spi.SearchFactoryImplementor;java.io.Serializable;org.hibernate.search.backend.impl.WorkVisitor<T>
org.hibernate.search.metadata.impl.NumericFieldDescriptorImpl;1;org.hibernate.search.engine.metadata.impl.DocumentFieldMetadata
org.hibernate.search.bridge.builtin.BigDecimalBridge;0
org.hibernate.search.filter.FilterKey;2;java.lang.Object;java.lang.Class<?>
org.hibernate.search.backend.impl.lucene.works.DeleteExtWorkDelegate;8;Document;java.lang.Class<?>;org.hibernate.search.backend.LuceneWork;org.hibernate.search.backend.IndexingMonitor;org.hibernate.search.store.Workspace;IndexWriter;java.io.Serializable;org.hibernate.search.backend.impl.WorkVisitor<T>
org.hibernate.search.backend.impl.jgroups.AutoNodeSelector;3;View;Address;byte[]
org.hibernate.search.backend.impl.lucene.LuceneBackendResources;19;org.hibernate.search.backend.impl.lucene.LuceneBackendResources;org.hibernate.search.indexes.impl.DirectoryBasedIndexManager;Document;java.util.Properties;java.lang.Class<?>;org.hibernate.search.spi.WorkerBuildContext;java.util.List<org.hibernate.search.backend.LuceneWork>;Similarity;java.util.concurrent.ExecutorService;org.hibernate.search.backend.impl.lucene.AbstractWorkspaceImpl;java.lang.Throwable;org.hibernate.search.backend.IndexingMonitor;org.hibernate.search.backend.LuceneWork;IndexWriter;java.lang.Class<T>;org.hibernate.search.exception.impl.ErrorContextBuilder;java.io.Serializable;org.hibernate.search.engine.spi.SearchFactoryImplementor;org.hibernate.search.backend.impl.WorkVisitor<T>
org.hibernate.search.spatial.DistanceSortField;1;org.hibernate.search.spatial.Coordinates
org.hibernate.search.engine.impl.LuceneOptionsImpl;3;Document;org.hibernate.search.engine.metadata.impl.DocumentFieldMetadata;java.lang.Object
org.hibernate.search.impl.IncrementalSearchConfiguration;3;java.util.List<java.lang.Class<?>>;java.util.Properties;org.hibernate.search.spi.internals.SearchFactoryState
org.hibernate.search.impl.MutableSearchFactory;8;java.lang.Class<?>[];java.lang.Class<?>;org.hibernate.search.spi.internals.SearchFactoryImplementorWithShareableState;java.lang.Class;java.lang.Class<? extends org.hibernate.search.spi.ServiceProvider<T>>;java.lang.Class<T>;org.hibernate.search.batchindexing.MassIndexerProgressMonitor;java.lang.Class<? extends org.hibernate.search.spi.ServiceProvider<?>>
org.hibernate.search.indexes.serialization.javaserialization.impl.SerializableStringField;2;Field;org.hibernate.search.indexes.serialization.spi.LuceneFieldContext
org.hibernate.search.indexes.interceptor.DontInterceptEntityInterceptor;1;java.lang.Object
org.hibernate.search.cfg.SearchMapping;3;java.util.Map<java.lang.String,java.lang.Object>;java.lang.Class<?>;java.lang.Class<? extends org.hibernate.search.cfg.TokenizerFactory>
org.hibernate.search.indexes.serialization.impl.SerializationHelper;6;java.io.ObjectStreamClass;java.io.InputStream;java.lang.Class<T>;java.io.Serializable;java.lang.ClassLoader;byte[]
org.hibernate.search.spatial.SpatialQueryBuilder;0
org.hibernate.search.spatial.SpatialFieldBridge;3;org.hibernate.search.bridge.LuceneOptions;Document;java.lang.Object
org.hibernate.search.query.dsl.impl.FacetBuildingContext;4;T;java.lang.Class<?>;org.hibernate.search.query.facet.FacetSortOrder;org.hibernate.search.engine.spi.SearchFactoryImplementor
org.hibernate.search.bridge.builtin.impl.TwoWayString2FieldBridgeAdaptor;3;Document;java.lang.Object;org.hibernate.search.bridge.TwoWayStringBridge
org.hibernate.search.query.dsl.impl.BooleanQueryBuilder;2;Filter;Query
org.hibernate.search.exception.impl.ErrorContextImpl;7;Document;java.lang.Class<?>;java.lang.Throwable;org.hibernate.search.backend.LuceneWork;java.io.Serializable;org.hibernate.search.backend.impl.WorkVisitor<T>;java.util.List<org.hibernate.search.backend.LuceneWork>
org.hibernate.search.bridge.builtin.IterableBridge;4;org.hibernate.search.bridge.LuceneOptions;Document;java.lang.Object;org.hibernate.search.bridge.FieldBridge
org.hibernate.search.cfg.EntityDescriptor;5;java.lang.Object;java.util.Map<java.lang.String,java.lang.Object>;org.hibernate.search.annotations.ClassBridge;org.hibernate.search.bridge.FieldBridge;java.lang.annotation.ElementType
org.hibernate.search.exception.impl.LogErrorHandler;8;Document;java.lang.Class<?>;java.lang.Throwable;org.hibernate.search.backend.LuceneWork;java.lang.StringBuilder;java.io.Serializable;org.hibernate.search.backend.impl.WorkVisitor<T>;org.hibernate.search.exception.ErrorContext
org.hibernate.search.backend.impl.jgroups.JGroupsBackendQueueProcessor;13;org.hibernate.search.indexes.impl.DirectoryBasedIndexManager;Document;java.util.Properties;java.lang.Class<?>;org.hibernate.search.spi.WorkerBuildContext;java.util.List<org.hibernate.search.backend.LuceneWork>;Similarity;org.hibernate.search.backend.LuceneWork;org.hibernate.search.backend.IndexingMonitor;org.hibernate.search.backend.impl.jgroups.NodeSelectorStrategy;org.hibernate.search.engine.spi.SearchFactoryImplementor;java.io.Serializable;org.hibernate.search.backend.impl.WorkVisitor<T>
org.hibernate.search.query.fieldcache.impl.StringFieldLoadingStrategy;1;IndexReader
org.hibernate.search.bridge.builtin.NumberBridge;1;java.lang.Object
org.hibernate.search.query.collector.impl.FieldCacheCollectorFactory;5;org.hibernate.search.query.fieldcache.impl.FieldLoadingStrategy;java.lang.Object;org.hibernate.search.bridge.TwoWayStringBridge;org.hibernate.search.query.fieldcache.impl.FieldCacheLoadingType;Collector
org.hibernate.search.util.impl.ClassLoaderHelper;5;java.util.Set<java.net.URL>;java.lang.Class<?>;java.lang.Class<T>;Version;java.lang.ClassLoader
org.hibernate.search.indexes.serialization.spi.LuceneNumericFieldContext;1;NumericField
org.hibernate.search.metadata.impl.IndexedTypeDescriptorImpl;4;org.hibernate.search.indexes.spi.IndexManager[];org.hibernate.search.engine.metadata.impl.PropertyMetadata;org.hibernate.search.engine.metadata.impl.TypeMetadata;java.util.Map<java.lang.String,org.hibernate.search.metadata.PropertyDescriptor>
org.hibernate.search.spatial.SpatialFieldBridgeByRange;3;org.hibernate.search.bridge.LuceneOptions;Document;java.lang.Object
org.hibernate.search.errors.EmptyQueryException;1;java.lang.Throwable
org.hibernate.search.util.impl.ScopedAnalyzer;4;java.util.Map<java.lang.String,org.hibernate.search.util.impl.Analyzer>;Analyzer;Fieldable;java.io.Reader
org.hibernate.search.indexes.serialization.javaserialization.impl.PurgeAll;0
org.hibernate.search.util.impl.PassThroughAnalyzer;2;Version;java.io.Reader
org.hibernate.search.cfg.FieldBridgeMapping;17;java.lang.Object;java.lang.Class<?>;org.hibernate.search.annotations.Index;org.hibernate.search.cfg.SearchMapping;org.hibernate.search.bridge.FieldBridge;org.hibernate.search.cfg.PropertyDescriptor;org.hibernate.search.annotations.Norms;org.hibernate.search.annotations.Resolution;org.hibernate.search.annotations.Store;java.lang.Class<? extends org.hibernate.search.cfg.TokenizerFactory>;java.lang.annotation.ElementType;org.hibernate.search.cfg.FieldMapping;org.hibernate.search.annotations.Analyze;java.util.Map<java.lang.String,java.lang.Object>;org.hibernate.search.annotations.ClassBridge;org.hibernate.search.cfg.EntityDescriptor;org.hibernate.search.annotations.TermVector
org.hibernate.search.util.impl.WeakIdentityHashMap;10;java.lang.ref.ReferenceQueue;T;V;java.lang.Object;java.util.Map;org.hibernate.search.util.impl.WeakIdentityHashMap.Entry<K,V>;org.hibernate.search.util.impl.WeakIdentityHashMap.Entry<K,V>[];java.util.Map<? extends K,? extends V>;java.util.Map.Entry;K
org.hibernate.search.cfg.NumericFieldMapping;10;java.util.Map<java.lang.String,java.lang.Object>;java.lang.Object;java.lang.Class<?>;org.hibernate.search.annotations.ClassBridge;org.hibernate.search.cfg.EntityDescriptor;org.hibernate.search.cfg.SearchMapping;org.hibernate.search.bridge.FieldBridge;org.hibernate.search.cfg.PropertyDescriptor;java.lang.Class<? extends org.hibernate.search.cfg.TokenizerFactory>;java.lang.annotation.ElementType
org.hibernate.search.backend.impl.lucene.works.UpdateWorkDelegate;17;java.util.Map<java.lang.String,org.hibernate.search.util.impl.Analyzer>;Analyzer;org.hibernate.search.backend.impl.lucene.works.AddWorkDelegate;Document;java.lang.Class<?>;Fieldable;org.hibernate.search.engine.spi.DocumentBuilderIndexedEntity<?>;org.hibernate.search.util.impl.ScopedAnalyzer;java.util.Map<java.lang.String,java.lang.String>;org.hibernate.search.backend.impl.lucene.works.DeleteWorkDelegate;org.hibernate.search.backend.IndexingMonitor;org.hibernate.search.backend.LuceneWork;IndexWriter;org.hibernate.search.store.Workspace;java.io.Serializable;java.io.Reader;org.hibernate.search.backend.impl.WorkVisitor<T>
org.hibernate.search.spatial.impl.DistanceComparator;3;org.hibernate.search.spatial.impl.Point;IndexReader;org.hibernate.search.spatial.Coordinates
org.hibernate.search.query.dsl.impl.ConnectedFuzzyContext;7;Analyzer;Filter;java.lang.Class<?>;Query;org.hibernate.search.query.dsl.impl.QueryCustomizer;org.hibernate.search.engine.spi.SearchFactoryImplementor;org.hibernate.search.query.dsl.impl.QueryBuildingContext
org.hibernate.search.impl.DefaultIndexManagerFactory;0
org.hibernate.search.bridge.builtin.LongBridge;0
org.hibernate.search.Version;0
org.hibernate.search.store.impl.FSMasterDirectoryProvider;15;org.hibernate.search.indexes.impl.DirectoryBasedIndexManager;Document;java.util.Properties;java.lang.Object;java.lang.Class<?>;org.hibernate.search.spi.WorkerBuildContext;Similarity;java.util.List<org.hibernate.search.backend.LuceneWork>;org.hibernate.search.backend.LuceneWork;org.hibernate.search.backend.IndexingMonitor;java.io.File;org.hibernate.search.spi.BuildContext;java.io.Serializable;org.hibernate.search.engine.spi.SearchFactoryImplementor;org.hibernate.search.backend.impl.WorkVisitor<T>
org.hibernate.search.filter.impl.FullTextFilterImpl;1;java.lang.Object
org.hibernate.search.backend.impl.lucene.works.PurgeAllWorkDelegate;8;Document;java.lang.Class<?>;org.hibernate.search.backend.LuceneWork;org.hibernate.search.backend.IndexingMonitor;org.hibernate.search.store.Workspace;IndexWriter;java.io.Serializable;org.hibernate.search.backend.impl.WorkVisitor<T>
org.hibernate.search.bridge.builtin.impl.String2FieldBridgeAdaptor;4;org.hibernate.search.bridge.LuceneOptions;Document;java.lang.Object;org.hibernate.search.bridge.StringBridge
org.hibernate.search.filter.StandardFilterKey;2;java.lang.Object;java.lang.Class<?>
org.hibernate.search.store.impl.IdHashShardingStrategy;6;org.hibernate.search.indexes.spi.IndexManager[];Document;java.util.Properties;java.lang.Class<?>;org.hibernate.search.filter.FullTextFilterImplementor[];java.io.Serializable
org.hibernate.search.cfg.EntityMapping;8;java.util.Map<java.lang.String,java.lang.Object>;java.lang.Class<?>;org.hibernate.search.cfg.SearchMapping;org.hibernate.search.bridge.FieldBridge;java.lang.Class<? extends org.hibernate.search.engine.BoostStrategy>;java.lang.Class<? extends org.hibernate.search.analyzer.Discriminator>;java.lang.annotation.ElementType;java.lang.Class<? extends org.hibernate.search.cfg.TokenizerFactory>
org.hibernate.search.backend.UpdateLuceneWork;5;java.util.Map<java.lang.String,java.lang.String>;Document;java.lang.Class<?>;java.io.Serializable;org.hibernate.search.backend.impl.WorkVisitor<T>
org.hibernate.search.indexes.serialization.javaserialization.impl.SerializableNumericField;2;org.hibernate.search.indexes.serialization.spi.LuceneNumericFieldContext;NumericField
org.hibernate.search.metadata.impl.FieldDescriptorImpl;3;org.hibernate.search.engine.metadata.impl.DocumentFieldMetadata;Field;java.lang.Class<T>
org.hibernate.search.filter.impl.AndDocIdSet;4;DocIdSetIterator;java.util.List<org.hibernate.search.filter.impl.DocIdSet>;DocIdSetIterator[];OpenBitSet
org.hibernate.search.backend.FlushLuceneWork;2;java.lang.Class<?>;org.hibernate.search.backend.impl.WorkVisitor<T>
org.hibernate.search.query.dsl.impl.ConnectedFacetRangeBelowContinuationContext;5;T;java.lang.Class<?>;org.hibernate.search.query.facet.FacetSortOrder;org.hibernate.search.query.dsl.impl.FacetBuildingContext;org.hibernate.search.engine.spi.SearchFactoryImplementor
org.hibernate.search.spatial.impl.Point;2;org.hibernate.search.spatial.impl.Point;org.hibernate.search.spatial.Coordinates
org.hibernate.search.bridge.builtin.UUIDBridge;1;java.lang.Object
org.hibernate.search.query.dsl.impl.ConnectedMultiFieldsRangeQueryBuilder;14;Analyzer;org.hibernate.search.query.dsl.impl.FieldContext;java.lang.Object;java.lang.Class<?>;org.hibernate.search.query.dsl.impl.QueryCustomizer;Query;org.hibernate.search.bridge.FieldBridge;org.hibernate.search.engine.spi.DocumentBuilderIndexedEntity<?>;org.hibernate.search.query.dsl.impl.RangeQueryContext;Filter;org.hibernate.search.bridge.spi.ConversionContext;java.util.List<org.hibernate.search.query.dsl.impl.FieldContext>;org.hibernate.search.engine.spi.SearchFactoryImplementor;org.hibernate.search.query.dsl.impl.QueryBuildingContext
org.hibernate.search.query.engine.impl.TimeoutManagerImpl;5;java.util.concurrent.TimeUnit;java.lang.RuntimeException;Query;org.hibernate.search.query.engine.spi.TimeoutExceptionFactory;org.hibernate.search.engine.spi.TimingSource
org.hibernate.search.impl.ConfigContext;7;java.util.Map<java.lang.String,java.lang.Object>;XAnnotatedElement;java.lang.Class<?>;org.hibernate.search.cfg.SearchMapping;org.hibernate.search.cfg.spi.SearchConfiguration;org.hibernate.search.annotations.AnalyzerDef;java.lang.Class<? extends org.hibernate.search.cfg.TokenizerFactory>
org.hibernate.search.exception.impl.ErrorContextBuilder;7;Document;java.lang.Class<?>;java.lang.Throwable;org.hibernate.search.backend.LuceneWork;java.io.Serializable;org.hibernate.search.backend.impl.WorkVisitor<T>;java.util.List<org.hibernate.search.backend.LuceneWork>
org.hibernate.search.backend.impl.jms.JmsBackendQueueTask;16;org.hibernate.search.indexes.impl.DirectoryBasedIndexManager;Document;java.util.Properties;org.hibernate.search.backend.impl.jms.JmsBackendQueueProcessor;java.lang.Class<?>;org.hibernate.search.spi.WorkerBuildContext;java.util.Collection<org.hibernate.search.backend.LuceneWork>;Similarity;java.util.List<org.hibernate.search.backend.LuceneWork>;org.hibernate.search.indexes.spi.IndexManager;org.hibernate.search.backend.IndexingMonitor;org.hibernate.search.backend.LuceneWork;org.hibernate.search.engine.spi.SearchFactoryImplementor;java.io.Serializable;org.hibernate.search.backend.impl.WorkVisitor<T>;QueueConnectionFactory
org.hibernate.search.engine.impl.WorkPlan;11;T;org.hibernate.search.bridge.spi.ConversionContext;java.lang.Class<?>;org.hibernate.search.engine.spi.AbstractDocumentBuilder<T>;java.lang.Class<T>;org.hibernate.search.backend.spi.Work<T>;java.io.Serializable;org.hibernate.search.engine.spi.SearchFactoryImplementor;org.hibernate.search.engine.impl.WorkPlan;java.util.List<org.hibernate.search.backend.LuceneWork>;org.hibernate.search.engine.spi.DepthValidator
org.hibernate.search.indexes.impl.DirectoryBasedIndexManager;11;Document;java.util.Properties;java.lang.Class<?>;org.hibernate.search.spi.WorkerBuildContext;org.hibernate.search.backend.LuceneWork;org.hibernate.search.backend.IndexingMonitor;java.io.Serializable;org.hibernate.search.engine.spi.SearchFactoryImplementor;org.hibernate.search.backend.impl.WorkVisitor<T>;Similarity;java.util.List<org.hibernate.search.backend.LuceneWork>
org.hibernate.search.backend.impl.lucene.WorkspaceFactory;12;org.hibernate.search.indexes.impl.DirectoryBasedIndexManager;Document;java.util.Properties;java.lang.Class<?>;org.hibernate.search.spi.WorkerBuildContext;org.hibernate.search.backend.IndexingMonitor;org.hibernate.search.backend.LuceneWork;org.hibernate.search.engine.spi.SearchFactoryImplementor;java.io.Serializable;java.util.List<org.hibernate.search.backend.LuceneWork>;Similarity;org.hibernate.search.backend.impl.WorkVisitor<T>
org.hibernate.search.backend.spi.Work;4;T;java.lang.Class<T>;java.io.Serializable;org.hibernate.search.backend.spi.WorkType
org.hibernate.search.spatial.impl.DistanceFilter;3;Filter;IndexReader;org.hibernate.search.spatial.Coordinates
org.hibernate.search.cfg.PropertyLongitudeMapping;11;java.util.Map<java.lang.String,java.lang.Object>;java.lang.Object;java.lang.Class<?>;org.hibernate.search.annotations.ClassBridge;org.hibernate.search.cfg.EntityDescriptor;org.hibernate.search.cfg.SearchMapping;java.lang.Class<? extends org.hibernate.search.bridge.FieldBridge>;org.hibernate.search.bridge.FieldBridge;org.hibernate.search.cfg.PropertyDescriptor;java.lang.annotation.ElementType;java.lang.Class<? extends org.hibernate.search.cfg.TokenizerFactory>
org.hibernate.search.query.dsl.impl.DiscreteFacetRequest;0
org.hibernate.search.backend.impl.jgroups.MasterNodeSelector;3;View;Address;byte[]
org.hibernate.search.bridge.builtin.ShortBridge;0
org.hibernate.search.indexes.serialization.javaserialization.impl.SerializableField;2;Field;org.hibernate.search.indexes.serialization.spi.LuceneFieldContext
org.hibernate.search.query.engine.impl.EntityInfoImpl;4;java.lang.Object[];java.lang.Object;java.lang.Class;java.io.Serializable
org.hibernate.search.cfg.FieldMapping;16;java.lang.Object;java.lang.Class<?>;org.hibernate.search.annotations.Index;org.hibernate.search.cfg.SearchMapping;org.hibernate.search.bridge.FieldBridge;org.hibernate.search.cfg.PropertyDescriptor;org.hibernate.search.annotations.Resolution;org.hibernate.search.annotations.Norms;org.hibernate.search.annotations.Store;java.lang.Class<? extends org.hibernate.search.cfg.TokenizerFactory>;java.lang.annotation.ElementType;org.hibernate.search.annotations.Analyze;java.util.Map<java.lang.String,java.lang.Object>;org.hibernate.search.annotations.ClassBridge;org.hibernate.search.cfg.EntityDescriptor;org.hibernate.search.annotations.TermVector
org.hibernate.search.query.dsl.impl.ConnectedSpatialQueryBuilder;11;Analyzer;Filter;java.lang.Class<?>;Query;org.hibernate.search.query.dsl.impl.QueryCustomizer;org.hibernate.search.query.dsl.impl.ConnectedQueryBuilder;org.hibernate.search.spatial.Coordinates;org.hibernate.search.query.dsl.Unit;org.hibernate.search.engine.spi.SearchFactoryImplementor;org.hibernate.search.query.dsl.impl.SpatialQueryContext;org.hibernate.search.query.dsl.impl.QueryBuildingContext
org.hibernate.search.indexes.serialization.javaserialization.impl.SerializableDocument;1;java.util.Set<org.hibernate.search.indexes.serialization.javaserialization.impl.SerializableFieldable>
org.hibernate.search.cfg.PropertyMapping;14;java.lang.Object;java.lang.Class<?>;org.hibernate.search.cfg.SearchMapping;org.hibernate.search.bridge.FieldBridge;org.hibernate.search.cfg.PropertyDescriptor;org.hibernate.search.annotations.Resolution;java.lang.Class<? extends org.hibernate.search.cfg.TokenizerFactory>;java.lang.annotation.ElementType;java.util.Map<java.lang.String,java.lang.Object>;org.hibernate.search.cfg.EntityDescriptor;org.hibernate.search.annotations.ClassBridge;java.lang.Class<? extends org.hibernate.search.bridge.FieldBridge>;java.lang.Class<? extends org.hibernate.search.engine.BoostStrategy>;java.lang.Class<? extends org.hibernate.search.analyzer.Discriminator>
org.hibernate.search.backend.PurgeAllLuceneWork;2;java.lang.Class<?>;org.hibernate.search.backend.impl.WorkVisitor<T>
org.hibernate.search.query.dsl.impl.QueryBuildingContext;3;Analyzer;java.lang.Class<?>;org.hibernate.search.engine.spi.SearchFactoryImplementor
org.hibernate.search.query.fieldcache.impl.DoubleFieldLoadingStrategy;1;IndexReader
org.hibernate.search.spi.internals.PolymorphicIndexHierarchy;2;java.lang.Class<?>[];java.lang.Class<?>
org.hibernate.search.SearchException;1;java.lang.Throwable
org.hibernate.search.backend.impl.lucene.works.OptimizeWorkDelegate;8;Document;java.lang.Class<?>;org.hibernate.search.backend.LuceneWork;org.hibernate.search.backend.IndexingMonitor;org.hibernate.search.store.Workspace;IndexWriter;java.io.Serializable;org.hibernate.search.backend.impl.WorkVisitor<T>
org.hibernate.search.backend.AddLuceneWork;5;java.util.Map<java.lang.String,java.lang.String>;Document;java.lang.Class<?>;java.io.Serializable;org.hibernate.search.backend.impl.WorkVisitor<T>
org.hibernate.search.util.impl.SoftLimitMRUCache;3;java.lang.ref.ReferenceQueue;java.io.ObjectInputStream;java.lang.Object
org.hibernate.search.filter.impl.MRUFilterCachingStrategy;5;Filter;java.util.Properties;java.lang.Object;java.lang.Class<?>;org.hibernate.search.filter.FilterKey
org.hibernate.search.bridge.builtin.UriBridge;1;java.lang.Object
org.hibernate.search.query.collector.impl.TwoWayTransformingFieldCacheCollector;5;org.hibernate.search.query.collector.impl.FieldCacheCollector;org.hibernate.search.bridge.TwoWayStringBridge;IndexReader;Scorer;Collector
org.hibernate.search.query.dsl.impl.RangeQueryContext;1;java.lang.Object
org.hibernate.search.query.dsl.impl.ConnectedPhraseContext;5;Analyzer;Filter;java.lang.Class<?>;org.hibernate.search.engine.spi.SearchFactoryImplementor;org.hibernate.search.query.dsl.impl.QueryBuildingContext
org.hibernate.search.backend.impl.WorkQueue;13;java.lang.Class<?>;org.hibernate.search.backend.spi.Work;org.hibernate.search.backend.spi.Work<T>;java.util.List<org.hibernate.search.backend.LuceneWork>;org.hibernate.search.engine.spi.DepthValidator;T;org.hibernate.search.bridge.spi.ConversionContext;org.hibernate.search.engine.spi.AbstractDocumentBuilder<T>;java.lang.Class<T>;org.hibernate.search.engine.spi.SearchFactoryImplementor;java.io.Serializable;org.hibernate.search.engine.impl.WorkPlan;org.hibernate.search.backend.spi.WorkType
org.hibernate.search.bridge.builtin.IntegerNumericFieldBridge;1;Document
org.hibernate.search.backend.impl.lucene.overrides.ConcurrentMergeScheduler;4;MergePolicy;java.lang.Throwable;org.hibernate.search.exception.ErrorHandler;IndexWriter
org.hibernate.search.cfg.FullTextFilterDefMapping;5;java.util.Map<java.lang.String,java.lang.Object>;java.lang.Class<?>;org.hibernate.search.annotations.FilterCacheModeType;org.hibernate.search.cfg.SearchMapping;java.lang.Class<? extends org.hibernate.search.cfg.TokenizerFactory>
org.hibernate.search.bridge.builtin.CharacterBridge;1;java.lang.Object
org.hibernate.search.query.dsl.impl.ConnectedFacetContext;5;T;java.lang.Class<?>;org.hibernate.search.query.facet.FacetSortOrder;org.hibernate.search.query.dsl.impl.FacetBuildingContext;org.hibernate.search.engine.spi.SearchFactoryImplementor
org.hibernate.search.bridge.impl.BridgeFactory;12;org.hibernate.search.annotations.FieldBridge;org.hibernate.search.annotations.TikaBridge;org.hibernate.search.annotations.NumericField;org.hibernate.search.annotations.Spatial;java.lang.Object;ReflectionManager;java.lang.Class<?>;XClass;org.hibernate.search.annotations.ClassBridge;org.hibernate.search.annotations.Field;org.hibernate.search.annotations.Resolution;XMember
org.hibernate.search.engine.spi.DocumentBuilderIndexedEntity;26;ReflectionManager;java.lang.Class<?>;java.util.Set<java.lang.String>;org.hibernate.search.cfg.SearchMapping;org.hibernate.search.bridge.FieldBridge;java.util.Set<org.hibernate.search.engine.spi.XClass>;org.hibernate.search.annotations.AnalyzerDef;java.lang.Class<? extends org.hibernate.search.cfg.TokenizerFactory>;T;java.util.Map<java.lang.String,java.lang.String>;org.hibernate.search.bridge.spi.ConversionContext;XClass;org.hibernate.search.impl.ConfigContext;java.lang.Class<T>;java.io.Serializable;org.hibernate.search.spi.InstanceInitializer;Document;java.lang.Object;org.hibernate.search.engine.metadata.impl.TypeMetadata;XAnnotatedElement;org.hibernate.search.bridge.StringBridge;org.hibernate.search.bridge.TwoWayFieldBridge;org.hibernate.search.cfg.spi.SearchConfiguration;java.util.List<org.hibernate.search.backend.LuceneWork>;java.util.Map<java.lang.String,java.lang.Object>;org.hibernate.search.engine.metadata.impl.EmbeddedTypeMetadata
org.hibernate.search.cfg.IndexEmbeddedMapping;10;java.util.Map<java.lang.String,java.lang.Object>;java.lang.Object;java.lang.Class<?>;org.hibernate.search.annotations.ClassBridge;org.hibernate.search.cfg.EntityDescriptor;org.hibernate.search.cfg.SearchMapping;org.hibernate.search.bridge.FieldBridge;org.hibernate.search.cfg.PropertyDescriptor;java.lang.annotation.ElementType;java.lang.Class<? extends org.hibernate.search.cfg.TokenizerFactory>
org.hibernate.search.query.fieldcache.impl.FloatFieldLoadingStrategy;1;IndexReader
org.hibernate.search.cfg.PropertyLatitudeMapping;11;java.util.Map<java.lang.String,java.lang.Object>;java.lang.Object;java.lang.Class<?>;org.hibernate.search.annotations.ClassBridge;org.hibernate.search.cfg.EntityDescriptor;org.hibernate.search.cfg.SearchMapping;java.lang.Class<? extends org.hibernate.search.bridge.FieldBridge>;org.hibernate.search.bridge.FieldBridge;org.hibernate.search.cfg.PropertyDescriptor;java.lang.annotation.ElementType;java.lang.Class<? extends org.hibernate.search.cfg.TokenizerFactory>
org.hibernate.search.bridge.util.impl.NumericFieldUtils;2;java.lang.Object;NumericField
org.hibernate.search.store.impl.DirectoryProviderHelper;3;java.util.Properties;java.io.File;Directory
org.hibernate.search.bridge.builtin.StringBridge;1;java.lang.Object
org.hibernate.search.util.impl.ReflectionHelper;6;java.lang.annotation.Annotation;java.lang.Object;XClass;java.lang.reflect.AccessibleObject;XMember;java.lang.annotation.Annotation[]
org.hibernate.search.backend.impl.jgroups.SlaveNodeSelector;3;View;Address;byte[]
org.hibernate.search.cfg.ClassBridgeMapping;14;java.lang.Object;java.lang.Class<?>;org.hibernate.search.annotations.Index;org.hibernate.search.cfg.SearchMapping;org.hibernate.search.bridge.FieldBridge;org.hibernate.search.annotations.Norms;org.hibernate.search.annotations.Store;java.lang.Class<? extends org.hibernate.search.cfg.TokenizerFactory>;java.lang.annotation.ElementType;org.hibernate.search.annotations.Analyze;java.util.Map<java.lang.String,java.lang.Object>;org.hibernate.search.annotations.ClassBridge;org.hibernate.search.cfg.EntityDescriptor;org.hibernate.search.annotations.TermVector
org.hibernate.search.cfg.spi.SearchConfigurationBase;0
org.hibernate.search.indexes.serialization.spi.SerializableTokenStream;1;java.util.List<java.util.List<org.hibernate.search.indexes.serialization.spi.AttributeImpl>>
org.hibernate.search.query.dsl.impl.PhraseQueryContext;0
org.hibernate.search.backend.impl.jgroups.MessageSerializationHelper;1;byte[]
org.hibernate.search.query.dsl.impl.ConnectedWildcardContext;7;Analyzer;Filter;java.lang.Class<?>;Query;org.hibernate.search.query.dsl.impl.QueryCustomizer;org.hibernate.search.engine.spi.SearchFactoryImplementor;org.hibernate.search.query.dsl.impl.QueryBuildingContext
org.hibernate.search.impl.AnnotationFactory;4;AnnotationDescriptor;java.lang.Class<T>;java.lang.ClassLoader;java.lang.reflect.InvocationHandler
org.hibernate.search.jmx.impl.JMXRegistrar;1;java.lang.Object
org.hibernate.search.impl.SimpleIndexingProgressMonitor;0
org.hibernate.search.bridge.builtin.NumericFieldBridge;3;org.hibernate.search.bridge.LuceneOptions;Document;java.lang.Object
org.hibernate.search.backend.impl.lucene.IndexWriterHolder;16;org.hibernate.search.indexes.impl.DirectoryBasedIndexManager;Document;java.util.Properties;java.lang.Class<?>;org.hibernate.search.exception.ErrorHandler;org.hibernate.search.spi.WorkerBuildContext;java.util.List<org.hibernate.search.backend.LuceneWork>;Similarity;java.io.IOException;java.lang.Throwable;org.hibernate.search.backend.LuceneWork;org.hibernate.search.backend.IndexingMonitor;org.hibernate.search.exception.impl.ErrorContextBuilder;java.io.Serializable;org.hibernate.search.engine.spi.SearchFactoryImplementor;org.hibernate.search.backend.impl.WorkVisitor<T>
org.hibernate.search.backend.impl.PostTransactionWorkQueueSynchronization;17;org.hibernate.search.backend.impl.QueueingProcessor;java.lang.Object;java.util.Map;org.hibernate.search.backend.spi.Work;org.hibernate.search.util.impl.WeakIdentityHashMap.Entry<K,V>[];K;java.lang.ref.ReferenceQueue;T;org.hibernate.search.util.impl.WeakIdentityHashMap;V;org.hibernate.search.util.impl.WeakIdentityHashMap.Entry<K,V>;java.lang.Class<T>;java.io.Serializable;org.hibernate.search.engine.spi.SearchFactoryImplementor;org.hibernate.search.backend.spi.WorkType;java.util.Map<? extends K,? extends V>;java.util.Map.Entry
org.hibernate.search.store.ShardIdentifierProviderTemplate;3;java.util.Properties;org.hibernate.search.filter.FullTextFilterImplementor[];org.hibernate.search.spi.BuildContext
org.hibernate.search.engine.impl.DynamicShardingEntityIndexBinding;19;java.util.Set<java.lang.Class<?>>;org.hibernate.search.cfg.spi.IndexManagerFactory;java.util.Properties;org.hibernate.search.annotations.Indexed;java.lang.Class<?>;org.hibernate.search.engine.spi.DocumentBuilderIndexedEntity<T>;org.hibernate.search.indexes.impl.IndexManagerHolder;org.hibernate.search.spi.WorkerBuildContext;org.hibernate.search.spi.internals.SearchFactoryImplementorWithShareableState;org.hibernate.search.cfg.spi.SearchConfiguration;Similarity;org.hibernate.search.indexes.interceptor.EntityIndexingInterceptor<? super T>;org.hibernate.search.indexes.spi.IndexManager[];org.hibernate.search.store.ShardIdentifierProvider;XClass;java.util.Properties[];java.lang.Class;org.hibernate.search.engine.spi.SearchFactoryImplementor;org.hibernate.search.engine.impl.DynamicShardingEntityIndexBinding
org.hibernate.search.spatial.impl.SpatialQueryBuilderFromCoordinates;2;Filter;org.hibernate.search.spatial.Coordinates
org.hibernate.search.indexes.serialization.impl.PluggableSerializationLuceneWorkSerializer;10;Document;java.lang.Class<?>;org.hibernate.search.indexes.serialization.spi.SerializationProvider;org.hibernate.search.indexes.serialization.spi.Serializer;org.hibernate.search.backend.LuceneWork;java.io.Serializable;org.hibernate.search.engine.spi.SearchFactoryImplementor;org.hibernate.search.backend.impl.WorkVisitor<T>;java.util.List<org.hibernate.search.backend.LuceneWork>;byte[]
org.hibernate.search.bridge.builtin.UrlBridge;1;java.lang.Object
org.hibernate.search.bridge.builtin.BigIntegerBridge;0
org.hibernate.search.backend.impl.jms.JmsBackendQueueProcessor;13;org.hibernate.search.indexes.impl.DirectoryBasedIndexManager;Document;java.util.Properties;java.lang.Class<?>;org.hibernate.search.spi.WorkerBuildContext;java.util.List<org.hibernate.search.backend.LuceneWork>;Similarity;org.hibernate.search.backend.LuceneWork;org.hibernate.search.backend.IndexingMonitor;java.io.Serializable;org.hibernate.search.engine.spi.SearchFactoryImplementor;org.hibernate.search.backend.impl.WorkVisitor<T>;QueueConnectionFactory
org.hibernate.search.backend.impl.blackhole.BlackHoleBackendQueueProcessor;12;org.hibernate.search.indexes.impl.DirectoryBasedIndexManager;Document;java.util.Properties;java.lang.Class<?>;org.hibernate.search.spi.WorkerBuildContext;org.hibernate.search.backend.IndexingMonitor;org.hibernate.search.backend.LuceneWork;org.hibernate.search.engine.spi.SearchFactoryImplementor;java.io.Serializable;Similarity;org.hibernate.search.backend.impl.WorkVisitor<T>;java.util.List<org.hibernate.search.backend.LuceneWork>
org.hibernate.search.util.configuration.impl.ConfigurationParseHelper;1;java.util.Properties
org.hibernate.search.backend.impl.jgroups.JGroupsBackendQueueTask;16;org.hibernate.search.indexes.impl.DirectoryBasedIndexManager;Document;java.util.Properties;java.lang.Class<?>;org.hibernate.search.spi.WorkerBuildContext;java.util.List<org.hibernate.search.backend.LuceneWork>;Similarity;org.hibernate.search.indexes.spi.IndexManager;org.hibernate.search.backend.impl.jgroups.NodeSelectorStrategyHolder;org.hibernate.search.backend.LuceneWork;org.hibernate.search.backend.IndexingMonitor;org.hibernate.search.backend.impl.jgroups.JGroupsBackendQueueProcessor;org.hibernate.search.backend.impl.jgroups.NodeSelectorStrategy;java.io.Serializable;org.hibernate.search.engine.spi.SearchFactoryImplementor;org.hibernate.search.backend.impl.WorkVisitor<T>
org.hibernate.search.query.fieldcache.impl.IntFieldLoadingStrategy;1;IndexReader
org.hibernate.search.bridge.builtin.DoubleNumericFieldBridge;1;Document
org.hibernate.search.indexes.impl.PropertiesParseHelper;13;org.hibernate.search.indexes.impl.DirectoryBasedIndexManager;Document;java.util.Properties;java.lang.Class<?>;org.hibernate.search.spi.WorkerBuildContext;Similarity;java.util.List<org.hibernate.search.backend.LuceneWork>;org.hibernate.search.indexes.spi.IndexManager;org.hibernate.search.backend.LuceneWork;org.hibernate.search.backend.IndexingMonitor;java.io.Serializable;org.hibernate.search.engine.spi.SearchFactoryImplementor;org.hibernate.search.backend.impl.WorkVisitor<T>
org.hibernate.search.query.dsl.impl.ConnectedFacetRangeAboveBelowContext;5;T;java.lang.Class<?>;org.hibernate.search.query.facet.FacetSortOrder;org.hibernate.search.query.dsl.impl.FacetBuildingContext;org.hibernate.search.engine.spi.SearchFactoryImplementor
org.hibernate.search.backend.impl.lucene.LuceneBackendTaskStreamer;19;org.hibernate.search.backend.impl.lucene.LuceneBackendResources;org.hibernate.search.indexes.impl.DirectoryBasedIndexManager;Document;java.util.Properties;java.lang.Class<?>;org.hibernate.search.spi.WorkerBuildContext;java.util.List<org.hibernate.search.backend.LuceneWork>;Similarity;java.util.concurrent.ExecutorService;org.hibernate.search.backend.impl.lucene.AbstractWorkspaceImpl;java.lang.Throwable;org.hibernate.search.backend.IndexingMonitor;org.hibernate.search.backend.LuceneWork;IndexWriter;java.lang.Class<T>;org.hibernate.search.exception.impl.ErrorContextBuilder;org.hibernate.search.engine.spi.SearchFactoryImplementor;java.io.Serializable;org.hibernate.search.backend.impl.WorkVisitor<T>
org.hibernate.search.bridge.builtin.EnumBridge;2;java.lang.Object;java.lang.Class<?>
org.hibernate.search.bridge.builtin.LongNumericFieldBridge;1;Document
org.hibernate.search.indexes.serialization.impl.LuceneWorkHydrator;13;Field;java.lang.Class<?>;java.util.List<java.lang.Integer>;AttributeImpl;org.hibernate.search.indexes.serialization.spi.SerializableIndex;java.util.Map<java.lang.String,java.lang.String>;java.lang.CharSequence;org.hibernate.search.bridge.spi.ConversionContext;org.hibernate.search.indexes.serialization.spi.SerializableStore;org.hibernate.search.indexes.serialization.spi.SerializableTermVector;org.hibernate.search.engine.spi.SearchFactoryImplementor;java.io.Serializable;byte[]
org.hibernate.search.indexes.serialization.javaserialization.impl.JavaSerializationDeserializer;4;org.hibernate.search.indexes.serialization.spi.LuceneWorksBuilder;org.hibernate.search.indexes.serialization.javaserialization.impl.SerializableDocument;java.util.Set<org.hibernate.search.indexes.serialization.javaserialization.impl.SerializableFieldable>;byte[]
org.hibernate.search.query.dsl.impl.ConnectedFacetRangeEndContext;5;T;java.lang.Class<?>;org.hibernate.search.query.facet.FacetSortOrder;org.hibernate.search.query.dsl.impl.FacetBuildingContext;org.hibernate.search.engine.spi.SearchFactoryImplementor
org.hibernate.search.backend.impl.lucene.works.DeleteWorkDelegate;9;Document;java.lang.Class<?>;org.hibernate.search.backend.LuceneWork;org.hibernate.search.backend.IndexingMonitor;org.hibernate.search.store.Workspace;IndexWriter;org.hibernate.search.engine.spi.DocumentBuilderIndexedEntity<?>;java.io.Serializable;org.hibernate.search.backend.impl.WorkVisitor<T>
org.hibernate.search.indexes.serialization.impl.CopyTokenStream;2;TokenStream;java.util.List<java.util.List<org.hibernate.search.indexes.serialization.impl.AttributeImpl>>
org.hibernate.search.indexes.serialization.javaserialization.impl.Update;4;java.util.Map<java.lang.String,java.lang.String>;org.hibernate.search.indexes.serialization.javaserialization.impl.SerializableDocument;java.io.Serializable;java.util.Set<org.hibernate.search.indexes.serialization.javaserialization.impl.SerializableFieldable>
org.hibernate.search.Environment;0
org.hibernate.search.bridge.builtin.impl.BuiltinIterableBridge;2;java.lang.Object;org.hibernate.search.bridge.FieldBridge
org.hibernate.search.query.dsl.impl.ConnectedFacetRangeStartContext;5;T;java.lang.Class<?>;org.hibernate.search.query.facet.FacetSortOrder;org.hibernate.search.query.dsl.impl.FacetBuildingContext;org.hibernate.search.engine.spi.SearchFactoryImplementor
org.hibernate.search.indexes.interceptor.DefaultEntityInterceptor;1;java.lang.Object
org.hibernate.search.store.impl.NotShardedStrategy;6;org.hibernate.search.indexes.spi.IndexManager[];Document;java.util.Properties;java.lang.Class<?>;org.hibernate.search.filter.FullTextFilterImplementor[];java.io.Serializable
org.hibernate.search.bridge.builtin.impl.DefaultStringBridge;1;java.lang.Object
org.hibernate.search.backend.impl.lucene.works.AddWorkDelegate;14;java.util.Map<java.lang.String,org.hibernate.search.util.impl.Analyzer>;Analyzer;Document;java.lang.Class<?>;Fieldable;org.hibernate.search.util.impl.ScopedAnalyzer;java.util.Map<java.lang.String,java.lang.String>;org.hibernate.search.backend.IndexingMonitor;org.hibernate.search.backend.LuceneWork;IndexWriter;org.hibernate.search.store.Workspace;java.io.Serializable;java.io.Reader;org.hibernate.search.backend.impl.WorkVisitor<T>
org.hibernate.search.engine.impl.DocumentBuilderHelper;10;Document;java.lang.Object[];org.hibernate.search.bridge.spi.ConversionContext;org.hibernate.search.engine.metadata.impl.TypeMetadata;java.lang.Class<?>;Fieldable;java.lang.String[];org.hibernate.search.bridge.FieldBridge;org.hibernate.search.engine.spi.SearchFactoryImplementor;org.hibernate.search.annotations.Store
org.hibernate.search.cfg.PropertySpatialMapping;13;org.hibernate.search.annotations.SpatialMode;java.lang.Object;java.lang.Class<?>;org.hibernate.search.cfg.SearchMapping;org.hibernate.search.bridge.FieldBridge;org.hibernate.search.cfg.PropertyDescriptor;org.hibernate.search.annotations.Store;java.lang.Class<? extends org.hibernate.search.cfg.TokenizerFactory>;java.lang.annotation.ElementType;java.util.Map<java.lang.String,java.lang.Object>;org.hibernate.search.cfg.EntityDescriptor;org.hibernate.search.annotations.ClassBridge;java.lang.Class<? extends org.hibernate.search.bridge.FieldBridge>
org.hibernate.search.indexes.impl.IndexManagerHolder;19;java.util.Set<java.lang.Class<?>>;org.hibernate.search.cfg.spi.IndexManagerFactory;org.hibernate.search.annotations.Indexed;java.util.Properties;java.lang.Class<?>;org.hibernate.search.engine.spi.DocumentBuilderIndexedEntity<T>;org.hibernate.search.indexes.impl.IndexManagerHolder;org.hibernate.search.spi.WorkerBuildContext;org.hibernate.search.spi.internals.SearchFactoryImplementorWithShareableState;org.hibernate.search.cfg.spi.SearchConfiguration;Similarity;org.hibernate.search.indexes.interceptor.EntityIndexingInterceptor<? super T>;org.hibernate.search.indexes.spi.IndexManager[];org.hibernate.search.store.ShardIdentifierProvider;XClass;java.util.Properties[];java.lang.Class;org.hibernate.search.engine.spi.SearchFactoryImplementor;org.hibernate.search.engine.impl.DynamicShardingEntityIndexBinding
org.hibernate.search.indexes.serialization.javaserialization.impl.JavaSerializationSerializer;8;java.util.Map<java.lang.String,java.lang.String>;Field;java.util.List<org.hibernate.search.indexes.serialization.javaserialization.impl.Fieldable>;org.hibernate.search.indexes.serialization.spi.LuceneNumericFieldContext;NumericField;java.util.List<org.hibernate.search.backend.LuceneWork>;org.hibernate.search.indexes.serialization.spi.LuceneFieldContext;byte[]
org.hibernate.search.util.impl.JNDIHelper;2;java.util.Properties;java.util.HashSet<java.lang.String>
org.hibernate.search.query.dsl.impl.ConnectedFacetRangeAboveContext;5;T;java.lang.Class<?>;org.hibernate.search.query.facet.FacetSortOrder;org.hibernate.search.query.dsl.impl.FacetBuildingContext;org.hibernate.search.engine.spi.SearchFactoryImplementor
org.hibernate.search.query.dsl.impl.ConnectedDiscreteFacetContext;5;T;java.lang.Class<?>;org.hibernate.search.query.facet.FacetSortOrder;org.hibernate.search.query.dsl.impl.FacetBuildingContext;org.hibernate.search.engine.spi.SearchFactoryImplementor
org.hibernate.search.cfg.PropertyDescriptor;2;java.util.Map<java.lang.String,java.lang.Object>;java.lang.annotation.ElementType
org.hibernate.search.store.impl.FSSlaveDirectoryProvider;17;org.hibernate.search.indexes.impl.DirectoryBasedIndexManager;Document;java.util.Properties;java.lang.Object;java.lang.Class<?>;org.hibernate.search.spi.WorkerBuildContext;java.util.TimerTask;java.util.List<org.hibernate.search.backend.LuceneWork>;Similarity;org.hibernate.search.backend.LuceneWork;org.hibernate.search.backend.IndexingMonitor;java.io.File;org.hibernate.search.spi.BuildContext;org.hibernate.search.engine.spi.SearchFactoryImplementor;java.io.Serializable;org.hibernate.search.backend.impl.WorkVisitor<T>;Directory
org.hibernate.search.spatial.impl.DistanceCollector;4;IndexReader;Scorer;org.hibernate.search.spatial.Coordinates;Collector
org.hibernate.search.jmx.StatisticsInfo;1;org.hibernate.search.stat.Statistics
org.hibernate.search.bridge.builtin.ClassBridge;1;java.lang.Object
org.hibernate.search.impl.SolrAnalyzerBuilder;6;java.util.Map<java.lang.String,java.lang.String>;org.hibernate.search.annotations.Parameter[];java.lang.Object;Version;org.hibernate.search.annotations.AnalyzerDef;ResourceLoader
org.hibernate.search.backend.impl.jgroups.NodeSelectorStrategyHolderImplementation;3;View;Address;org.hibernate.search.backend.impl.jgroups.NodeSelectorStrategy
org.hibernate.search.backend.impl.lucene.works.LuceneWorkVisitor;12;org.hibernate.search.backend.FlushLuceneWork;Document;java.util.Map<java.lang.String,java.lang.String>;java.lang.Class<?>;org.hibernate.search.backend.AddLuceneWork;org.hibernate.search.backend.DeleteLuceneWork;org.hibernate.search.backend.UpdateLuceneWork;org.hibernate.search.store.Workspace;java.io.Serializable;org.hibernate.search.backend.PurgeAllLuceneWork;org.hibernate.search.backend.impl.WorkVisitor<T>;org.hibernate.search.backend.OptimizeLuceneWork
org.hibernate.search.cfg.AnalyzerDefMapping;5;java.util.Map<java.lang.String,java.lang.Object>;java.lang.Class<?>;org.hibernate.search.cfg.SearchMapping;java.lang.Class<? extends org.hibernate.search.cfg.TokenFilterFactory>;java.lang.Class<? extends org.hibernate.search.cfg.TokenizerFactory>
org.hibernate.search.reader.impl.ReaderProviderHelper;9;org.hibernate.search.SearchException;java.lang.Object;MultiReader;org.hibernate.search.indexes.spi.ReaderProvider[];java.lang.Throwable;IndexReader[];IndexReader;IndexSearcher;java.util.Set<org.hibernate.search.reader.impl.IndexReader>
org.hibernate.search.query.fieldcache.impl.LongFieldLoadingStrategy;1;IndexReader
org.hibernate.search.indexes.serialization.javaserialization.impl.SerializableDoubleField;2;org.hibernate.search.indexes.serialization.spi.LuceneNumericFieldContext;NumericField
org.hibernate.search.query.dsl.impl.TermQueryContext;1;org.hibernate.search.query.dsl.impl.TermQueryContext.Approximation
org.hibernate.search.backend.impl.lucene.AbstractWorkspaceImpl;16;org.hibernate.search.indexes.impl.DirectoryBasedIndexManager;Document;java.util.Properties;java.lang.Class<?>;org.hibernate.search.spi.WorkerBuildContext;java.util.List<org.hibernate.search.backend.LuceneWork>;Similarity;java.lang.Throwable;org.hibernate.search.backend.LuceneWork;org.hibernate.search.backend.IndexingMonitor;IndexWriter;java.lang.Class<T>;org.hibernate.search.exception.impl.ErrorContextBuilder;java.io.Serializable;org.hibernate.search.engine.spi.SearchFactoryImplementor;org.hibernate.search.backend.impl.WorkVisitor<T>
org.hibernate.search.util.StringHelper;0
org.hibernate.search.bridge.builtin.impl.BuiltinMapBridge;2;java.lang.Object;org.hibernate.search.bridge.FieldBridge
org.hibernate.search.jmx.IndexingProgressMonitor;0
org.hibernate.search.bridge.util.impl.ContextualExceptionBridgeHelper;8;org.hibernate.search.bridge.LuceneOptions;Document;java.lang.Object;java.lang.Class<?>;java.lang.Exception;org.hibernate.search.bridge.StringBridge;org.hibernate.search.bridge.TwoWayFieldBridge;org.hibernate.search.bridge.FieldBridge
org.hibernate.search.filter.impl.CachingWrapperFilter;3;Filter;java.lang.Object;IndexReader
org.hibernate.search.query.engine.impl.HSQueryImpl;33;java.util.Map<java.lang.String,org.hibernate.search.query.dsl.impl.FacetingRequestImpl>;org.hibernate.search.filter.impl.FullTextFilterImpl;java.lang.Boolean;Query;java.lang.reflect.Method;org.hibernate.search.query.fieldcache.impl.FieldCacheLoadingType;Similarity;org.apache;Weight;FieldSelector;org.hibernate.search.query.engine.impl.TimeoutManagerImpl;org.hibernate.search.store.IndexShardingStrategy;Sort;java.util.List<java.lang.Class<?>>;org.hibernate.search.annotations.FullTextFilterDef;org.hibernate.search.query.engine.impl.IndexSearcherWithPayload;org.hibernate.search.query.fieldcache.impl.FieldLoadingStrategy;java.lang.Object;org.hibernate.search.query.collector.impl.FieldCacheCollectorFactory;java.lang.Integer;org.hibernate.search.spatial.Coordinates;java.util.List<org.hibernate.search.indexes.spi.IndexManager>;org.hibernate.search.engine.impl.FilterDef;Collector;org.hibernate.search.query.engine.impl.QueryHits;java.util.concurrent.TimeUnit;Filter;org.hibernate.search.bridge.TwoWayStringBridge;java.lang.RuntimeException;IndexSearcher;org.hibernate.search.query.engine.spi.TimeoutExceptionFactory;org.hibernate.search.engine.spi.TimingSource;org.hibernate.search.engine.spi.SearchFactoryImplementor
org.hibernate.search.backend.impl.lucene.LuceneBackendQueueTask;20;org.hibernate.search.backend.impl.lucene.LuceneBackendResources;org.hibernate.search.indexes.impl.DirectoryBasedIndexManager;Document;java.util.Properties;java.lang.Class<?>;org.hibernate.search.spi.WorkerBuildContext;java.util.List<org.hibernate.search.backend.LuceneWork>;Similarity;java.util.concurrent.ExecutorService;org.hibernate.search.backend.impl.lucene.AbstractWorkspaceImpl;java.lang.Exception;java.lang.Throwable;org.hibernate.search.backend.LuceneWork;org.hibernate.search.backend.IndexingMonitor;IndexWriter;java.lang.Class<T>;org.hibernate.search.exception.impl.ErrorContextBuilder;java.io.Serializable;org.hibernate.search.engine.spi.SearchFactoryImplementor;org.hibernate.search.backend.impl.WorkVisitor<T>
org.hibernate.search.bridge.builtin.impl.NullEncodingTwoWayFieldBridge;4;org.hibernate.search.bridge.LuceneOptions;Document;java.lang.Object;org.hibernate.search.bridge.TwoWayFieldBridge
org.hibernate.search.indexes.serialization.avro.impl.AvroSerializationProvider;0
org.hibernate.search.query.dsl.impl.ConnectedSpatialContext;6;Analyzer;Filter;java.lang.Class<?>;org.hibernate.search.query.dsl.impl.ConnectedQueryBuilder;org.hibernate.search.engine.spi.SearchFactoryImplementor;org.hibernate.search.query.dsl.impl.QueryBuildingContext
org.hibernate.search.bridge.BridgeException;1;java.lang.Throwable
org.hibernate.search.bridge.builtin.CalendarBridge;3;java.util.Map<java.lang.String,java.lang.String>;java.lang.Object;org.hibernate.search.annotations.Resolution
org.hibernate.search.backend.impl.lucene.NRTWorkspaceImpl;20;org.hibernate.search.indexes.impl.DirectoryBasedIndexManager;Document;java.util.Properties;org.hibernate.search.backend.AddLuceneWork;java.lang.Class<?>;org.hibernate.search.spi.WorkerBuildContext;org.hibernate.search.backend.UpdateLuceneWork;java.util.List<org.hibernate.search.backend.LuceneWork>;Similarity;org.hibernate.search.backend.FlushLuceneWork;java.util.Map<java.lang.String,java.lang.String>;IndexReader;org.hibernate.search.backend.IndexingMonitor;org.hibernate.search.backend.DeleteLuceneWork;org.hibernate.search.backend.LuceneWork;org.hibernate.search.engine.spi.SearchFactoryImplementor;java.io.Serializable;org.hibernate.search.backend.PurgeAllLuceneWork;org.hibernate.search.backend.impl.WorkVisitor<T>;org.hibernate.search.backend.OptimizeLuceneWork
org.hibernate.search.backend.impl.jms.JndiJMSBackendQueueProcessor;2;java.util.Properties;QueueConnectionFactory
org.hibernate.search.engine.spi.AbstractDocumentBuilder;22;org.hibernate.search.spi.InstanceInitializer;java.util.Set<java.lang.Class<?>>;org.hibernate.search.engine.metadata.impl.TypeMetadata;java.lang.Object;java.lang.Class<?>;ReflectionManager;java.lang.Integer;org.hibernate.search.backend.spi.Work<T>;java.util.Set<org.hibernate.search.engine.spi.XClass>;org.hibernate.search.engine.spi.DepthValidator;java.util.List<org.hibernate.search.backend.LuceneWork>;org.hibernate.search.engine.metadata.impl.ContainedInMetadata;T;org.hibernate.search.bridge.spi.ConversionContext;XClass;org.hibernate.search.engine.spi.AbstractDocumentBuilder<T>;java.lang.String[];java.lang.Class<T>;org.hibernate.search.engine.spi.SearchFactoryImplementor;java.io.Serializable;org.hibernate.search.engine.impl.WorkPlan;XMember
org.hibernate.search.bridge.builtin.DateResolutionUtil;1;org.hibernate.search.annotations.Resolution
org.hibernate.search.util.impl.CollectionHelper;2;T;java.util.Collection<T>
org.hibernate.search.bridge.builtin.FloatNumericFieldBridge;1;Document
org.hibernate.search.util.impl.DelegateNamedAnalyzer;3;Analyzer;Fieldable;java.io.Reader
org.hibernate.search.query.dsl.impl.ConnectedRangeContext;5;Analyzer;Filter;java.lang.Class<?>;org.hibernate.search.engine.spi.SearchFactoryImplementor;org.hibernate.search.query.dsl.impl.QueryBuildingContext
org.hibernate.search.engine.impl.DefaultBoostStrategy;1;java.lang.Object
org.hibernate.search.query.engine.impl.DocumentExtractorImpl;30;java.util.Map<java.lang.String,org.hibernate.search.query.dsl.impl.FacetingRequestImpl>;Query;java.util.Set<java.lang.String>;org.hibernate.search.query.fieldcache.impl.FieldCacheLoadingType;org.hibernate.search.bridge.spi.ConversionContext;org.apache;Weight;FieldSelector;org.hibernate.search.query.engine.impl.TimeoutManagerImpl;java.lang.Class;Sort;org.hibernate.search.query.engine.impl.IndexSearcherWithPayload;java.util.Set<java.lang.Class<?>>;Document;org.hibernate.search.query.fieldcache.impl.FieldLoadingStrategy;java.lang.Object;org.hibernate.search.query.collector.impl.FieldCacheCollectorFactory;org.hibernate.search.spatial.Coordinates;java.lang.Integer;Collector;org.hibernate.search.query.engine.impl.QueryHits;java.util.concurrent.TimeUnit;Filter;org.hibernate.search.bridge.TwoWayStringBridge;java.lang.RuntimeException;IndexSearcher;org.hibernate.search.query.engine.spi.TimeoutExceptionFactory;java.lang.String[];org.hibernate.search.engine.spi.TimingSource;org.hibernate.search.engine.spi.SearchFactoryImplementor
org.hibernate.search.backend.impl.jgroups.DispatcherMessageSender;2;Message;MessageDispatcher
org.hibernate.search.backend.impl.batch.DefaultBatchBackend;9;Document;java.util.Set<java.lang.Class<?>>;java.lang.Class<?>;java.util.Collection<java.lang.Class<?>>;org.hibernate.search.backend.LuceneWork;org.hibernate.search.batchindexing.MassIndexerProgressMonitor;java.io.Serializable;org.hibernate.search.spi.SearchFactoryIntegrator;org.hibernate.search.backend.impl.WorkVisitor<T>
org.hibernate.search.engine.impl.AnnotationProcessingHelper;16;XAnnotatedElement;java.lang.Class<?>;org.hibernate.search.annotations.Index;org.hibernate.search.cfg.SearchMapping;XProperty;org.hibernate.search.cfg.spi.SearchConfiguration;org.hibernate.search.annotations.Norms;org.hibernate.search.annotations.AnalyzerDef;java.lang.Class<? extends org.hibernate.search.cfg.TokenizerFactory>;java.lang.annotation.Annotation;org.hibernate.search.annotations.Analyzer;org.hibernate.search.annotations.Analyze;org.hibernate.search.annotations.NumericField;java.util.Map<java.lang.String,java.lang.Object>;org.hibernate.search.impl.ConfigContext;org.hibernate.search.annotations.TermVector
org.hibernate.search.indexes.serialization.javaserialization.impl.Delete;1;java.io.Serializable
org.hibernate.search.query.dsl.impl.ConnectedAllContext;2;Filter;Query
org.hibernate.search.spatial.SpatialFieldBridgeByQuadTree;4;org.hibernate.search.bridge.LuceneOptions;Document;java.util.Map;java.lang.Object
org.hibernate.search.backend.impl.lucene.works.UpdateExtWorkDelegate;15;java.util.Map<java.lang.String,org.hibernate.search.util.impl.Analyzer>;Analyzer;org.hibernate.search.backend.impl.lucene.works.AddWorkDelegate;Document;java.lang.Class<?>;Fieldable;org.hibernate.search.util.impl.ScopedAnalyzer;java.util.Map<java.lang.String,java.lang.String>;org.hibernate.search.backend.IndexingMonitor;org.hibernate.search.backend.LuceneWork;IndexWriter;org.hibernate.search.store.Workspace;java.io.Serializable;org.hibernate.search.backend.impl.WorkVisitor<T>;java.io.Reader
org.hibernate.search.backend.OptimizeLuceneWork;2;java.lang.Class<?>;org.hibernate.search.backend.impl.WorkVisitor<T>
org.hibernate.search.spatial.impl.Rectangle;2;org.hibernate.search.spatial.impl.Point;org.hibernate.search.spatial.Coordinates
org.hibernate.search.impl.MutableSearchFactoryState;37;org.hibernate.search.spi.internals.PolymorphicIndexHierarchy;java.util.Map<java.lang.String,org.hibernate.search.engine.impl.FilterDef>;java.util.Properties;org.hibernate.search.annotations.Indexed;java.lang.Class<?>;org.hibernate.search.spi.WorkerBuildContext;org.hibernate.search.cfg.SearchMapping;java.util.Map<java.lang.Class<?>,org.hibernate.search.engine.spi.EntityIndexBinding>;Similarity;org.hibernate.search.backend.spi.Worker;org.hibernate.search.backend.spi.BackendQueueProcessor;java.lang.Class<? extends org.hibernate.search.cfg.TokenizerFactory>;org.hibernate.search.spi.internals.SearchFactoryState;org.hibernate.search.indexes.interceptor.EntityIndexingInterceptor<? super T>;java.util.Map<java.lang.String,org.hibernate.search.impl.Analyzer>;XClass;java.util.Properties[];java.lang.Class;org.hibernate.search.spi.InstanceInitializer;org.hibernate.search.cfg.spi.IndexManagerFactory;java.util.Set<java.lang.Class<?>>;org.hibernate.search.engine.spi.DocumentBuilderIndexedEntity<T>;org.hibernate.search.spi.internals.SearchFactoryImplementorWithShareableState;org.hibernate.search.indexes.impl.IndexManagerHolder;org.hibernate.search.exception.ErrorHandler;org.hibernate.search.filter.FilterCachingStrategy;org.hibernate.search.engine.ServiceManager;org.hibernate.search.cfg.spi.SearchConfiguration;java.lang.Class<?>[];org.hibernate.search.indexes.spi.IndexManager[];org.hibernate.search.store.ShardIdentifierProvider;java.util.Map<java.lang.String,java.lang.Object>;org.hibernate.search.query.engine.spi.TimeoutExceptionFactory;org.hibernate.search.engine.spi.TimingSource;java.util.Map<java.lang.Class<?>,org.hibernate.search.engine.spi.DocumentBuilderContainedEntity<?>>;org.hibernate.search.engine.spi.SearchFactoryImplementor;org.hibernate.search.engine.impl.DynamicShardingEntityIndexBinding
org.hibernate.search.util.impl.FileHelper;4;java.io.InputStream;java.io.Closeable;java.io.File;java.lang.ClassLoader
org.hibernate.search.bridge.builtin.impl.BuiltinNumericIterableBridge;4;org.hibernate.search.bridge.LuceneOptions;Document;java.lang.Object;org.hibernate.search.bridge.FieldBridge
org.hibernate.search.cfg.IndexedMapping;13;java.lang.Object;java.lang.Class<?>;org.hibernate.search.cfg.SearchMapping;org.hibernate.search.bridge.FieldBridge;java.lang.Class<? extends org.hibernate.search.cfg.TokenizerFactory>;java.lang.annotation.ElementType;java.util.Map<java.lang.String,java.lang.Object>;org.hibernate.search.cfg.EntityDescriptor;org.hibernate.search.annotations.ClassBridge;java.lang.Class<? extends org.hibernate.search.engine.BoostStrategy>;java.lang.Class<? extends org.hibernate.search.indexes.interceptor.EntityIndexingInterceptor>;java.lang.Class<? extends org.hibernate.search.analyzer.Discriminator>;org.hibernate.search.annotations.FieldCacheType
org.hibernate.search.store.optimization.impl.IncrementalOptimizerStrategy;4;org.hibernate.search.indexes.spi.IndexManager;java.util.Properties;org.hibernate.search.store.Workspace;IndexWriter
org.hibernate.search.engine.impl.StandardServiceManager;6;org.hibernate.search.spi.ServiceProvider<S>;java.lang.Class<? extends org.hibernate.search.spi.ServiceProvider<S>>;java.lang.Class<? extends org.hibernate.search.spi.ServiceProvider<T>>;org.hibernate.search.spi.BuildContext;org.hibernate.search.cfg.spi.SearchConfiguration;java.lang.Class<? extends org.hibernate.search.spi.ServiceProvider<?>>
org.hibernate.search.query.dsl.impl.ConnectedQueryBuilder;4;Analyzer;java.lang.Class<?>;org.hibernate.search.engine.spi.SearchFactoryImplementor;org.hibernate.search.query.dsl.impl.QueryBuildingContext
org.hibernate.search.cfg.ContainedInMapping;11;java.util.Map<java.lang.String,java.lang.Object>;java.lang.Object;java.lang.Class<?>;org.hibernate.search.annotations.ClassBridge;org.hibernate.search.cfg.EntityDescriptor;org.hibernate.search.cfg.SearchMapping;java.lang.Class<? extends org.hibernate.search.bridge.FieldBridge>;org.hibernate.search.bridge.FieldBridge;org.hibernate.search.cfg.PropertyDescriptor;java.lang.annotation.ElementType;java.lang.Class<? extends org.hibernate.search.cfg.TokenizerFactory>
org.hibernate.search.engine.metadata.impl.ContainedInMetadata;2;java.lang.Integer;XMember
org.hibernate.search.batchindexing.impl.Executors;2;java.lang.Runnable;java.util.concurrent.ThreadPoolExecutor
org.hibernate.search.query.dsl.impl.Helper;9;Analyzer;org.hibernate.search.bridge.spi.ConversionContext;org.hibernate.search.query.dsl.impl.FieldContext;java.lang.Object;java.lang.Class<?>;org.hibernate.search.bridge.FieldBridge;org.hibernate.search.engine.spi.DocumentBuilderIndexedEntity<?>;org.hibernate.search.engine.spi.SearchFactoryImplementor;org.hibernate.search.query.dsl.impl.QueryBuildingContext
org.hibernate.search.cfg.EntitySpatialMapping;11;org.hibernate.search.annotations.SpatialMode;java.util.Map<java.lang.String,java.lang.Object>;java.lang.Object;java.lang.Class<?>;org.hibernate.search.annotations.ClassBridge;org.hibernate.search.cfg.EntityDescriptor;org.hibernate.search.cfg.SearchMapping;org.hibernate.search.bridge.FieldBridge;org.hibernate.search.annotations.Store;java.lang.annotation.ElementType;java.lang.Class<? extends org.hibernate.search.cfg.TokenizerFactory>
org.hibernate.search.impl.SimpleInitializer;6;T;java.util.Map<K,V>;java.lang.Object[];java.lang.Object;java.util.Collection<T>;org.hibernate.search.backend.spi.Work<T>
org.hibernate.search.indexes.serialization.javaserialization.impl.SerializableReaderField;2;Field;org.hibernate.search.indexes.serialization.spi.LuceneFieldContext
org.hibernate.search.backend.impl.lucene.SingleTaskRunnable;19;org.hibernate.search.backend.impl.lucene.LuceneBackendResources;org.hibernate.search.indexes.impl.DirectoryBasedIndexManager;Document;java.util.Properties;java.lang.Class<?>;org.hibernate.search.spi.WorkerBuildContext;java.util.List<org.hibernate.search.backend.LuceneWork>;Similarity;java.util.concurrent.ExecutorService;org.hibernate.search.backend.impl.lucene.AbstractWorkspaceImpl;java.lang.Throwable;org.hibernate.search.backend.IndexingMonitor;org.hibernate.search.backend.LuceneWork;IndexWriter;java.lang.Class<T>;org.hibernate.search.exception.impl.ErrorContextBuilder;org.hibernate.search.engine.spi.SearchFactoryImplementor;java.io.Serializable;org.hibernate.search.backend.impl.WorkVisitor<T>
org.hibernate.search.stat.impl.StatisticsImpl;1;org.hibernate.search.engine.spi.SearchFactoryImplementor
org.hibernate.search.backend.impl.lucene.SharedIndexWorkspaceImpl;14;org.hibernate.search.indexes.impl.DirectoryBasedIndexManager;Document;java.util.Properties;java.lang.Class<?>;org.hibernate.search.spi.WorkerBuildContext;Similarity;java.util.List<org.hibernate.search.backend.LuceneWork>;java.lang.Throwable;org.hibernate.search.backend.LuceneWork;org.hibernate.search.backend.IndexingMonitor;org.hibernate.search.exception.impl.ErrorContextBuilder;java.io.Serializable;org.hibernate.search.engine.spi.SearchFactoryImplementor;org.hibernate.search.backend.impl.WorkVisitor<T>
org.hibernate.search.backend.impl.jgroups.JGroupsMasterMessageListener;9;java.io.InputStream;View;org.hibernate.search.indexes.spi.IndexManager;org.hibernate.search.backend.impl.jgroups.NodeSelectorStrategyHolder;Message;Address;java.io.OutputStream;org.hibernate.search.spi.BuildContext;java.util.List<org.hibernate.search.backend.LuceneWork>
org.hibernate.search.backend.impl.lucene.works.FlushWorkDelegate;8;Document;java.lang.Class<?>;org.hibernate.search.backend.LuceneWork;org.hibernate.search.backend.IndexingMonitor;org.hibernate.search.store.Workspace;IndexWriter;java.io.Serializable;org.hibernate.search.backend.impl.WorkVisitor<T>
org.hibernate.search.indexes.serialization.javaserialization.impl.OptimizeAll;0
org.hibernate.search.cfg.DocumentIdMapping;11;java.util.Map<java.lang.String,java.lang.Object>;java.lang.Object;java.lang.Class<?>;org.hibernate.search.annotations.ClassBridge;org.hibernate.search.cfg.EntityDescriptor;org.hibernate.search.cfg.SearchMapping;java.lang.Class<? extends org.hibernate.search.bridge.FieldBridge>;org.hibernate.search.bridge.FieldBridge;org.hibernate.search.cfg.PropertyDescriptor;java.lang.annotation.ElementType;java.lang.Class<? extends org.hibernate.search.cfg.TokenizerFactory>
org.hibernate.search.query.dsl.impl.RangeFacetImpl;2;org.hibernate.search.query.dsl.impl.FacetRange<T>;org.hibernate.search.engine.spi.DocumentBuilderIndexedEntity<?>
org.hibernate.search.bridge.builtin.BooleanBridge;1;java.lang.Object
org.hibernate.search.indexes.serialization.javaserialization.impl.SerializableFloatField;2;org.hibernate.search.indexes.serialization.spi.LuceneNumericFieldContext;NumericField
org.hibernate.search.indexes.impl.NRTIndexManager;2;java.util.Properties;org.hibernate.search.spi.WorkerBuildContext
org.hibernate.search.filter.impl.FilterOptimizationHelper;3;java.util.List<org.hibernate.search.filter.impl.OpenBitSet>;java.util.List<org.hibernate.search.filter.impl.DocIdSet>;java.util.List<org.hibernate.search.filter.impl.DocIdBitSet>
org.hibernate.search.bridge.builtin.TikaBridge;6;org.hibernate.search.bridge.LuceneOptions;Document;java.lang.Object;java.lang.Class<?>;java.io.File;Metadata
org.hibernate.search.backend.impl.jgroups.JGroupsChannelProvider;3;java.util.Properties;JChannel;org.hibernate.search.spi.BuildContext
org.hibernate.search.engine.spi.DocumentBuilderContainedEntity;11;org.hibernate.search.spi.InstanceInitializer;T;org.hibernate.search.bridge.spi.ConversionContext;java.lang.Object;org.hibernate.search.engine.metadata.impl.TypeMetadata;ReflectionManager;XClass;java.lang.Class<T>;java.util.Set<org.hibernate.search.engine.spi.XClass>;java.io.Serializable;java.util.List<org.hibernate.search.backend.LuceneWork>
org.hibernate.search.indexes.impl.NotSharedReaderProvider;13;org.hibernate.search.indexes.impl.DirectoryBasedIndexManager;Document;java.util.Properties;java.lang.Class<?>;org.hibernate.search.spi.WorkerBuildContext;Similarity;java.util.List<org.hibernate.search.backend.LuceneWork>;IndexReader;org.hibernate.search.backend.LuceneWork;org.hibernate.search.backend.IndexingMonitor;java.io.Serializable;org.hibernate.search.engine.spi.SearchFactoryImplementor;org.hibernate.search.backend.impl.WorkVisitor<T>
org.hibernate.search.query.dsl.impl.RangeFacetRequest;2;org.hibernate.search.engine.spi.DocumentBuilderIndexedEntity<?>;java.util.List<org.hibernate.search.query.dsl.impl.FacetRange<T>>
org.hibernate.search.query.collector.impl.FieldCacheCollector;3;IndexReader;Scorer;Collector
org.hibernate.search.util.impl.LRUMap;1;java.util.Map.Entry
org.hibernate.search.query.collector.impl.BigArrayFieldCacheCollectorImpl;4;java.lang.Object[];org.hibernate.search.query.fieldcache.impl.FieldLoadingStrategy;IndexReader;Collector
org.hibernate.search.query.engine.impl.FacetManagerImpl;38;java.util.Map<java.lang.String,org.hibernate.search.query.dsl.impl.FacetingRequestImpl>;org.hibernate.search.filter.impl.FullTextFilterImpl;java.lang.Boolean;java.util.Map<java.lang.String,java.util.List<org.hibernate.search.query.facet.Facet>>;Query;java.lang.reflect.Method;org.hibernate.search.query.fieldcache.impl.FieldCacheLoadingType;Similarity;org.hibernate.search.query.facet.FacetingRequest;org.apache;Weight;FieldSelector;org.hibernate.search.query.engine.impl.TimeoutManagerImpl;org.hibernate.search.store.IndexShardingStrategy;Sort;java.util.List<java.lang.Class<?>>;org.hibernate.search.annotations.FullTextFilterDef;org.hibernate.search.query.engine.impl.IndexSearcherWithPayload;org.hibernate.search.query.fieldcache.impl.FieldLoadingStrategy;java.lang.Object;org.hibernate.search.query.collector.impl.FieldCacheCollectorFactory;org.hibernate.search.query.facet.Facet;org.hibernate.search.spatial.Coordinates;java.lang.Integer;java.util.List<org.hibernate.search.indexes.spi.IndexManager>;org.hibernate.search.engine.impl.FilterDef;Collector;org.hibernate.search.query.engine.impl.QueryHits;Filter;java.util.concurrent.TimeUnit;java.lang.RuntimeException;org.hibernate.search.bridge.TwoWayStringBridge;IndexSearcher;org.hibernate.search.query.engine.spi.TimeoutExceptionFactory;org.hibernate.search.engine.spi.TimingSource;org.hibernate.search.query.engine.impl.HSQueryImpl;org.hibernate.search.engine.spi.SearchFactoryImplementor;org.hibernate.search.query.engine.impl.FacetManagerImpl.FacetSelectionImpl
org.hibernate.search.bridge.builtin.impl.NullEncodingFieldBridge;4;org.hibernate.search.bridge.LuceneOptions;Document;java.lang.Object;org.hibernate.search.bridge.StringBridge
org.hibernate.search.query.dsl.impl.ConnectedFacetFieldContext;5;T;java.lang.Class<?>;org.hibernate.search.query.facet.FacetSortOrder;org.hibernate.search.query.dsl.impl.FacetBuildingContext;org.hibernate.search.engine.spi.SearchFactoryImplementor
org.hibernate.search.bridge.builtin.IntegerBridge;0
org.hibernate.search.cfg.DateBridgeMapping;11;java.util.Map<java.lang.String,java.lang.Object>;java.lang.Object;java.lang.Class<?>;org.hibernate.search.annotations.ClassBridge;org.hibernate.search.cfg.EntityDescriptor;org.hibernate.search.cfg.SearchMapping;org.hibernate.search.bridge.FieldBridge;org.hibernate.search.cfg.PropertyDescriptor;org.hibernate.search.annotations.Resolution;java.lang.annotation.ElementType;java.lang.Class<? extends org.hibernate.search.cfg.TokenizerFactory>
org.hibernate.search.bridge.builtin.MapBridge;4;org.hibernate.search.bridge.LuceneOptions;Document;java.lang.Object;org.hibernate.search.bridge.FieldBridge
org.hibernate.search.engine.impl.DefaultMutableEntityIndexBinding;6;org.hibernate.search.indexes.interceptor.EntityIndexingInterceptor<? super T>;org.hibernate.search.indexes.spi.IndexManager[];java.util.Set<java.lang.Class<?>>;org.hibernate.search.engine.spi.DocumentBuilderIndexedEntity<T>;org.hibernate.search.store.IndexShardingStrategy;Similarity
org.hibernate.search.query.dsl.impl.ConnectedMultiFieldsTermQueryBuilder;15;Analyzer;org.hibernate.search.query.dsl.impl.FieldContext;java.lang.Object;java.lang.Class<?>;org.hibernate.search.query.dsl.impl.QueryCustomizer;Query;org.hibernate.search.bridge.FieldBridge;org.hibernate.search.engine.spi.DocumentBuilderIndexedEntity<?>;org.hibernate.search.query.dsl.impl.TermQueryContext.Approximation;Filter;org.hibernate.search.bridge.spi.ConversionContext;org.hibernate.search.query.dsl.impl.TermQueryContext;java.util.List<org.hibernate.search.query.dsl.impl.FieldContext>;org.hibernate.search.engine.spi.SearchFactoryImplementor;org.hibernate.search.query.dsl.impl.QueryBuildingContext
org.hibernate.search.query.dsl.impl.ConnectedPhraseMatchingContext;8;org.hibernate.search.query.dsl.impl.PhraseQueryContext;Analyzer;Filter;java.lang.Class<?>;Query;org.hibernate.search.query.dsl.impl.QueryCustomizer;org.hibernate.search.engine.spi.SearchFactoryImplementor;org.hibernate.search.query.dsl.impl.QueryBuildingContext
org.hibernate.search.query.dsl.impl.ConnectedSpatialMatchingContext;12;Analyzer;Filter;java.lang.Class<?>;Query;org.hibernate.search.query.dsl.impl.QueryCustomizer;org.hibernate.search.query.dsl.impl.ConnectedQueryBuilder;org.hibernate.search.spatial.Coordinates;org.hibernate.search.query.dsl.impl.ConnectedSpatialMatchingContext;org.hibernate.search.query.dsl.Unit;org.hibernate.search.engine.spi.SearchFactoryImplementor;org.hibernate.search.query.dsl.impl.QueryBuildingContext;org.hibernate.search.query.dsl.impl.SpatialQueryContext
org.hibernate.search.backend.impl.WorkQueuePerIndexSplitter;2;org.hibernate.search.indexes.spi.IndexManager;org.hibernate.search.backend.IndexingMonitor
org.hibernate.search.query.dsl.impl.AbstractFacet;1;java.lang.Object
org.hibernate.search.indexes.serialization.javaserialization.impl.Message;1;java.util.Set<org.hibernate.search.indexes.serialization.javaserialization.impl.Operation>
org.hibernate.search.backend.spi.LuceneIndexingParameters;5;java.util.Properties;java.lang.Object;java.lang.Integer;IndexWriterConfig;org.hibernate.search.backend.configuration.impl.IndexWriterSetting
org.hibernate.search.indexes.impl.DefaultIndexReaderAccessor;10;java.lang.Class<?>[];java.lang.Class<?>;IndexReader;java.lang.Class;java.lang.Class<? extends org.hibernate.search.spi.ServiceProvider<T>>;org.hibernate.search.impl.ImmutableSearchFactory;java.lang.Class<T>;org.hibernate.search.batchindexing.MassIndexerProgressMonitor;org.hibernate.search.spi.internals.SearchFactoryState;java.lang.Class<? extends org.hibernate.search.spi.ServiceProvider<?>>
org.hibernate.search.cfg.TokenFilterDefMapping;5;java.util.Map<java.lang.String,java.lang.Object>;java.lang.Class<?>;org.hibernate.search.cfg.SearchMapping;java.lang.Class<? extends org.hibernate.search.cfg.TokenFilterFactory>;java.lang.Class<? extends org.hibernate.search.cfg.TokenizerFactory>
org.hibernate.search.impl.EntityIndexBindingWrapper;2;java.util.Set<java.lang.Class<?>>;org.hibernate.search.engine.spi.EntityIndexBinding
org.hibernate.search.store.impl.DirectoryProviderFactory;2;java.util.Properties;org.hibernate.search.spi.WorkerBuildContext
org.hibernate.search.indexes.serialization.spi.SerializationProviderService;2;java.util.Properties;org.hibernate.search.spi.BuildContext
org.hibernate.search.backend.impl.TransactionalSelectionVisitor;16;Document;org.hibernate.search.backend.AddLuceneWork;java.lang.Class<?>;org.hibernate.search.backend.UpdateLuceneWork;org.hibernate.search.backend.impl.WorkQueuePerIndexSplitter;org.hibernate.search.backend.FlushLuceneWork;org.hibernate.search.indexes.spi.IndexManager;java.util.Map<java.lang.String,java.lang.String>;org.hibernate.search.backend.IndexingMonitor;org.hibernate.search.backend.LuceneWork;org.hibernate.search.backend.DeleteLuceneWork;org.hibernate.search.store.IndexShardingStrategy;java.io.Serializable;org.hibernate.search.backend.PurgeAllLuceneWork;org.hibernate.search.backend.impl.WorkVisitor<T>;org.hibernate.search.backend.OptimizeLuceneWork
org.hibernate.search.store.optimization.impl.ExplicitOnlyOptimizerStrategy;4;org.hibernate.search.indexes.spi.IndexManager;java.util.Properties;org.hibernate.search.store.Workspace;IndexWriter
org.hibernate.search.query.dsl.impl.ConnectedQueryContextBuilder;2;java.lang.Class<?>;org.hibernate.search.engine.spi.SearchFactoryImplementor
org.hibernate.search.spi.SearchFactoryBuilder;20;org.hibernate.search.annotations.FullTextFilterDef;java.util.Properties;XAnnotatedElement;java.lang.Class<?>;ReflectionManager;java.util.Set<org.hibernate.search.spi.XClass>;org.hibernate.search.cfg.SearchMapping;java.lang.Class<? extends org.hibernate.search.spi.ServiceProvider<T>>;java.util.Map<java.lang.Class<?>,org.hibernate.search.engine.spi.EntityIndexBinding>;org.hibernate.search.cfg.spi.SearchConfiguration;org.hibernate.search.annotations.AnalyzerDef;org.hibernate.search.spi.SearchFactoryBuilder.BuildContext;java.lang.Class<? extends org.hibernate.search.cfg.TokenizerFactory>;java.util.Map<org.hibernate.search.spi.XClass,java.lang.Class<?>>;java.util.Map<java.lang.String,java.lang.Object>;XClass;org.hibernate.search.impl.ConfigContext;java.util.Map<java.lang.Class<?>,org.hibernate.search.engine.spi.DocumentBuilderContainedEntity<?>>;org.hibernate.search.spi.SearchFactoryIntegrator;java.lang.Class<? extends org.hibernate.search.spi.ServiceProvider<?>>
org.hibernate.search.query.dsl.impl.FacetRange;4;java.lang.Number;T;java.lang.Class<?>;org.hibernate.search.engine.spi.DocumentBuilderIndexedEntity<?>
org.hibernate.search.exception.AssertionFailure;1;java.lang.Throwable
