net.sf.javaml.featureselection.scoring.SymmetricalUncertainty;1;net.sf.javaml.core.Dataset
net.sf.javaml.tools.data.StreamHandler;1;java.io.Reader
net.sf.javaml.filter.instance.CeilValueFilter;1;net.sf.javaml.core.Instance
net.sf.javaml.clustering.KMedoids;5;int[];net.sf.javaml.core.Dataset[];net.sf.javaml.core.Instance[];net.sf.javaml.core.Dataset;net.sf.javaml.distance.DistanceMeasure
net.sf.javaml.filter.discretize.RecursiveMinimalEntropyPartitioning;3;net.sf.javaml.core.Instance;java.util.HashMap<java.lang.Integer,java.lang.Double>;net.sf.javaml.core.Dataset
net.sf.javaml.clustering.evaluation.MinMaxCut;2;net.sf.javaml.core.Dataset[];net.sf.javaml.distance.DistanceMeasure
net.sf.javaml.distance.SpearmanRankCorrelation;1;net.sf.javaml.core.Instance
net.sf.javaml.clustering.mcl.Vectors;4;double[];int[];double[][];int[][]
net.sf.javaml.core.kdtree.KDTree;2;double[];java.lang.Object
net.sf.javaml.filter.missingvalue.RemoveMissingValue;1;net.sf.javaml.core.Dataset
net.sf.javaml.classification.KNearestNeighbors;3;net.sf.javaml.core.Instance;net.sf.javaml.core.Dataset;net.sf.javaml.distance.DistanceMeasure
net.sf.javaml.filter.normalize.NormalizeMidrange;2;net.sf.javaml.core.Instance;net.sf.javaml.core.Dataset
tutorials.classification.TutorialNaiveBayes;1;java.lang.String[]
net.sf.javaml.distance.fastdtw.dtw.PartialWindowMatrix;1;net.sf.javaml.distance.fastdtw.dtw.SearchWindow
net.sf.javaml.tools.weka.WekaClassifier;3;net.sf.javaml.core.Instance;weka;net.sf.javaml.core.Dataset
net.sf.javaml.clustering.DensityBasedSpatialClustering;3;net.sf.javaml.core.Dataset;net.sf.javaml.distance.DistanceMeasure;net.sf.javaml.clustering.AbstractDensityBasedClustering.DataObject
net.sf.javaml.sampling.SubSampling;1;java.util.List<java.lang.Integer>
net.sf.javaml.classification.evaluation.CrossValidation;3;java.util.Random;net.sf.javaml.core.Dataset;net.sf.javaml.classification.Classifier
tutorials.classification.TutorialCVSameFolds;1;java.lang.String[]
net.sf.javaml.clustering.IterativeKMeans;3;net.sf.javaml.clustering.evaluation.ClusterEvaluation;net.sf.javaml.core.Dataset;net.sf.javaml.distance.DistanceMeasure
net.sf.javaml.filter.ClassRemoveFilter;2;java.lang.Object;net.sf.javaml.core.Dataset
net.sf.javaml.distance.AbstractSimilarity;0
net.sf.javaml.distance.LinearKernel;0
tutorials.core.TutorialSparseInstance;1;java.lang.String[]
net.sf.javaml.featureselection.scoring.RandomForestAttributeEvaluation;3;java.util.Random;java.lang.Object;net.sf.javaml.core.Dataset
net.sf.javaml.classification.NearestMeanClassifier;1;net.sf.javaml.core.Instance
net.sf.javaml.distance.fastdtw.timeseries.PAA;7;net.sf.javaml.distance.fastdtw.timeseries.TimeSeriesPoint;java.util.ArrayList<java.lang.String>;java.lang.Object;net.sf.javaml.core.Instance;java.io.File;net.sf.javaml.distance.fastdtw.timeseries.TimeSeries;java.util.Collection
net.sf.javaml.classification.evaluation.EvaluateDataset;2;net.sf.javaml.core.Dataset;net.sf.javaml.classification.Classifier
tutorials.clustering.TutorialClusterEvaluation;1;java.lang.String[]
net.sf.javaml.clustering.MultiKMeans;3;net.sf.javaml.clustering.evaluation.ClusterEvaluation;net.sf.javaml.core.Dataset;net.sf.javaml.distance.DistanceMeasure
net.sf.javaml.clustering.evaluation.SumOfAveragePairwiseSimilarities;1;net.sf.javaml.core.Dataset[]
net.sf.javaml.core.DefaultDataset;7;java.util.Random;java.lang.Object;net.sf.javaml.core.Instance;java.util.Collection<net.sf.javaml.core.Instance>;java.util.Map<net.sf.javaml.core.Instance,java.lang.Double>;net.sf.javaml.distance.DistanceMeasure;java.util.Collection<? extends net.sf.javaml.core.Instance>
net.sf.javaml.distance.fastdtw.dtw.SwapFileMatrix;1;net.sf.javaml.distance.fastdtw.dtw.SearchWindow
tutorials.tools.TutorialStoreData;1;java.lang.String[]
net.sf.javaml.classification.bayes.ClassCounter;1;java.util.Vector<java.lang.Integer>
net.sf.javaml.distance.fastdtw.timeseries.TimeSeries;7;net.sf.javaml.distance.fastdtw.timeseries.TimeSeriesPoint;java.util.ArrayList<java.lang.String>;java.lang.Object;net.sf.javaml.core.Instance;java.io.File;net.sf.javaml.distance.fastdtw.timeseries.TimeSeries;java.util.Collection
net.sf.javaml.distance.fastdtw.dtw.DTW;9;net.sf.javaml.distance.fastdtw.timeseries.TimeSeriesPoint;java.util.ArrayList<java.lang.String>;net.sf.javaml.core.Instance;java.lang.Object;net.sf.javaml.distance.fastdtw.dtw.WarpPath;net.sf.javaml.distance.fastdtw.dtw.SearchWindow;java.io.File;net.sf.javaml.distance.fastdtw.timeseries.TimeSeries;java.util.Collection
net.sf.javaml.classification.MeanFeatureVotingClassifier;1;net.sf.javaml.core.Instance
net.sf.javaml.classification.bayes.ClassCounter_compact;0
net.sf.javaml.featureselection.scoring.RELIEF;4;java.util.Random;net.sf.javaml.core.Instance;java.util.Vector<net.sf.javaml.core.Instance>;net.sf.javaml.core.Dataset
net.sf.javaml.filter.discretize.TwoBinMinimalEntropyPartitioning;3;net.sf.javaml.core.Instance;java.util.HashMap<java.lang.Integer,java.lang.Double>;net.sf.javaml.core.Dataset
net.sf.javaml.classification.bayes.Functions;4;java.util.LinkedList;java.io.BufferedWriter;java.util.Vector<java.lang.Integer>;java.util.HashMap
net.sf.javaml.distance.NormalizedEuclideanSimilarity;2;net.sf.javaml.core.Instance;net.sf.javaml.core.Dataset
net.sf.javaml.filter.discretize.FourBinMinimalEntropyPartitioning;3;net.sf.javaml.core.Instance;java.util.HashMap<java.lang.Integer,java.lang.Double>;net.sf.javaml.core.Dataset
tutorials.featureselection.TutorialFeatureRanking;1;java.lang.String[]
net.sf.javaml.distance.ChebychevDistance;1;net.sf.javaml.core.Instance
net.sf.javaml.sampling.NormalBootstrapping;1;java.util.List<java.lang.Integer>
net.sf.javaml.classification.SOM;5;net.sf.javaml.clustering.SOM.NeighbourhoodFunction;net.sf.javaml.core.Instance;net.sf.javaml.core.Dataset;net.sf.javaml.clustering.SOM.LearningType;net.sf.javaml.clustering.SOM.GridType
net.sf.javaml.core.Fold;9;java.util.Collection<?>;java.util.Random;java.lang.Object;net.sf.javaml.core.Instance;T[];int[];net.sf.javaml.core.Dataset;net.sf.javaml.distance.DistanceMeasure;java.util.Collection<? extends net.sf.javaml.core.Instance>
net.sf.javaml.clustering.KMeans;2;net.sf.javaml.core.Dataset;net.sf.javaml.distance.DistanceMeasure
net.sf.javaml.clustering.Cobweb;5;net.sf.javaml.core.Instance;int[];net.sf.javaml.core.Dataset;net.sf.javaml.clustering.Cobweb.CNode;java.util.Vector<net.sf.javaml.core.Dataset>
net.sf.javaml.filter.UnsetClassFilter;2;net.sf.javaml.core.Instance;net.sf.javaml.core.Dataset
net.sf.javaml.tools.weka.WekaException;1;java.lang.Throwable
net.sf.javaml.distance.EuclideanDistance;1;net.sf.javaml.core.Instance
net.sf.javaml.filter.AbstractFilter;2;net.sf.javaml.core.Instance;net.sf.javaml.core.Dataset
net.sf.javaml.tools.ListTools;0
net.sf.javaml.clustering.mcl.ExpDouble;0
net.sf.javaml.distance.fastdtw.dtw.ParallelogramWindow;7;net.sf.javaml.distance.fastdtw.timeseries.TimeSeriesPoint;java.util.ArrayList<java.lang.String>;net.sf.javaml.core.Instance;java.lang.Object;java.io.File;net.sf.javaml.distance.fastdtw.timeseries.TimeSeries;java.util.Collection
nz.ac.waikato.cs.weka.Utils;6;double[];java.util.Random;java.lang.Object;int[];java.lang.String[];java.lang.Class
net.sf.javaml.clustering.evaluation.BICScore;1;net.sf.javaml.core.Dataset[]
net.sf.javaml.classification.bayes.KDependentBayesClassifier;9;java.util.Vector<java.lang.Integer>;net.sf.javaml.classification.bayes.BayesNet;net.sf.javaml.core.Instance;java.lang.Double;java.util.HashMap<java.lang.Integer,java.lang.Integer>;java.util.HashMap<java.lang.Integer,java.util.Vector<java.lang.Integer>>;int[];net.sf.javaml.core.Dataset;java.lang.Integer
net.sf.javaml.distance.fastdtw.lang.TypeConversions;0
net.sf.javaml.distance.CosineDistance;1;net.sf.javaml.core.Instance
net.sf.javaml.distance.PearsonCorrelationCoefficient;1;net.sf.javaml.core.Instance
net.sf.javaml.distance.CachedDistance;2;net.sf.javaml.core.Instance;net.sf.javaml.distance.DistanceMeasure
net.sf.javaml.clustering.evaluation.SumOfCentroidSimilarities;1;net.sf.javaml.core.Dataset[]
net.sf.javaml.classification.bayes.NaiveBayesClassifier;2;net.sf.javaml.core.Instance;net.sf.javaml.core.Dataset
tutorials.filter.TutorialRecursiveMinimalEntropyPartitioning;6;net.sf.javaml.core.Instance;java.util.HashMap<java.lang.Integer,java.lang.Double>;net.sf.javaml.core.Dataset;java.lang.String[];net.sf.javaml.classification.Classifier;net.sf.javaml.filter.discretize.RecursiveMinimalEntropyPartitioning
tutorials.featureselection.TutorialWekaAttributeSelection;1;java.lang.String[]
net.sf.javaml.distance.fastdtw.dtw.FullWindow;7;net.sf.javaml.distance.fastdtw.timeseries.TimeSeriesPoint;java.util.ArrayList<java.lang.String>;net.sf.javaml.core.Instance;java.lang.Object;java.io.File;net.sf.javaml.distance.fastdtw.timeseries.TimeSeries;java.util.Collection
net.sf.javaml.featureselection.scoring.KullbackLeiblerDivergence;2;java.lang.Object;net.sf.javaml.core.Dataset
net.sf.javaml.distance.fastdtw.dtw.SearchWindow;1;net.sf.javaml.distance.fastdtw.dtw.SearchWindow
net.sf.javaml.featureselection.ranking.RankingFromScoring;2;net.sf.javaml.core.Dataset;net.sf.javaml.featureselection.FeatureScoring
net.sf.javaml.core.kdtree.HRect;3;double[];net.sf.javaml.core.kdtree.HRect;net.sf.javaml.core.kdtree.HPoint
net.sf.javaml.clustering.mcl.SparseMatrix;7;double[];net.sf.javaml.clustering.mcl.SparseVector;java.lang.Object;java.lang.Double;net.sf.javaml.clustering.mcl.SparseMatrix;java.lang.Integer;double[][]
net.sf.javaml.clustering.IterativeMultiKMeans;3;net.sf.javaml.clustering.evaluation.ClusterEvaluation;net.sf.javaml.core.Dataset;net.sf.javaml.distance.DistanceMeasure
net.sf.javaml.distance.fastdtw.dtw.MemoryResidentMatrix;1;net.sf.javaml.distance.fastdtw.dtw.SearchWindow
net.sf.javaml.core.AbstractInstance;2;net.sf.javaml.core.Instance;java.lang.Object
net.sf.javaml.classification.meta.SimpleBagging;3;net.sf.javaml.classification.Classifier[];net.sf.javaml.core.Instance;net.sf.javaml.core.Dataset
net.sf.javaml.clustering.evaluation.CIndex;2;net.sf.javaml.core.Dataset[];net.sf.javaml.distance.DistanceMeasure
net.sf.javaml.filter.discretize.ThreeBinMinimalEntropyPartitioning;3;net.sf.javaml.core.Instance;java.util.HashMap<java.lang.Integer,java.lang.Double>;net.sf.javaml.core.Dataset
net.sf.javaml.clustering.mcl.MCL;2;net.sf.javaml.core.Dataset;net.sf.javaml.distance.DistanceMeasure
net.sf.javaml.clustering.evaluation.WB;2;net.sf.javaml.core.Dataset[];net.sf.javaml.distance.DistanceMeasure
net.sf.javaml.clustering.evaluation.TraceScatterMatrix;1;net.sf.javaml.core.Dataset[]
net.sf.javaml.distance.ConsistencyIndex;1;net.sf.javaml.core.Instance
net.sf.javaml.clustering.mcl.SparseVector;5;double[];net.sf.javaml.clustering.mcl.SparseVector;java.lang.Double;java.lang.Object;java.lang.Integer
net.sf.javaml.filter.normalize.NormalizeMeanIQR135;2;net.sf.javaml.core.Instance;net.sf.javaml.core.Dataset
net.sf.javaml.classification.KDtreeKNN;2;net.sf.javaml.core.Instance;net.sf.javaml.core.Dataset
net.sf.javaml.tools.data.FileHandler;3;net.sf.javaml.core.Instance;net.sf.javaml.core.Dataset;java.io.File
net.sf.javaml.distance.AngularDistance;1;net.sf.javaml.core.Instance
net.sf.javaml.tools.DatasetTools;3;java.util.Random;net.sf.javaml.core.Instance;net.sf.javaml.core.Dataset
net.sf.javaml.distance.fastdtw.matrix.ColMajorCell;1;java.lang.Object
tutorials.core.TutorialDenseInstance;1;java.lang.String[]
net.sf.javaml.distance.CosineSimilarity;1;net.sf.javaml.core.Instance
net.sf.javaml.utils.ActiveSetsOptimization;5;boolean[];double[];net.sf.javaml.utils.ActiveSetsOptimization.DynamicIntArray;Matrix;double[][]
tutorials.featureselection.TutorialFeatureScoring;1;java.lang.String[]
net.sf.javaml.matrix.MemoryMatrix;0
net.sf.javaml.distance.fastdtw.timeseries.TimeSeriesPoint;2;java.lang.Object;java.util.Collection
net.sf.javaml.filter.instance.FloorValueFilter;1;net.sf.javaml.core.Instance
net.sf.javaml.utils.MathUtils;2;double[];net.sf.javaml.core.Complex
net.sf.javaml.filter.ClassRetainFilter;2;java.lang.Object;net.sf.javaml.core.Dataset
net.sf.javaml.distance.fastdtw.dtw.WarpPathWindow;2;java.lang.Object;net.sf.javaml.distance.fastdtw.dtw.WarpPath
net.sf.javaml.sampling.SamplingMethod;1;java.util.List<java.lang.Integer>
net.sf.javaml.filter.normalize.InstanceNormalizeMidrange;2;net.sf.javaml.core.Instance;net.sf.javaml.core.Dataset
net.sf.javaml.classification.AbstractMeanClassifier;2;java.lang.Object;net.sf.javaml.core.Dataset
tutorials.classification.TutorialKDtreeKNN;1;java.lang.String[]
net.sf.javaml.matrix.SwapFileMatrix;0
tutorials.classification.TutorialRandomForest;1;java.lang.String[]
tutorials.classification.TutorialLibSVM;1;java.lang.String[]
net.sf.javaml.classification.bayes.BayesNet;3;java.util.Vector<java.lang.Integer>;java.util.HashMap<java.lang.Integer,java.lang.Integer>;java.util.HashMap<java.lang.Integer,java.util.Vector<java.lang.Integer>>
net.sf.javaml.clustering.AbstractDensityBasedClustering;3;java.lang.Object;net.sf.javaml.core.Instance;net.sf.javaml.clustering.AbstractDensityBasedClustering.DataObject
tutorials.classification.TutorialKDependentBayes;1;java.lang.String[]
net.sf.javaml.distance.MahalanobisDistance;1;net.sf.javaml.core.Instance
net.sf.javaml.tools.SetTools;1;java.util.Set<? extends java.lang.Integer>
net.sf.javaml.clustering.evaluation.GPlus;2;net.sf.javaml.core.Dataset[];net.sf.javaml.distance.DistanceMeasure
net.sf.javaml.clustering.evaluation.HybridCentroidSimilarity;1;net.sf.javaml.core.Dataset[]
tutorials.clustering.TutorialKMeans;1;java.lang.String[]
net.sf.javaml.utils.SpecialFunctions;2;double[];java.lang.String[]
net.sf.javaml.filter.MissingClassFilter;1;net.sf.javaml.core.Dataset
net.sf.javaml.clustering.evaluation.Tau;2;net.sf.javaml.core.Dataset[];net.sf.javaml.distance.DistanceMeasure
net.sf.javaml.core.SparseInstance;6;double[];java.lang.Double;java.lang.Object;java.util.Map<? extends java.lang.Integer,? extends java.lang.Double>;java.lang.Integer;java.util.Set<java.lang.Integer>
net.sf.javaml.featureselection.ensemble.LinearRankingEnsemble;4;double[];net.sf.javaml.featureselection.FeatureRanking[];java.util.Random;net.sf.javaml.core.Dataset
net.sf.javaml.distance.fastdtw.dtw.TimeWarpInfo;2;java.lang.Object;net.sf.javaml.distance.fastdtw.dtw.WarpPath
net.sf.javaml.classification.bayes.Queue;1;Item
net.sf.javaml.filter.discretize.Border;1;java.util.Vector<java.lang.Double>
net.sf.javaml.distance.fastdtw.dtw.WindowMatrix;1;net.sf.javaml.distance.fastdtw.dtw.SearchWindow
net.sf.javaml.tools.weka.FromWekaUtils;2;Instance;Instances
tutorials.tools.TutorialARFFLoader;1;java.lang.String[]
net.sf.javaml.classification.ZeroR;2;net.sf.javaml.core.Instance;net.sf.javaml.core.Dataset
net.sf.javaml.classification.bayes.BayesResult;13;java.util.HashMap<java.lang.String,java.lang.Integer>;double[];java.util.HashMap<java.lang.Integer,java.lang.Object[]>;net.sf.javaml.classification.bayes.BayesNet;java.util.Vector<java.lang.Integer>;java.util.HashMap<java.lang.Integer,java.lang.Integer>;java.util.Hashtable<java.lang.Integer,java.util.Hashtable<java.lang.Double,net.sf.javaml.classification.bayes.ClassCounter_compact>>;java.util.Hashtable<java.lang.Integer,java.util.Hashtable<java.lang.Double,net.sf.javaml.classification.bayes.ClassCounter>>;java.util.LinkedList<java.lang.Integer>;java.util.HashMap<java.lang.Integer,java.util.HashMap<java.lang.Integer,java.lang.Double>>;java.util.HashMap<java.lang.Integer,java.util.Vector<java.lang.Integer>>;java.lang.String[];net.sf.javaml.classification.bayes.BayesKSolution
net.sf.javaml.clustering.IterativeFarthestFirst;3;net.sf.javaml.clustering.evaluation.ClusterEvaluation;net.sf.javaml.core.Dataset;net.sf.javaml.distance.DistanceMeasure
net.sf.javaml.filter.instance.RoundValueFilter;1;net.sf.javaml.core.Instance
net.sf.javaml.core.kdtree.KDNode;7;double[];net.sf.javaml.core.kdtree.HRect;java.lang.Object;java.util.Vector<net.sf.javaml.core.kdtree.KDNode>;net.sf.javaml.core.kdtree.NearestNeighborList;net.sf.javaml.core.kdtree.HPoint;net.sf.javaml.core.kdtree.KDNode
tutorials.tools.TutorialDataLoader;1;java.lang.String[]
tutorials.filter.Tutorial2BinMinimalEntropyPartitioning;6;net.sf.javaml.core.Instance;java.util.HashMap<java.lang.Integer,java.lang.Double>;net.sf.javaml.core.Dataset;java.lang.String[];net.sf.javaml.classification.Classifier;net.sf.javaml.filter.discretize.TwoBinMinimalEntropyPartitioning
tutorials.classification.TutorialKNN;1;java.lang.String[]
net.sf.javaml.classification.bayes.AbstractBayesianClassifier;3;net.sf.javaml.core.Instance;java.util.HashMap<java.lang.Object,java.lang.Double>;net.sf.javaml.core.Dataset
tutorials.core.TutorialDataset;1;java.lang.String[]
tutorials.classification.TutorialSelfOptimizingLibSVM;1;java.lang.String[]
net.sf.javaml.classification.evaluation.PerformanceMeasure;0
tutorials.featureselection.TutorialEnsembleFeatureSelection;1;java.lang.String[]
net.sf.javaml.filter.ClassReplaceFilter;2;net.sf.javaml.core.Instance;java.lang.Object
net.sf.javaml.clustering.mcl.MarkovClustering;7;double[];net.sf.javaml.clustering.mcl.SparseVector;java.lang.Double;java.lang.Object;net.sf.javaml.clustering.mcl.SparseMatrix;java.lang.Integer;double[][]
net.sf.javaml.distance.fastdtw.Band;2;net.sf.javaml.core.Instance;java.lang.String[]
net.sf.javaml.tools.InstanceTools;1;net.sf.javaml.core.Instance
net.sf.javaml.clustering.evaluation.AICScore;1;net.sf.javaml.core.Dataset[]
net.sf.javaml.distance.PolynomialKernel;1;net.sf.javaml.core.Instance
net.sf.javaml.clustering.FarthestFirst;5;boolean[];double[];net.sf.javaml.core.Instance;net.sf.javaml.core.Dataset;net.sf.javaml.distance.DistanceMeasure
net.sf.javaml.clustering.mcl.DoubleFormat;1;net.sf.javaml.clustering.mcl.ExpDouble
net.sf.javaml.classification.tree.RandomTree;6;double[];java.util.Random;net.sf.javaml.core.Instance;java.util.SortedSet<java.lang.Object>;net.sf.javaml.core.Dataset;float[]
net.sf.javaml.featureselection.ranking.RecursiveFeatureEliminationSVM;2;boolean[];net.sf.javaml.core.Dataset
net.sf.javaml.utils.Statistics;1;java.lang.String[]
net.sf.javaml.filter.RemoveAttributes;2;net.sf.javaml.core.Instance;java.util.Set<java.lang.Integer>
net.sf.javaml.utils.ContingencyTables;3;double[];java.lang.String[];double[][]
net.sf.javaml.filter.RetainAttributes;3;net.sf.javaml.core.Instance;int[];java.util.Set<java.lang.Integer>
net.sf.javaml.clustering.evaluation.PointBiserial;2;net.sf.javaml.core.Dataset[];net.sf.javaml.distance.DistanceMeasure
net.sf.javaml.utils.LogLikelihoodFunction;2;net.sf.javaml.core.Dataset[];net.sf.javaml.core.Dataset
tutorials.tools.TutorialWekaClassifier;1;java.lang.String[]
net.sf.javaml.filter.normalize.NormalizeMean;2;net.sf.javaml.core.Instance;net.sf.javaml.core.Dataset
net.sf.javaml.distance.fastdtw.util.Arrays;2;java.lang.Integer;java.util.Collection
net.sf.javaml.matrix.Matrix;0
libsvm.GridSearch;9;svm_model;double[];svm_print_interface;net.sf.javaml.core.Instance;libsvm.LibSVM;svm_parameter;net.sf.javaml.core.Dataset;java.lang.Integer;svm_node[]
net.sf.javaml.classification.bayes.AbstractBayesianClassifier_compact;3;net.sf.javaml.core.Instance;java.util.HashMap<java.lang.Object,java.lang.Double>;net.sf.javaml.core.Dataset
tutorials.tools.TutorialWekaClusterer;1;java.lang.String[]
net.sf.javaml.tools.weka.WekaClusterer;2;weka;net.sf.javaml.core.Dataset
tutorials.featureselection.TutorialFeatureSubsetSelection;1;java.lang.String[]
net.sf.javaml.core.exception.TrainingRequiredException;1;java.lang.Throwable
net.sf.javaml.distance.fastdtw.dtw.FastDTW;7;net.sf.javaml.distance.fastdtw.timeseries.TimeSeriesPoint;java.util.ArrayList<java.lang.String>;net.sf.javaml.core.Instance;java.lang.Object;java.io.File;net.sf.javaml.distance.fastdtw.timeseries.TimeSeries;java.util.Collection
tutorials.tools.TutorialSampling;1;java.lang.String[]
net.sf.javaml.distance.fastdtw.FastDTW;1;net.sf.javaml.core.Instance
net.sf.javaml.classification.bayes.BayesKSolution;4;net.sf.javaml.classification.bayes.BayesNet;java.util.Vector<java.lang.Integer>;java.util.HashMap<java.lang.Integer,java.lang.Integer>;java.util.HashMap<java.lang.Integer,java.util.Vector<java.lang.Integer>>
net.sf.javaml.distance.MinkowskiDistance;0
net.sf.javaml.distance.JaccardIndexDistance;1;net.sf.javaml.core.Instance
net.sf.javaml.core.DenseInstance;6;double[];java.lang.Double;java.lang.Object;java.util.Map<? extends java.lang.Integer,? extends java.lang.Double>;java.lang.Integer;java.util.Set<java.lang.Integer>
net.sf.javaml.distance.fastdtw.Abstraction;10;net.sf.javaml.distance.fastdtw.timeseries.TimeSeriesPoint;java.util.ArrayList<java.lang.String>;net.sf.javaml.core.Instance;java.lang.Object;net.sf.javaml.distance.fastdtw.dtw.WarpPath;net.sf.javaml.distance.fastdtw.timeseries.PAA;java.lang.String[];java.io.File;net.sf.javaml.distance.fastdtw.timeseries.TimeSeries;java.util.Collection
tutorials.classification.TutorialEvaluateDataset;1;java.lang.String[]
net.sf.javaml.distance.AbstractCorrelation;0
net.sf.javaml.distance.AbstractDistance;0
net.sf.javaml.tools.weka.ToWekaUtils;2;net.sf.javaml.core.Instance;net.sf.javaml.core.Dataset
net.sf.javaml.classification.meta.Bagging;5;net.sf.javaml.classification.Classifier[];net.sf.javaml.sampling.Sampling;java.util.Random;net.sf.javaml.core.Instance;net.sf.javaml.core.Dataset
net.sf.javaml.utils.GammaFunction;0
net.sf.javaml.filter.missingvalue.ReplaceWithValue;1;net.sf.javaml.core.Instance
net.sf.javaml.core.kdtree.PriorityQueue;1;java.lang.Object
net.sf.javaml.classification.AbstractClassifier;2;net.sf.javaml.core.Instance;net.sf.javaml.core.Dataset
net.sf.javaml.distance.fastdtw.dtw.ExpandedResWindow;9;net.sf.javaml.distance.fastdtw.timeseries.TimeSeriesPoint;java.util.ArrayList<java.lang.String>;net.sf.javaml.core.Instance;java.lang.Object;net.sf.javaml.distance.fastdtw.dtw.WarpPath;net.sf.javaml.distance.fastdtw.timeseries.PAA;java.io.File;net.sf.javaml.distance.fastdtw.timeseries.TimeSeries;java.util.Collection
net.sf.javaml.distance.JaccardIndexSimilarity;1;net.sf.javaml.core.Instance
net.sf.javaml.clustering.evaluation.SumOfSquaredErrors;2;net.sf.javaml.core.Dataset[];net.sf.javaml.distance.DistanceMeasure
net.sf.javaml.utils.ArrayUtils;3;double[];java.util.Random;int[]
net.sf.javaml.filter.instance.ReplaceValueFilter;2;net.sf.javaml.core.Instance;java.lang.Double
tutorials.classification.TutorialCrossValidation;1;java.lang.String[]
net.sf.javaml.classification.tree.RandomForest;3;java.util.Random;net.sf.javaml.core.Instance;net.sf.javaml.core.Dataset
net.sf.javaml.distance.NormDistance;1;net.sf.javaml.core.Instance
net.sf.javaml.featureselection.subset.GreedyForwardSelection;3;net.sf.javaml.core.Instance;net.sf.javaml.core.Dataset;net.sf.javaml.distance.DistanceMeasure
net.sf.javaml.clustering.SOM;10;double[];net.sf.javaml.clustering.SOM.WeightVectors;net.sf.javaml.clustering.SOM.NeighbourhoodFunction;java.lang.Double[];net.sf.javaml.core.Dataset;net.sf.javaml.distance.DistanceMeasure;net.sf.javaml.clustering.SOM.LearningType;java.util.Vector<net.sf.javaml.core.Dataset>;net.sf.javaml.clustering.SOM.GridType;net.sf.javaml.clustering.SOM.InputVectors
net.sf.javaml.distance.SpearmanFootruleDistance;2;net.sf.javaml.core.Instance;net.sf.javaml.core.Dataset
net.sf.javaml.distance.MaxProductSimilarity;1;net.sf.javaml.core.Instance
net.sf.javaml.clustering.evaluation.Gamma;2;net.sf.javaml.core.Dataset[];net.sf.javaml.distance.DistanceMeasure
net.sf.javaml.distance.fastdtw.timeseries.SineWave;0
tutorials.filter.Tutorial3BinMinimalEntropyPartitioning;6;net.sf.javaml.core.Instance;java.util.HashMap<java.lang.Integer,java.lang.Double>;net.sf.javaml.core.Dataset;java.lang.String[];net.sf.javaml.classification.Classifier;net.sf.javaml.filter.discretize.ThreeBinMinimalEntropyPartitioning
net.sf.javaml.clustering.AQBC;5;double[];java.util.Vector<net.sf.javaml.clustering.AQBC.TaggedInstance>;java.util.Vector<java.lang.Integer>;net.sf.javaml.core.Instance;net.sf.javaml.core.Dataset
net.sf.javaml.distance.RBFKernelDistance;1;net.sf.javaml.core.Instance
net.sf.javaml.featureselection.scoring.GainRatio;1;net.sf.javaml.core.Dataset
net.sf.javaml.filter.missingvalue.KNearestNeighbors;2;net.sf.javaml.core.Instance;net.sf.javaml.core.Dataset
net.sf.javaml.core.kdtree.HPoint;2;double[];net.sf.javaml.core.kdtree.HPoint
net.sf.javaml.distance.ManhattanDistance;1;net.sf.javaml.core.Instance
net.sf.javaml.filter.discretize.EqualWidthBinning;2;net.sf.javaml.core.Instance;net.sf.javaml.core.Dataset
net.sf.javaml.utils.Polynomial;0
net.sf.javaml.distance.RBFKernel;1;net.sf.javaml.core.Instance
libsvm.LibSVM;6;svm_model;svm_print_interface;net.sf.javaml.core.Instance;svm_parameter;net.sf.javaml.core.Dataset;svm_node[]
net.sf.javaml.tools.weka.WekaAttributeSelection;3;ASSearch;net.sf.javaml.core.Dataset;ASEvaluation
net.sf.javaml.core.Complex;1;net.sf.javaml.core.Complex
tutorials.filter.Tutorial4BinMinimalEntropyPartitioning;6;net.sf.javaml.filter.discretize.FourBinMinimalEntropyPartitioning;net.sf.javaml.core.Instance;java.util.HashMap<java.lang.Integer,java.lang.Double>;net.sf.javaml.core.Dataset;java.lang.String[];net.sf.javaml.classification.Classifier
net.sf.javaml.featureselection.subset.GreedyBackwardElimination;3;net.sf.javaml.core.Instance;net.sf.javaml.core.Dataset;net.sf.javaml.distance.DistanceMeasure
net.sf.javaml.distance.dtw.DTWSimilarity;2;double[];net.sf.javaml.core.Instance
libsvm.SelfOptimizingLinearLibSVM;2;net.sf.javaml.core.Instance;net.sf.javaml.core.Dataset
net.sf.javaml.distance.NormalizedEuclideanDistance;2;net.sf.javaml.core.Instance;net.sf.javaml.core.Dataset
net.sf.javaml.clustering.evaluation.HybridPairwiseSimilarities;1;net.sf.javaml.core.Dataset[]
net.sf.javaml.core.kdtree.NearestNeighborList;1;java.lang.Object
net.sf.javaml.tools.data.ARFFHandler;1;java.io.File
net.sf.javaml.distance.fastdtw.dtw.LinearWindow;7;net.sf.javaml.distance.fastdtw.timeseries.TimeSeriesPoint;java.util.ArrayList<java.lang.String>;net.sf.javaml.core.Instance;java.lang.Object;java.io.File;net.sf.javaml.distance.fastdtw.timeseries.TimeSeries;java.util.Collection
net.sf.javaml.distance.fastdtw.dtw.WarpPath;1;java.lang.Object
net.sf.javaml.tools.Serial;2;java.lang.Object;java.io.File
