com.jgraph.util.JGraphPrintingScrollPane;3;java.awt.Graphics2D;java.awt.Graphics;java.awt.print.PageFormat
com.jgraph.layout.simple.SimpleGridLayout;51;com.jgraph.algebra.cost.JGraphCostFunction;org.jgraph.graph.Edge.Routing;org.jgraph.graph.BasicMarqueeHandler;java.awt.Point;org.jgraph.event.GraphSelectionListener;org.jgraph.graph.CellView[];org.jgraph.event.GraphModelEvent.GraphModelChange;javax.swing.undo.UndoableEdit;org.jgraph.graph.CellViewFactory;com.jgraph.algebra.JGraphAlgebra;java.awt.Component;org.jgraph.graph.GraphSelectionModel;java.io.ObjectOutputStream;com.jgraph.layout.JGraphFacade;org.jgraph.JGraph;org.jgraph.graph.CellView;org.jgraph.graph.GraphLayoutCache;java.awt.Rectangle;org.jgraph.graph.ParentMap;org.jgraph.graph.ConnectionSet;com.jgraph.layout.JGraphLayout;java.lang.Object;java.util.List;org.jgraph.event.GraphSelectionEvent;org.jgraph.event.GraphLayoutCacheListener;org.jgraph.event.GraphLayoutCacheEvent.GraphLayoutCacheChange;java.lang.Object[];java.util.Comparator;java.awt.geom.Point2D[];java.awt.event.MouseEvent;java.awt.geom.Rectangle2D;java.awt.Graphics;java.util.Map;com.jgraph.layout.JGraphFacade.CellVisitor;java.awt.Color;java.awt.geom.Dimension2D;org.jgraph.graph.AttributeMap;java.awt.geom.Point2D;java.awt.Cursor;java.util.Set;org.jgraph.plaf.GraphUI;double[][];java.util.Collection;boolean[];javax.swing.ImageIcon;java.util.logging.Level;java.util.Hashtable;java.io.ObjectInputStream;org.jgraph.graph.GraphModel;java.lang.String[];javax.swing.undo.UndoableEdit[]
com.jgraph.layout.tree.OrganizationalChart;52;com.jgraph.algebra.cost.JGraphCostFunction;org.jgraph.graph.Edge.Routing;org.jgraph.graph.BasicMarqueeHandler;java.awt.Point;org.jgraph.event.GraphSelectionListener;org.jgraph.graph.CellView[];org.jgraph.event.GraphModelEvent.GraphModelChange;javax.swing.undo.UndoableEdit;org.jgraph.graph.CellViewFactory;com.jgraph.algebra.JGraphAlgebra;java.awt.Component;org.jgraph.graph.GraphSelectionModel;java.io.ObjectOutputStream;com.jgraph.layout.JGraphFacade;org.jgraph.JGraph;org.jgraph.graph.CellView;org.jgraph.graph.GraphLayoutCache;java.awt.Rectangle;org.jgraph.graph.ParentMap;org.jgraph.graph.ConnectionSet;java.lang.Object;com.jgraph.layout.JGraphLayout;java.util.List;org.jgraph.event.GraphSelectionEvent;org.jgraph.event.GraphLayoutCacheListener;org.jgraph.event.GraphLayoutCacheEvent.GraphLayoutCacheChange;java.lang.Object[];java.util.Comparator;java.awt.geom.Point2D[];java.awt.event.MouseEvent;java.awt.geom.Rectangle2D;java.awt.Graphics;java.util.Map;com.jgraph.layout.JGraphFacade.CellVisitor;java.awt.Color;java.awt.geom.Dimension2D;org.jgraph.graph.AttributeMap;java.awt.geom.Point2D;java.awt.Cursor;java.util.Set;org.jgraph.plaf.GraphUI;double[][];java.util.Collection;boolean[];javax.swing.ImageIcon;com.jgraph.layout.tree.JGraphTreeLayout.StandardTreeNode;java.util.logging.Level;java.util.Hashtable;java.io.ObjectInputStream;org.jgraph.graph.GraphModel;java.lang.String[];javax.swing.undo.UndoableEdit[]
com.jgraph.layout.organic.JGraphOrganicLayout;52;com.jgraph.algebra.cost.JGraphCostFunction;org.jgraph.graph.Edge.Routing;org.jgraph.graph.BasicMarqueeHandler;java.awt.Point;org.jgraph.event.GraphSelectionListener;org.jgraph.graph.CellView[];org.jgraph.event.GraphModelEvent.GraphModelChange;javax.swing.undo.UndoableEdit;org.jgraph.graph.CellViewFactory;com.jgraph.algebra.JGraphAlgebra;java.awt.Component;org.jgraph.graph.GraphSelectionModel;java.io.ObjectOutputStream;com.jgraph.layout.JGraphFacade;org.jgraph.JGraph;org.jgraph.graph.CellView;org.jgraph.graph.GraphLayoutCache;java.awt.Rectangle;org.jgraph.graph.ParentMap;org.jgraph.graph.ConnectionSet;java.lang.Object;com.jgraph.layout.JGraphLayout;java.util.List;org.jgraph.event.GraphSelectionEvent;org.jgraph.event.GraphLayoutCacheListener;org.jgraph.event.GraphLayoutCacheEvent.GraphLayoutCacheChange;java.lang.Object[];java.util.Comparator;java.awt.geom.Point2D[];java.awt.event.MouseEvent;java.awt.geom.Rectangle2D;java.awt.Graphics;java.util.Map;com.jgraph.layout.JGraphFacade.CellVisitor;java.awt.Color;int[];java.awt.geom.Dimension2D;org.jgraph.graph.AttributeMap;java.awt.geom.Point2D;java.awt.Cursor;java.util.Set;org.jgraph.plaf.GraphUI;double[][];java.util.Collection;boolean[];javax.swing.ImageIcon;java.util.logging.Level;java.util.Hashtable;java.io.ObjectInputStream;org.jgraph.graph.GraphModel;java.lang.String[];javax.swing.undo.UndoableEdit[]
com.jgraph.components.labels.RichTextEditor;44;java.util.Map;java.awt.Color;java.awt.Point;org.jgraph.graph.BasicMarqueeHandler;org.jgraph.graph.CellView[];java.awt.geom.Dimension2D;org.jgraph.event.GraphSelectionListener;org.jgraph.event.GraphModelEvent.GraphModelChange;javax.swing.undo.UndoableEdit;org.jgraph.graph.AttributeMap;java.awt.Cursor;java.awt.geom.Point2D;org.jgraph.graph.CellViewFactory;java.awt.Component;org.jgraph.graph.GraphSelectionModel;java.io.ObjectOutputStream;org.jgraph.JGraph;org.jgraph.graph.CellView;java.util.Set;org.jgraph.plaf.GraphUI;org.jgraph.graph.GraphLayoutCache;java.util.Collection;java.awt.Rectangle;org.jgraph.graph.ParentMap;boolean[];org.jgraph.graph.ConnectionSet;javax.swing.ImageIcon;java.util.EventObject;java.lang.Object;java.util.List;java.awt.event.ActionEvent;org.jgraph.event.GraphSelectionEvent;org.jgraph.event.GraphLayoutCacheListener;org.jgraph.event.GraphLayoutCacheEvent.GraphLayoutCacheChange;java.io.ObjectInputStream;java.lang.Object[];java.awt.geom.Point2D[];java.awt.event.MouseEvent;org.jgraph.graph.GraphModel;javax.swing.event.DocumentEvent;java.lang.String[];java.awt.geom.Rectangle2D;javax.swing.undo.UndoableEdit[];java.awt.Graphics
org.jgraph.graph.EdgeView;44;org.jgraph.graph.EdgeView;java.util.Map;java.awt.Color;java.awt.Point;org.jgraph.graph.BasicMarqueeHandler;org.jgraph.event.GraphSelectionListener;java.awt.geom.Dimension2D;org.jgraph.graph.CellView[];org.jgraph.event.GraphModelEvent.GraphModelChange;javax.swing.undo.UndoableEdit;org.jgraph.graph.AttributeMap;java.awt.Cursor;java.awt.geom.Point2D;org.jgraph.graph.CellViewFactory;java.awt.Component;org.jgraph.graph.GraphSelectionModel;java.io.ObjectOutputStream;org.jgraph.JGraph;org.jgraph.graph.CellView;java.util.Set;org.jgraph.graph.GraphLayoutCache;org.jgraph.plaf.GraphUI;java.util.Collection;org.jgraph.graph.GraphContext;java.awt.Rectangle;boolean[];org.jgraph.graph.ParentMap;javax.swing.ImageIcon;org.jgraph.graph.ConnectionSet;java.lang.Object;java.util.List;org.jgraph.event.GraphSelectionEvent;org.jgraph.event.GraphLayoutCacheListener;org.jgraph.event.GraphLayoutCacheEvent.GraphLayoutCacheChange;java.io.ObjectInputStream;java.lang.Object[];java.awt.geom.Point2D[];org.jgraph.graph.CellMapper;org.jgraph.graph.GraphModel;java.awt.event.MouseEvent;java.lang.String[];java.awt.geom.Rectangle2D;java.awt.Graphics;javax.swing.undo.UndoableEdit[]
org.jgraph.graph.BasicMarqueeHandler;41;java.util.Map;java.awt.Color;java.awt.Point;org.jgraph.graph.BasicMarqueeHandler;org.jgraph.graph.CellView[];java.awt.geom.Dimension2D;org.jgraph.event.GraphSelectionListener;org.jgraph.event.GraphModelEvent.GraphModelChange;javax.swing.undo.UndoableEdit;org.jgraph.graph.AttributeMap;java.awt.Cursor;java.awt.geom.Point2D;org.jgraph.graph.CellViewFactory;java.awt.Component;org.jgraph.graph.GraphSelectionModel;java.io.ObjectOutputStream;org.jgraph.JGraph;org.jgraph.graph.CellView;java.util.Set;org.jgraph.plaf.GraphUI;org.jgraph.graph.GraphLayoutCache;java.util.Collection;java.awt.Rectangle;org.jgraph.graph.ParentMap;boolean[];org.jgraph.graph.ConnectionSet;javax.swing.ImageIcon;java.lang.Object;java.util.List;org.jgraph.event.GraphSelectionEvent;org.jgraph.event.GraphLayoutCacheListener;org.jgraph.event.GraphLayoutCacheEvent.GraphLayoutCacheChange;java.io.ObjectInputStream;java.lang.Object[];java.awt.geom.Point2D[];org.jgraph.graph.GraphModel;java.awt.event.MouseEvent;java.lang.String[];java.awt.geom.Rectangle2D;javax.swing.undo.UndoableEdit[];java.awt.Graphics
com.jgraph.layout.graph.JGraphISOMLayout;0
com.jgraph.io.svg.SVGGraphConstants;1;java.util.Map
org.jgraph.util.ParallelEdgeRouter;44;org.jgraph.graph.EdgeView;java.util.Map;java.awt.Color;java.awt.Point;org.jgraph.graph.BasicMarqueeHandler;org.jgraph.graph.CellView[];java.awt.geom.Dimension2D;org.jgraph.event.GraphSelectionListener;org.jgraph.event.GraphModelEvent.GraphModelChange;javax.swing.undo.UndoableEdit;org.jgraph.graph.AttributeMap;java.awt.Cursor;java.awt.geom.Point2D;org.jgraph.graph.CellViewFactory;java.awt.Component;org.jgraph.graph.GraphSelectionModel;java.io.ObjectOutputStream;org.jgraph.JGraph;org.jgraph.graph.CellView;org.jgraph.graph.GraphLayoutCache;java.util.Set;org.jgraph.plaf.GraphUI;java.util.Collection;org.jgraph.graph.GraphContext;java.awt.Rectangle;boolean[];org.jgraph.graph.ParentMap;org.jgraph.graph.ConnectionSet;javax.swing.ImageIcon;java.lang.Object;java.util.List;org.jgraph.event.GraphSelectionEvent;org.jgraph.event.GraphLayoutCacheListener;org.jgraph.event.GraphLayoutCacheEvent.GraphLayoutCacheChange;java.io.ObjectInputStream;java.lang.Object[];java.awt.geom.Point2D[];org.jgraph.graph.CellMapper;java.awt.event.MouseEvent;org.jgraph.graph.GraphModel;java.lang.String[];java.awt.geom.Rectangle2D;javax.swing.undo.UndoableEdit[];java.awt.Graphics
com.jgraph.layout.hierarchical.model.JGraphAbstractHierarchyCell;0
com.jgraph.components.labels.CellConstants;1;java.util.Map
com.jgraph.algebra.JGraphAlgebra;5;com.jgraph.algebra.cost.JGraphCostFunction;com.jgraph.algebra.JGraphAlgebra;java.lang.Object[];java.lang.Object;org.jgraph.graph.GraphModel
org.jgraph.graph.EdgeRenderer;45;java.util.Map;org.jgraph.graph.EdgeView;java.awt.Color;java.awt.Point;org.jgraph.graph.BasicMarqueeHandler;java.awt.geom.Dimension2D;org.jgraph.graph.CellView[];org.jgraph.event.GraphSelectionListener;org.jgraph.event.GraphModelEvent.GraphModelChange;javax.swing.undo.UndoableEdit;org.jgraph.graph.AttributeMap;java.awt.Cursor;java.awt.geom.Point2D;org.jgraph.graph.CellViewFactory;java.awt.Component;org.jgraph.graph.GraphSelectionModel;java.io.ObjectOutputStream;org.jgraph.JGraph;org.jgraph.graph.CellView;java.util.Set;org.jgraph.graph.GraphLayoutCache;org.jgraph.plaf.GraphUI;org.jgraph.graph.GraphContext;java.awt.Rectangle;java.awt.Dimension;java.util.Collection;boolean[];org.jgraph.graph.ParentMap;javax.swing.ImageIcon;org.jgraph.graph.ConnectionSet;java.lang.Object;java.util.List;org.jgraph.event.GraphSelectionEvent;org.jgraph.event.GraphLayoutCacheListener;org.jgraph.event.GraphLayoutCacheEvent.GraphLayoutCacheChange;java.io.ObjectInputStream;java.lang.Object[];java.awt.geom.Point2D[];org.jgraph.graph.CellMapper;org.jgraph.graph.GraphModel;java.awt.event.MouseEvent;java.lang.String[];java.awt.geom.Rectangle2D;javax.swing.undo.UndoableEdit[];java.awt.Graphics
org.jgraph.JGraph;41;java.util.Map;java.awt.Color;java.awt.Point;org.jgraph.graph.BasicMarqueeHandler;org.jgraph.event.GraphSelectionListener;java.awt.geom.Dimension2D;org.jgraph.graph.CellView[];org.jgraph.event.GraphModelEvent.GraphModelChange;javax.swing.undo.UndoableEdit;org.jgraph.graph.AttributeMap;java.awt.Cursor;java.awt.geom.Point2D;org.jgraph.graph.CellViewFactory;java.awt.Component;org.jgraph.graph.GraphSelectionModel;java.io.ObjectOutputStream;org.jgraph.JGraph;org.jgraph.graph.CellView;java.util.Set;org.jgraph.graph.GraphLayoutCache;org.jgraph.plaf.GraphUI;java.util.Collection;java.awt.Rectangle;boolean[];org.jgraph.graph.ParentMap;org.jgraph.graph.ConnectionSet;javax.swing.ImageIcon;java.lang.Object;java.util.List;org.jgraph.event.GraphSelectionEvent;org.jgraph.event.GraphLayoutCacheListener;org.jgraph.event.GraphLayoutCacheEvent.GraphLayoutCacheChange;java.io.ObjectInputStream;java.lang.Object[];java.awt.geom.Point2D[];org.jgraph.graph.GraphModel;java.awt.event.MouseEvent;java.lang.String[];java.awt.geom.Rectangle2D;javax.swing.undo.UndoableEdit[];java.awt.Graphics
com.jgraph.layout.JGraphFacade;50;com.jgraph.algebra.cost.JGraphCostFunction;org.jgraph.graph.Edge.Routing;org.jgraph.graph.BasicMarqueeHandler;java.awt.Point;org.jgraph.graph.CellView[];org.jgraph.event.GraphSelectionListener;org.jgraph.event.GraphModelEvent.GraphModelChange;javax.swing.undo.UndoableEdit;org.jgraph.graph.CellViewFactory;com.jgraph.algebra.JGraphAlgebra;java.awt.Component;org.jgraph.graph.GraphSelectionModel;java.io.ObjectOutputStream;org.jgraph.JGraph;org.jgraph.graph.CellView;org.jgraph.graph.GraphLayoutCache;java.awt.Rectangle;org.jgraph.graph.ParentMap;org.jgraph.graph.ConnectionSet;java.lang.Object;com.jgraph.layout.JGraphLayout;java.util.List;org.jgraph.event.GraphSelectionEvent;org.jgraph.event.GraphLayoutCacheListener;org.jgraph.event.GraphLayoutCacheEvent.GraphLayoutCacheChange;java.lang.Object[];java.awt.geom.Point2D[];java.util.Comparator;java.awt.event.MouseEvent;java.awt.geom.Rectangle2D;java.awt.Graphics;java.util.Map;com.jgraph.layout.JGraphFacade.CellVisitor;java.awt.Color;java.awt.geom.Dimension2D;org.jgraph.graph.AttributeMap;java.awt.geom.Point2D;java.awt.Cursor;java.util.Set;org.jgraph.plaf.GraphUI;double[][];java.util.Collection;boolean[];javax.swing.ImageIcon;java.util.logging.Level;java.util.Hashtable;java.io.ObjectInputStream;org.jgraph.graph.GraphModel;java.lang.String[];javax.swing.undo.UndoableEdit[]
com.jgraph.io.svg.SVGVertexRenderer;45;java.util.Map;org.jgraph.graph.EdgeView;java.awt.Color;java.awt.Point;org.jgraph.graph.BasicMarqueeHandler;org.jgraph.event.GraphSelectionListener;java.awt.geom.Dimension2D;org.jgraph.graph.CellView[];org.jgraph.event.GraphModelEvent.GraphModelChange;javax.swing.undo.UndoableEdit;org.jgraph.graph.AttributeMap;java.awt.geom.Point2D;java.awt.Cursor;org.jgraph.graph.CellViewFactory;java.awt.Component;org.jgraph.graph.GraphSelectionModel;java.io.ObjectOutputStream;org.jgraph.JGraph;org.jgraph.graph.CellView;org.jgraph.plaf.GraphUI;java.util.Set;org.jgraph.graph.GraphLayoutCache;java.awt.Rectangle;java.util.Collection;org.jgraph.graph.GraphContext;org.jgraph.graph.ParentMap;boolean[];org.jgraph.graph.ConnectionSet;javax.swing.ImageIcon;java.lang.Object;java.util.List;org.jgraph.graph.VertexView;org.jgraph.event.GraphSelectionEvent;org.jgraph.event.GraphLayoutCacheListener;org.jgraph.event.GraphLayoutCacheEvent.GraphLayoutCacheChange;java.io.ObjectInputStream;java.lang.Object[];org.jgraph.graph.CellMapper;java.awt.geom.Point2D[];org.jgraph.graph.GraphModel;java.awt.event.MouseEvent;java.lang.String[];java.awt.geom.Rectangle2D;javax.swing.undo.UndoableEdit[];java.awt.Graphics
com.jgraph.algebra.JGraphFibonacciHeap;3;java.lang.Object;com.jgraph.algebra.JGraphFibonacciHeap;com.jgraph.algebra.JGraphFibonacciHeap.Node
org.jgraph.graph.GraphLayoutCache;19;org.jgraph.graph.ParentMap;org.jgraph.graph.ConnectionSet;java.lang.Object;java.util.Map;org.jgraph.graph.CellView[];org.jgraph.event.GraphModelEvent.GraphModelChange;javax.swing.undo.UndoableEdit;org.jgraph.event.GraphLayoutCacheListener;org.jgraph.graph.CellViewFactory;org.jgraph.event.GraphLayoutCacheEvent.GraphLayoutCacheChange;java.io.ObjectInputStream;java.lang.Object[];java.io.ObjectOutputStream;org.jgraph.graph.GraphModel;java.awt.geom.Rectangle2D;org.jgraph.graph.CellView;javax.swing.undo.UndoableEdit[];java.util.Set;java.util.Collection
org.jgraph.graph.DefaultEdge;44;org.jgraph.graph.EdgeView;java.util.Map;java.awt.Color;java.awt.Point;org.jgraph.graph.BasicMarqueeHandler;org.jgraph.graph.CellView[];java.awt.geom.Dimension2D;org.jgraph.event.GraphSelectionListener;org.jgraph.event.GraphModelEvent.GraphModelChange;javax.swing.undo.UndoableEdit;org.jgraph.graph.AttributeMap;java.awt.Cursor;java.awt.geom.Point2D;org.jgraph.graph.CellViewFactory;java.awt.Component;org.jgraph.graph.GraphSelectionModel;java.io.ObjectOutputStream;org.jgraph.JGraph;org.jgraph.graph.CellView;org.jgraph.graph.GraphLayoutCache;java.util.Set;org.jgraph.plaf.GraphUI;java.util.Collection;org.jgraph.graph.GraphContext;java.awt.Rectangle;boolean[];org.jgraph.graph.ParentMap;org.jgraph.graph.ConnectionSet;javax.swing.ImageIcon;java.lang.Object;java.util.List;org.jgraph.event.GraphSelectionEvent;org.jgraph.event.GraphLayoutCacheListener;org.jgraph.event.GraphLayoutCacheEvent.GraphLayoutCacheChange;java.io.ObjectInputStream;java.lang.Object[];org.jgraph.graph.CellMapper;java.awt.geom.Point2D[];java.awt.event.MouseEvent;org.jgraph.graph.GraphModel;java.lang.String[];java.awt.geom.Rectangle2D;javax.swing.undo.UndoableEdit[];java.awt.Graphics
com.jgraph.layout.tree.JGraphMoenLayout;0
org.jgraph.graph.ExecutableChange;0
org.jgraph.graph.DefaultRealEditor;44;java.util.Map;java.awt.Color;org.jgraph.graph.BasicMarqueeHandler;java.awt.Point;org.jgraph.graph.CellView[];java.awt.geom.Dimension2D;org.jgraph.event.GraphSelectionListener;org.jgraph.event.GraphModelEvent.GraphModelChange;javax.swing.undo.UndoableEdit;org.jgraph.graph.AttributeMap;java.awt.Cursor;java.awt.geom.Point2D;org.jgraph.graph.CellViewFactory;java.awt.Component;org.jgraph.graph.GraphSelectionModel;java.io.ObjectOutputStream;org.jgraph.JGraph;org.jgraph.graph.CellView;java.util.Set;org.jgraph.graph.GraphLayoutCache;org.jgraph.plaf.GraphUI;javax.swing.JComboBox;java.awt.Rectangle;java.util.Collection;org.jgraph.graph.ParentMap;boolean[];javax.swing.ImageIcon;org.jgraph.graph.ConnectionSet;java.lang.Object;java.util.List;javax.swing.JCheckBox;org.jgraph.event.GraphSelectionEvent;org.jgraph.event.GraphLayoutCacheListener;org.jgraph.event.GraphLayoutCacheEvent.GraphLayoutCacheChange;java.io.ObjectInputStream;java.lang.Object[];java.awt.geom.Point2D[];java.awt.event.MouseEvent;org.jgraph.graph.GraphModel;java.lang.String[];javax.swing.JTextField;java.awt.geom.Rectangle2D;java.awt.Graphics;javax.swing.undo.UndoableEdit[]
com.jgraph.io.svg.SVGEdgeWriter;24;org.jgraph.graph.ParentMap;org.jgraph.graph.ConnectionSet;java.lang.Object;java.util.Map;org.jgraph.graph.CellView[];org.jgraph.event.GraphModelEvent.GraphModelChange;java.awt.Font;javax.swing.undo.UndoableEdit;org.jgraph.event.GraphLayoutCacheListener;org.jgraph.graph.CellViewFactory;org.jgraph.event.GraphLayoutCacheEvent.GraphLayoutCacheChange;java.io.ObjectInputStream;java.lang.Object[];java.io.ObjectOutputStream;org.jgraph.graph.GraphModel;com.jgraph.io.svg.SVGGraphWriter;org.w3c.dom.Document;java.awt.geom.Rectangle2D;org.jgraph.graph.CellView;javax.swing.undo.UndoableEdit[];java.util.Set;org.jgraph.graph.GraphLayoutCache;java.io.OutputStream;java.util.Collection
com.jgraph.layout.hierarchical.JGraphCoordinateAssignment;57;com.jgraph.algebra.cost.JGraphCostFunction;org.jgraph.graph.Edge.Routing;java.awt.Point;org.jgraph.graph.BasicMarqueeHandler;org.jgraph.event.GraphSelectionListener;org.jgraph.graph.CellView[];org.jgraph.event.GraphModelEvent.GraphModelChange;javax.swing.undo.UndoableEdit;com.jgraph.layout.hierarchical.model.JGraphAbstractHierarchyCell;org.jgraph.graph.CellViewFactory;java.awt.Component;com.jgraph.algebra.JGraphAlgebra;org.jgraph.graph.GraphSelectionModel;java.io.ObjectOutputStream;org.jgraph.JGraph;com.jgraph.layout.JGraphFacade;org.jgraph.graph.CellView;org.jgraph.graph.GraphLayoutCache;java.awt.Rectangle;org.jgraph.graph.ParentMap;org.jgraph.graph.ConnectionSet;com.jgraph.layout.JGraphLayout;java.lang.Object;java.util.List;org.jgraph.event.GraphSelectionEvent;org.jgraph.event.GraphLayoutCacheListener;org.jgraph.event.GraphLayoutCacheEvent.GraphLayoutCacheChange;java.lang.Object[];java.awt.geom.Point2D[];java.util.Comparator;com.jgraph.layout.hierarchical.model.JGraphHierarchyNode[];java.awt.event.MouseEvent;java.awt.geom.Rectangle2D;java.awt.Graphics;java.util.Map;com.jgraph.layout.JGraphFacade.CellVisitor;java.awt.Color;int[];java.awt.geom.Dimension2D;com.jgraph.layout.hierarchical.model.JGraphHierarchyNode;org.jgraph.graph.AttributeMap;java.awt.Cursor;java.awt.geom.Point2D;com.jgraph.layout.hierarchical.model.JGraphHierarchyEdge;java.util.Set;org.jgraph.plaf.GraphUI;double[][];java.util.Collection;boolean[];javax.swing.ImageIcon;com.jgraph.layout.hierarchical.model.JGraphHierarchyModel;java.util.logging.Level;java.util.Hashtable;java.io.ObjectInputStream;org.jgraph.graph.GraphModel;java.lang.String[];javax.swing.undo.UndoableEdit[]
org.jgraph.graph.ParentMap;4;java.lang.Object[];java.util.Map;java.lang.Object;org.jgraph.graph.GraphModel
com.jgraph.layout.organic.JGraphSelfOrganizingOrganicLayout;51;com.jgraph.algebra.cost.JGraphCostFunction;org.jgraph.graph.Edge.Routing;org.jgraph.graph.BasicMarqueeHandler;java.awt.Point;org.jgraph.event.GraphSelectionListener;org.jgraph.graph.CellView[];org.jgraph.event.GraphModelEvent.GraphModelChange;javax.swing.undo.UndoableEdit;org.jgraph.graph.CellViewFactory;com.jgraph.algebra.JGraphAlgebra;java.awt.Component;org.jgraph.graph.GraphSelectionModel;java.io.ObjectOutputStream;org.jgraph.JGraph;com.jgraph.layout.JGraphFacade;org.jgraph.graph.CellView;org.jgraph.graph.GraphLayoutCache;java.awt.Rectangle;org.jgraph.graph.ParentMap;org.jgraph.graph.ConnectionSet;com.jgraph.layout.JGraphLayout;java.lang.Object;java.util.List;org.jgraph.event.GraphSelectionEvent;org.jgraph.event.GraphLayoutCacheListener;org.jgraph.event.GraphLayoutCacheEvent.GraphLayoutCacheChange;java.lang.Object[];java.awt.geom.Point2D[];java.util.Comparator;java.awt.event.MouseEvent;java.awt.geom.Rectangle2D;java.awt.Graphics;java.util.Map;com.jgraph.layout.JGraphFacade.CellVisitor;java.awt.Color;java.awt.geom.Dimension2D;org.jgraph.graph.AttributeMap;java.awt.geom.Point2D;java.awt.Cursor;java.util.Set;org.jgraph.plaf.GraphUI;double[][];java.util.Collection;boolean[];javax.swing.ImageIcon;java.util.logging.Level;java.util.Hashtable;java.io.ObjectInputStream;org.jgraph.graph.GraphModel;java.lang.String[];javax.swing.undo.UndoableEdit[]
org.jgraph.graph.ConnectionSet;7;org.jgraph.graph.ConnectionSet;java.lang.Object[];java.util.Map;java.lang.Object;org.jgraph.graph.GraphModel;org.jgraph.graph.CellView[];java.util.Set
com.jgraph.navigation.PanningTool;2;java.awt.event.MouseEvent;java.awt.Cursor
org.jgraph.graph.VertexRenderer;45;java.util.Map;org.jgraph.graph.EdgeView;java.awt.Color;org.jgraph.graph.BasicMarqueeHandler;java.awt.Point;org.jgraph.graph.CellView[];java.awt.geom.Dimension2D;org.jgraph.event.GraphSelectionListener;org.jgraph.event.GraphModelEvent.GraphModelChange;javax.swing.undo.UndoableEdit;org.jgraph.graph.AttributeMap;java.awt.Cursor;java.awt.geom.Point2D;org.jgraph.graph.CellViewFactory;java.awt.Component;org.jgraph.graph.GraphSelectionModel;java.io.ObjectOutputStream;org.jgraph.JGraph;org.jgraph.graph.CellView;org.jgraph.plaf.GraphUI;java.util.Set;org.jgraph.graph.GraphLayoutCache;java.util.Collection;org.jgraph.graph.GraphContext;java.awt.Rectangle;boolean[];org.jgraph.graph.ParentMap;org.jgraph.graph.ConnectionSet;javax.swing.ImageIcon;java.lang.Object;java.util.List;org.jgraph.graph.VertexView;org.jgraph.event.GraphSelectionEvent;org.jgraph.event.GraphLayoutCacheListener;org.jgraph.event.GraphLayoutCacheEvent.GraphLayoutCacheChange;java.io.ObjectInputStream;java.lang.Object[];org.jgraph.graph.CellMapper;java.awt.geom.Point2D[];java.awt.event.MouseEvent;org.jgraph.graph.GraphModel;java.lang.String[];java.awt.geom.Rectangle2D;java.awt.Graphics;javax.swing.undo.UndoableEdit[]
com.jgraph.layout.hierarchical.JGraphLongestPathLayering;56;com.jgraph.algebra.cost.JGraphCostFunction;org.jgraph.graph.Edge.Routing;java.awt.Point;org.jgraph.graph.BasicMarqueeHandler;org.jgraph.event.GraphSelectionListener;org.jgraph.graph.CellView[];org.jgraph.event.GraphModelEvent.GraphModelChange;javax.swing.undo.UndoableEdit;org.jgraph.graph.CellViewFactory;com.jgraph.algebra.JGraphAlgebra;java.awt.Component;org.jgraph.graph.GraphSelectionModel;java.io.ObjectOutputStream;org.jgraph.JGraph;com.jgraph.layout.JGraphFacade;org.jgraph.graph.CellView;org.jgraph.graph.GraphLayoutCache;java.awt.Rectangle;org.jgraph.graph.ParentMap;org.jgraph.graph.ConnectionSet;com.jgraph.layout.JGraphLayout;java.lang.Object;java.util.List;org.jgraph.event.GraphSelectionEvent;org.jgraph.event.GraphLayoutCacheListener;org.jgraph.event.GraphLayoutCacheEvent.GraphLayoutCacheChange;java.lang.Object[];java.awt.geom.Point2D[];java.util.Comparator;com.jgraph.layout.hierarchical.model.JGraphHierarchyNode[];java.awt.event.MouseEvent;java.awt.geom.Rectangle2D;java.awt.Graphics;java.util.Map;com.jgraph.layout.JGraphFacade.CellVisitor;java.awt.Color;int[];java.awt.geom.Dimension2D;com.jgraph.layout.hierarchical.model.JGraphHierarchyNode;org.jgraph.graph.AttributeMap;java.awt.Cursor;java.awt.geom.Point2D;com.jgraph.layout.hierarchical.model.JGraphHierarchyEdge;java.util.Set;org.jgraph.plaf.GraphUI;double[][];java.util.Collection;boolean[];javax.swing.ImageIcon;com.jgraph.layout.hierarchical.model.JGraphHierarchyModel;java.util.logging.Level;java.util.Hashtable;java.io.ObjectInputStream;org.jgraph.graph.GraphModel;java.lang.String[];javax.swing.undo.UndoableEdit[]
com.jgraph.algebra.cost.JGraphConstantCostFunction;1;java.lang.Object
com.jgraph.algebra.JGraphUnionFind;3;java.lang.Object[];java.lang.Object;com.jgraph.algebra.JGraphUnionFind.Node
org.jgraph.graph.DefaultGraphCell;12;javax.swing.tree.MutableTreeNode[];java.io.ObjectInputStream;java.lang.Object[];java.awt.geom.Point2D[];java.io.ObjectOutputStream;java.lang.Object;java.util.Map;java.util.List;java.awt.geom.Rectangle2D;java.util.Collection;org.jgraph.graph.AttributeMap;java.awt.geom.Point2D
com.jgraph.layout.hierarchical.JGraphMinimumCycleRemover;56;com.jgraph.algebra.cost.JGraphCostFunction;org.jgraph.graph.Edge.Routing;java.awt.Point;org.jgraph.graph.BasicMarqueeHandler;org.jgraph.event.GraphSelectionListener;org.jgraph.graph.CellView[];org.jgraph.event.GraphModelEvent.GraphModelChange;javax.swing.undo.UndoableEdit;org.jgraph.graph.CellViewFactory;com.jgraph.algebra.JGraphAlgebra;java.awt.Component;org.jgraph.graph.GraphSelectionModel;java.io.ObjectOutputStream;org.jgraph.JGraph;com.jgraph.layout.JGraphFacade;org.jgraph.graph.CellView;org.jgraph.graph.GraphLayoutCache;java.awt.Rectangle;org.jgraph.graph.ParentMap;org.jgraph.graph.ConnectionSet;com.jgraph.layout.JGraphLayout;java.lang.Object;java.util.List;org.jgraph.event.GraphSelectionEvent;org.jgraph.event.GraphLayoutCacheListener;org.jgraph.event.GraphLayoutCacheEvent.GraphLayoutCacheChange;java.lang.Object[];java.awt.geom.Point2D[];java.util.Comparator;com.jgraph.layout.hierarchical.model.JGraphHierarchyNode[];java.awt.event.MouseEvent;java.awt.geom.Rectangle2D;java.awt.Graphics;java.util.Map;com.jgraph.layout.JGraphFacade.CellVisitor;java.awt.Color;int[];java.awt.geom.Dimension2D;com.jgraph.layout.hierarchical.model.JGraphHierarchyNode;org.jgraph.graph.AttributeMap;java.awt.Cursor;java.awt.geom.Point2D;com.jgraph.layout.hierarchical.model.JGraphHierarchyEdge;java.util.Set;org.jgraph.plaf.GraphUI;double[][];java.util.Collection;boolean[];javax.swing.ImageIcon;com.jgraph.layout.hierarchical.model.JGraphHierarchyModel;java.util.logging.Level;java.util.Hashtable;java.io.ObjectInputStream;org.jgraph.graph.GraphModel;java.lang.String[];javax.swing.undo.UndoableEdit[]
org.jgraph.util.Spline;2;double[];double[][]
org.jgraph.event.GraphSelectionEvent;3;boolean[];java.lang.Object[];java.lang.Object
com.jgraph.layout.tree.JGraphTreeLayout;54;com.jgraph.algebra.cost.JGraphCostFunction;org.jgraph.graph.Edge.Routing;java.awt.Point;org.jgraph.graph.BasicMarqueeHandler;org.jgraph.event.GraphSelectionListener;org.jgraph.graph.CellView[];org.jgraph.event.GraphModelEvent.GraphModelChange;javax.swing.undo.UndoableEdit;org.jgraph.graph.CellViewFactory;com.jgraph.algebra.JGraphAlgebra;java.awt.Component;org.jgraph.graph.GraphSelectionModel;java.io.ObjectOutputStream;com.jgraph.layout.JGraphFacade;org.jgraph.JGraph;org.jgraph.graph.CellView;org.jgraph.graph.GraphLayoutCache;java.awt.Rectangle;com.jgraph.layout.tree.JGraphAbstractTreeLayout.TreeNode;org.jgraph.graph.ParentMap;org.jgraph.graph.ConnectionSet;com.jgraph.layout.JGraphLayout;java.lang.Object;java.util.List;org.jgraph.event.GraphSelectionEvent;org.jgraph.event.GraphLayoutCacheListener;org.jgraph.event.GraphLayoutCacheEvent.GraphLayoutCacheChange;java.lang.Object[];java.awt.geom.Point2D[];java.util.Comparator;java.awt.event.MouseEvent;java.awt.geom.Rectangle2D;java.awt.Graphics;java.util.Map;com.jgraph.layout.JGraphFacade.CellVisitor;java.awt.Color;java.awt.geom.Dimension2D;com.jgraph.layout.tree.JGraphTreeLayout.PolyLine;org.jgraph.graph.AttributeMap;java.awt.Cursor;java.awt.geom.Point2D;org.jgraph.plaf.GraphUI;java.util.Set;double[][];java.util.Collection;boolean[];javax.swing.ImageIcon;com.jgraph.layout.tree.JGraphTreeLayout.StandardTreeNode;java.util.logging.Level;java.util.Hashtable;java.io.ObjectInputStream;org.jgraph.graph.GraphModel;java.lang.String[];javax.swing.undo.UndoableEdit[]
com.jgraph.io.svg.SVGVertexWriter;24;org.jgraph.graph.ParentMap;org.jgraph.graph.ConnectionSet;java.lang.Object;java.util.Map;org.jgraph.graph.CellView[];org.jgraph.event.GraphModelEvent.GraphModelChange;java.awt.Font;javax.swing.undo.UndoableEdit;org.jgraph.event.GraphLayoutCacheListener;org.jgraph.graph.CellViewFactory;org.jgraph.event.GraphLayoutCacheEvent.GraphLayoutCacheChange;java.io.ObjectInputStream;java.lang.Object[];java.io.ObjectOutputStream;org.jgraph.graph.GraphModel;com.jgraph.io.svg.SVGGraphWriter;org.w3c.dom.Document;org.jgraph.graph.CellView;java.awt.geom.Rectangle2D;java.util.Set;javax.swing.undo.UndoableEdit[];org.jgraph.graph.GraphLayoutCache;java.io.OutputStream;java.util.Collection
com.jgraph.layout.routing.JGraphParallelRouter;0
org.jgraph.graph.DefaultPort;3;org.jgraph.graph.Port;java.lang.Object;java.util.Set
org.jgraph.graph.DefaultGraphCellEditor;47;java.util.Map;javax.swing.border.Border;java.awt.Color;java.awt.Point;org.jgraph.graph.BasicMarqueeHandler;org.jgraph.event.GraphSelectionListener;java.awt.geom.Dimension2D;org.jgraph.graph.CellView[];org.jgraph.event.GraphModelEvent.GraphModelChange;javax.swing.undo.UndoableEdit;org.jgraph.graph.AttributeMap;java.awt.geom.Point2D;java.awt.Cursor;org.jgraph.graph.CellViewFactory;java.awt.Component;org.jgraph.graph.GraphSelectionModel;java.io.ObjectOutputStream;org.jgraph.JGraph;org.jgraph.graph.CellView;org.jgraph.plaf.GraphUI;org.jgraph.graph.GraphLayoutCache;java.util.Set;java.awt.Rectangle;java.util.Collection;org.jgraph.graph.ParentMap;boolean[];javax.swing.event.CellEditorListener;javax.swing.ImageIcon;org.jgraph.graph.ConnectionSet;java.util.EventObject;java.lang.Object;java.util.List;java.awt.event.ActionEvent;org.jgraph.event.GraphSelectionEvent;java.awt.Font;org.jgraph.event.GraphLayoutCacheListener;org.jgraph.graph.GraphCellEditor;org.jgraph.event.GraphLayoutCacheEvent.GraphLayoutCacheChange;java.io.ObjectInputStream;java.lang.Object[];java.awt.geom.Point2D[];java.awt.event.MouseEvent;org.jgraph.graph.GraphModel;java.lang.String[];java.awt.geom.Rectangle2D;javax.swing.undo.UndoableEdit[];java.awt.Graphics
org.jgraph.graph.GraphConstants;16;java.lang.Object;java.util.Map;org.jgraph.graph.Edge.Routing;javax.swing.Icon;javax.swing.border.Border;java.awt.Color;java.util.List;java.awt.Font;java.awt.geom.Point2D;java.lang.Object[];org.jgraph.graph.CellMapper;java.awt.geom.Point2D[];org.jgraph.graph.GraphModel;java.awt.geom.Rectangle2D;java.awt.Dimension;float[]
org.jgraph.event.GraphLayoutCacheEvent;2;org.jgraph.event.GraphLayoutCacheEvent.GraphLayoutCacheChange;java.lang.Object
com.jgraph.layout.organic.JGraphFastOrganicLayout;51;com.jgraph.algebra.cost.JGraphCostFunction;org.jgraph.graph.Edge.Routing;org.jgraph.graph.BasicMarqueeHandler;java.awt.Point;org.jgraph.event.GraphSelectionListener;org.jgraph.graph.CellView[];org.jgraph.event.GraphModelEvent.GraphModelChange;javax.swing.undo.UndoableEdit;org.jgraph.graph.CellViewFactory;com.jgraph.algebra.JGraphAlgebra;java.awt.Component;org.jgraph.graph.GraphSelectionModel;java.io.ObjectOutputStream;org.jgraph.JGraph;com.jgraph.layout.JGraphFacade;org.jgraph.graph.CellView;org.jgraph.graph.GraphLayoutCache;java.awt.Rectangle;org.jgraph.graph.ParentMap;org.jgraph.graph.ConnectionSet;com.jgraph.layout.JGraphLayout;java.lang.Object;java.util.List;org.jgraph.event.GraphSelectionEvent;org.jgraph.event.GraphLayoutCacheListener;org.jgraph.event.GraphLayoutCacheEvent.GraphLayoutCacheChange;java.lang.Object[];java.awt.geom.Point2D[];java.util.Comparator;java.awt.event.MouseEvent;java.awt.geom.Rectangle2D;java.awt.Graphics;java.util.Map;com.jgraph.layout.JGraphFacade.CellVisitor;java.awt.Color;java.awt.geom.Dimension2D;org.jgraph.graph.AttributeMap;java.awt.geom.Point2D;java.awt.Cursor;java.util.Set;org.jgraph.plaf.GraphUI;double[][];java.util.Collection;boolean[];javax.swing.ImageIcon;java.util.logging.Level;java.util.Hashtable;java.io.ObjectInputStream;org.jgraph.graph.GraphModel;java.lang.String[];javax.swing.undo.UndoableEdit[]
com.jgraph.layout.hierarchical.JGraphMedianHybridCrossingReduction;56;com.jgraph.algebra.cost.JGraphCostFunction;org.jgraph.graph.Edge.Routing;java.awt.Point;org.jgraph.graph.BasicMarqueeHandler;org.jgraph.event.GraphSelectionListener;org.jgraph.graph.CellView[];org.jgraph.event.GraphModelEvent.GraphModelChange;javax.swing.undo.UndoableEdit;org.jgraph.graph.CellViewFactory;java.awt.Component;com.jgraph.algebra.JGraphAlgebra;org.jgraph.graph.GraphSelectionModel;java.io.ObjectOutputStream;org.jgraph.JGraph;com.jgraph.layout.JGraphFacade;org.jgraph.graph.CellView;org.jgraph.graph.GraphLayoutCache;java.awt.Rectangle;org.jgraph.graph.ParentMap;org.jgraph.graph.ConnectionSet;com.jgraph.layout.JGraphLayout;java.lang.Object;java.util.List;org.jgraph.event.GraphSelectionEvent;org.jgraph.event.GraphLayoutCacheListener;org.jgraph.event.GraphLayoutCacheEvent.GraphLayoutCacheChange;java.lang.Object[];java.awt.geom.Point2D[];java.util.Comparator;com.jgraph.layout.hierarchical.model.JGraphHierarchyNode[];java.awt.event.MouseEvent;java.awt.geom.Rectangle2D;java.awt.Graphics;java.util.Map;com.jgraph.layout.JGraphFacade.CellVisitor;java.awt.Color;int[];java.awt.geom.Dimension2D;com.jgraph.layout.hierarchical.model.JGraphHierarchyNode;org.jgraph.graph.AttributeMap;java.awt.Cursor;java.awt.geom.Point2D;com.jgraph.layout.hierarchical.model.JGraphHierarchyEdge;java.util.Set;org.jgraph.plaf.GraphUI;double[][];java.util.Collection;boolean[];javax.swing.ImageIcon;com.jgraph.layout.hierarchical.model.JGraphHierarchyModel;java.util.logging.Level;java.util.Hashtable;java.io.ObjectInputStream;org.jgraph.graph.GraphModel;java.lang.String[];javax.swing.undo.UndoableEdit[]
com.jgraph.layout.hierarchical.JGraphHierarchicalLayout;51;com.jgraph.algebra.cost.JGraphCostFunction;org.jgraph.graph.Edge.Routing;org.jgraph.graph.BasicMarqueeHandler;java.awt.Point;org.jgraph.event.GraphSelectionListener;org.jgraph.graph.CellView[];org.jgraph.event.GraphModelEvent.GraphModelChange;javax.swing.undo.UndoableEdit;org.jgraph.graph.CellViewFactory;com.jgraph.algebra.JGraphAlgebra;java.awt.Component;org.jgraph.graph.GraphSelectionModel;java.io.ObjectOutputStream;org.jgraph.JGraph;com.jgraph.layout.JGraphFacade;org.jgraph.graph.CellView;org.jgraph.graph.GraphLayoutCache;java.awt.Rectangle;org.jgraph.graph.ParentMap;org.jgraph.graph.ConnectionSet;com.jgraph.layout.JGraphLayout;java.lang.Object;java.util.List;org.jgraph.event.GraphSelectionEvent;org.jgraph.event.GraphLayoutCacheListener;org.jgraph.event.GraphLayoutCacheEvent.GraphLayoutCacheChange;java.lang.Object[];java.awt.geom.Point2D[];java.util.Comparator;java.awt.event.MouseEvent;java.awt.geom.Rectangle2D;java.awt.Graphics;java.util.Map;com.jgraph.layout.JGraphFacade.CellVisitor;java.awt.Color;java.awt.geom.Dimension2D;org.jgraph.graph.AttributeMap;java.awt.geom.Point2D;java.awt.Cursor;java.util.Set;org.jgraph.plaf.GraphUI;double[][];java.util.Collection;boolean[];javax.swing.ImageIcon;java.util.logging.Level;java.util.Hashtable;java.io.ObjectInputStream;org.jgraph.graph.GraphModel;java.lang.String[];javax.swing.undo.UndoableEdit[]
org.jgraph.graph.AbstractCellView;44;org.jgraph.graph.EdgeView;java.util.Map;java.awt.Color;java.awt.Point;org.jgraph.graph.BasicMarqueeHandler;org.jgraph.graph.CellView[];java.awt.geom.Dimension2D;org.jgraph.event.GraphSelectionListener;org.jgraph.event.GraphModelEvent.GraphModelChange;javax.swing.undo.UndoableEdit;org.jgraph.graph.AttributeMap;java.awt.Cursor;java.awt.geom.Point2D;org.jgraph.graph.CellViewFactory;java.awt.Component;org.jgraph.graph.GraphSelectionModel;java.io.ObjectOutputStream;org.jgraph.JGraph;org.jgraph.graph.CellView;org.jgraph.graph.GraphLayoutCache;java.util.Set;org.jgraph.plaf.GraphUI;java.awt.Rectangle;java.util.Collection;org.jgraph.graph.GraphContext;boolean[];org.jgraph.graph.ParentMap;javax.swing.ImageIcon;org.jgraph.graph.ConnectionSet;java.lang.Object;java.util.List;org.jgraph.event.GraphSelectionEvent;org.jgraph.event.GraphLayoutCacheListener;org.jgraph.event.GraphLayoutCacheEvent.GraphLayoutCacheChange;java.io.ObjectInputStream;java.lang.Object[];java.awt.geom.Point2D[];org.jgraph.graph.CellMapper;java.awt.event.MouseEvent;org.jgraph.graph.GraphModel;java.lang.String[];java.awt.geom.Rectangle2D;java.awt.Graphics;javax.swing.undo.UndoableEdit[]
org.jgraph.graph.GraphTransferable;12;org.jgraph.graph.ParentMap;org.jgraph.graph.ConnectionSet;java.lang.Object[];java.lang.Object;java.util.Map;org.jgraph.graph.GraphModel;org.jgraph.graph.CellView[];java.awt.geom.Rectangle2D;java.awt.datatransfer.DataFlavor;java.util.Set;java.awt.datatransfer.Clipboard;java.awt.datatransfer.Transferable
com.jgraph.components.labels.RichTextGraphModel;15;org.jgraph.graph.ConnectionSet;java.util.Map;java.lang.Object;java.util.List;org.jgraph.graph.CellView[];org.jgraph.graph.AttributeMap;java.awt.geom.Point2D;java.io.ObjectInputStream;java.lang.Object[];java.io.ObjectOutputStream;java.awt.geom.Point2D[];org.jgraph.graph.GraphModel;java.awt.geom.Rectangle2D;java.util.Set;java.util.Collection
com.jgraph.components.labels.MultiLineVertexRenderer;45;org.jgraph.graph.EdgeView;java.util.Map;java.awt.Color;org.jgraph.graph.BasicMarqueeHandler;java.awt.Point;org.jgraph.graph.CellView[];java.awt.geom.Dimension2D;org.jgraph.event.GraphSelectionListener;org.jgraph.event.GraphModelEvent.GraphModelChange;javax.swing.undo.UndoableEdit;org.jgraph.graph.AttributeMap;java.awt.Cursor;java.awt.geom.Point2D;org.jgraph.graph.CellViewFactory;java.awt.Component;org.jgraph.graph.GraphSelectionModel;java.io.ObjectOutputStream;org.jgraph.JGraph;org.jgraph.graph.CellView;org.jgraph.plaf.GraphUI;java.util.Set;org.jgraph.graph.GraphLayoutCache;java.awt.Rectangle;java.util.Collection;org.jgraph.graph.GraphContext;boolean[];org.jgraph.graph.ParentMap;org.jgraph.graph.ConnectionSet;javax.swing.ImageIcon;java.lang.Object;java.util.List;org.jgraph.graph.VertexView;org.jgraph.event.GraphSelectionEvent;org.jgraph.event.GraphLayoutCacheListener;org.jgraph.event.GraphLayoutCacheEvent.GraphLayoutCacheChange;java.io.ObjectInputStream;java.lang.Object[];org.jgraph.graph.CellMapper;java.awt.geom.Point2D[];java.awt.event.MouseEvent;org.jgraph.graph.GraphModel;java.lang.String[];java.awt.geom.Rectangle2D;java.awt.Graphics;javax.swing.undo.UndoableEdit[]
com.jgraph.layout.graph.JGraphSimpleLayout;51;com.jgraph.algebra.cost.JGraphCostFunction;org.jgraph.graph.Edge.Routing;org.jgraph.graph.BasicMarqueeHandler;java.awt.Point;org.jgraph.event.GraphSelectionListener;org.jgraph.graph.CellView[];org.jgraph.event.GraphModelEvent.GraphModelChange;javax.swing.undo.UndoableEdit;org.jgraph.graph.CellViewFactory;com.jgraph.algebra.JGraphAlgebra;java.awt.Component;org.jgraph.graph.GraphSelectionModel;java.io.ObjectOutputStream;org.jgraph.JGraph;com.jgraph.layout.JGraphFacade;org.jgraph.graph.CellView;org.jgraph.graph.GraphLayoutCache;java.awt.Rectangle;org.jgraph.graph.ParentMap;org.jgraph.graph.ConnectionSet;com.jgraph.layout.JGraphLayout;java.lang.Object;java.util.List;org.jgraph.event.GraphSelectionEvent;org.jgraph.event.GraphLayoutCacheListener;org.jgraph.event.GraphLayoutCacheEvent.GraphLayoutCacheChange;java.lang.Object[];java.awt.geom.Point2D[];java.util.Comparator;java.awt.event.MouseEvent;java.awt.geom.Rectangle2D;java.awt.Graphics;java.util.Map;com.jgraph.layout.JGraphFacade.CellVisitor;java.awt.Color;java.awt.geom.Dimension2D;org.jgraph.graph.AttributeMap;java.awt.geom.Point2D;java.awt.Cursor;java.util.Set;org.jgraph.plaf.GraphUI;double[][];java.util.Collection;boolean[];javax.swing.ImageIcon;java.util.logging.Level;java.util.Hashtable;java.io.ObjectInputStream;org.jgraph.graph.GraphModel;java.lang.String[];javax.swing.undo.UndoableEdit[]
com.jgraph.algebra.cost.JGraphDistanceCostFunction;3;java.lang.Object;org.jgraph.graph.CellMapper;org.jgraph.graph.CellView
org.jgraph.util.Bezier;1;java.awt.geom.Point2D[]
com.jgraph.layout.graph.JGraphAnnealingLayout;1;java.awt.geom.Rectangle2D
com.jgraph.navigation.GraphNavigator;46;java.util.Map;java.awt.Color;java.awt.Point;org.jgraph.graph.BasicMarqueeHandler;org.jgraph.event.GraphSelectionListener;java.awt.geom.Dimension2D;org.jgraph.graph.CellView[];org.jgraph.event.GraphModelEvent.GraphModelChange;javax.swing.undo.UndoableEdit;org.jgraph.graph.AttributeMap;java.awt.Cursor;java.awt.geom.Point2D;java.awt.event.ComponentEvent;org.jgraph.graph.CellViewFactory;java.awt.Component;org.jgraph.graph.GraphSelectionModel;java.io.ObjectOutputStream;org.jgraph.JGraph;org.jgraph.graph.CellView;org.jgraph.plaf.GraphUI;org.jgraph.graph.GraphLayoutCache;java.util.Set;java.awt.Rectangle;java.util.Collection;org.jgraph.graph.ParentMap;boolean[];java.awt.event.AdjustmentEvent;javax.swing.ImageIcon;org.jgraph.graph.ConnectionSet;java.lang.Object;org.jgraph.event.GraphModelEvent;java.util.List;org.jgraph.event.GraphSelectionEvent;org.jgraph.event.GraphLayoutCacheListener;org.jgraph.event.GraphLayoutCacheEvent.GraphLayoutCacheChange;java.io.ObjectInputStream;org.jgraph.event.GraphLayoutCacheEvent;java.beans.PropertyChangeEvent;java.lang.Object[];java.awt.geom.Point2D[];org.jgraph.graph.GraphModel;java.awt.event.MouseEvent;java.lang.String[];java.awt.geom.Rectangle2D;javax.swing.undo.UndoableEdit[];java.awt.Graphics
com.jgraph.layout.hierarchical.model.JGraphHierarchyNode;2;java.lang.Object;com.jgraph.layout.hierarchical.model.JGraphHierarchyNode
com.jgraph.layout.tree.JGraphAbstractTreeLayout;51;com.jgraph.algebra.cost.JGraphCostFunction;org.jgraph.graph.Edge.Routing;org.jgraph.graph.BasicMarqueeHandler;java.awt.Point;org.jgraph.event.GraphSelectionListener;org.jgraph.graph.CellView[];org.jgraph.event.GraphModelEvent.GraphModelChange;javax.swing.undo.UndoableEdit;org.jgraph.graph.CellViewFactory;com.jgraph.algebra.JGraphAlgebra;java.awt.Component;org.jgraph.graph.GraphSelectionModel;java.io.ObjectOutputStream;org.jgraph.JGraph;com.jgraph.layout.JGraphFacade;org.jgraph.graph.CellView;org.jgraph.graph.GraphLayoutCache;java.awt.Rectangle;org.jgraph.graph.ParentMap;org.jgraph.graph.ConnectionSet;com.jgraph.layout.JGraphLayout;java.lang.Object;java.util.List;org.jgraph.event.GraphSelectionEvent;org.jgraph.event.GraphLayoutCacheListener;org.jgraph.event.GraphLayoutCacheEvent.GraphLayoutCacheChange;java.lang.Object[];java.awt.geom.Point2D[];java.util.Comparator;java.awt.event.MouseEvent;java.awt.geom.Rectangle2D;java.awt.Graphics;java.util.Map;com.jgraph.layout.JGraphFacade.CellVisitor;java.awt.Color;java.awt.geom.Dimension2D;org.jgraph.graph.AttributeMap;java.awt.geom.Point2D;java.awt.Cursor;java.util.Set;org.jgraph.plaf.GraphUI;double[][];java.util.Collection;boolean[];javax.swing.ImageIcon;java.util.logging.Level;java.util.Hashtable;java.io.ObjectInputStream;org.jgraph.graph.GraphModel;java.lang.String[];javax.swing.undo.UndoableEdit[]
org.jgraph.plaf.basic.BasicGraphTransferable;1;java.awt.datatransfer.DataFlavor
org.jgraph.graph.DefaultCellViewFactory;4;org.jgraph.graph.Edge;org.jgraph.graph.Port;java.lang.Object;org.jgraph.graph.GraphModel
org.jgraph.graph.AttributeMap;11;java.io.ObjectInputStream;java.lang.Object[];java.io.ObjectOutputStream;java.awt.geom.Point2D[];java.lang.Object;java.util.Map;java.util.List;java.awt.geom.Rectangle2D;org.jgraph.graph.AttributeMap;java.util.Collection;java.awt.geom.Point2D
com.jgraph.io.svg.SVGUtils;1;java.awt.Color
com.jgraph.layout.hierarchical.model.JGraphHierarchyEdge;1;java.util.List
org.jgraph.util.RectUtils;1;java.awt.geom.Rectangle2D
com.jgraph.layout.graph.JGraphSpringLayout;51;com.jgraph.algebra.cost.JGraphCostFunction;org.jgraph.graph.Edge.Routing;org.jgraph.graph.BasicMarqueeHandler;java.awt.Point;org.jgraph.event.GraphSelectionListener;org.jgraph.graph.CellView[];org.jgraph.event.GraphModelEvent.GraphModelChange;javax.swing.undo.UndoableEdit;org.jgraph.graph.CellViewFactory;com.jgraph.algebra.JGraphAlgebra;java.awt.Component;org.jgraph.graph.GraphSelectionModel;java.io.ObjectOutputStream;org.jgraph.JGraph;com.jgraph.layout.JGraphFacade;org.jgraph.graph.CellView;org.jgraph.graph.GraphLayoutCache;java.awt.Rectangle;org.jgraph.graph.ParentMap;org.jgraph.graph.ConnectionSet;com.jgraph.layout.JGraphLayout;java.lang.Object;java.util.List;org.jgraph.event.GraphSelectionEvent;org.jgraph.event.GraphLayoutCacheListener;org.jgraph.event.GraphLayoutCacheEvent.GraphLayoutCacheChange;java.lang.Object[];java.awt.geom.Point2D[];java.util.Comparator;java.awt.event.MouseEvent;java.awt.geom.Rectangle2D;java.awt.Graphics;java.util.Map;com.jgraph.layout.JGraphFacade.CellVisitor;java.awt.Color;java.awt.geom.Dimension2D;org.jgraph.graph.AttributeMap;java.awt.geom.Point2D;java.awt.Cursor;java.util.Set;org.jgraph.plaf.GraphUI;double[][];java.util.Collection;boolean[];javax.swing.ImageIcon;java.util.logging.Level;java.util.Hashtable;java.io.ObjectInputStream;org.jgraph.graph.GraphModel;java.lang.String[];javax.swing.undo.UndoableEdit[]
org.jgraph.graph.PortView;44;org.jgraph.graph.EdgeView;java.util.Map;java.awt.Color;java.awt.Point;org.jgraph.graph.BasicMarqueeHandler;org.jgraph.graph.CellView[];java.awt.geom.Dimension2D;org.jgraph.event.GraphSelectionListener;org.jgraph.event.GraphModelEvent.GraphModelChange;javax.swing.undo.UndoableEdit;org.jgraph.graph.AttributeMap;java.awt.Cursor;java.awt.geom.Point2D;org.jgraph.graph.CellViewFactory;java.awt.Component;org.jgraph.graph.GraphSelectionModel;java.io.ObjectOutputStream;org.jgraph.JGraph;org.jgraph.graph.CellView;java.util.Set;org.jgraph.graph.GraphLayoutCache;org.jgraph.plaf.GraphUI;org.jgraph.graph.GraphContext;java.util.Collection;java.awt.Rectangle;boolean[];org.jgraph.graph.ParentMap;org.jgraph.graph.ConnectionSet;javax.swing.ImageIcon;java.lang.Object;java.util.List;org.jgraph.event.GraphSelectionEvent;org.jgraph.event.GraphLayoutCacheListener;org.jgraph.event.GraphLayoutCacheEvent.GraphLayoutCacheChange;java.io.ObjectInputStream;java.lang.Object[];java.awt.geom.Point2D[];org.jgraph.graph.CellMapper;java.awt.event.MouseEvent;org.jgraph.graph.GraphModel;java.lang.String[];java.awt.geom.Rectangle2D;javax.swing.undo.UndoableEdit[];java.awt.Graphics
org.jgraph.graph.DefaultGraphModel;27;org.jgraph.event.GraphModelListener;java.util.Map;org.jgraph.graph.CellView[];org.jgraph.event.GraphModelEvent.GraphModelChange;javax.swing.undo.UndoableEdit;org.jgraph.graph.AttributeMap;java.awt.geom.Point2D;org.jgraph.graph.CellViewFactory;java.io.ObjectOutputStream;org.jgraph.graph.CellView;java.util.Set;org.jgraph.graph.GraphLayoutCache;org.jgraph.graph.ExecutableChange;java.util.Collection;org.jgraph.graph.ParentMap;org.jgraph.graph.ConnectionSet;java.lang.Object;java.util.List;org.jgraph.graph.ConnectionSet.Connection;org.jgraph.event.GraphLayoutCacheListener;org.jgraph.event.GraphLayoutCacheEvent.GraphLayoutCacheChange;java.io.ObjectInputStream;java.lang.Object[];java.awt.geom.Point2D[];org.jgraph.graph.GraphModel;java.awt.geom.Rectangle2D;javax.swing.undo.UndoableEdit[]
org.jgraph.plaf.basic.BasicGraphDropTargetListener;6;java.awt.dnd.DropTargetDropEvent;java.awt.Point;java.awt.dnd.DropTargetDragEvent;java.awt.event.ActionEvent;java.awt.dnd.DropTargetEvent;javax.swing.JComponent
org.jgraph.plaf.GraphUI;41;java.util.Map;java.awt.Color;org.jgraph.graph.BasicMarqueeHandler;java.awt.Point;org.jgraph.event.GraphSelectionListener;org.jgraph.graph.CellView[];java.awt.geom.Dimension2D;org.jgraph.event.GraphModelEvent.GraphModelChange;javax.swing.undo.UndoableEdit;org.jgraph.graph.AttributeMap;java.awt.Cursor;java.awt.geom.Point2D;org.jgraph.graph.CellViewFactory;java.awt.Component;org.jgraph.graph.GraphSelectionModel;java.io.ObjectOutputStream;org.jgraph.JGraph;org.jgraph.graph.CellView;org.jgraph.plaf.GraphUI;java.util.Set;org.jgraph.graph.GraphLayoutCache;java.awt.Rectangle;java.util.Collection;org.jgraph.graph.ParentMap;boolean[];javax.swing.ImageIcon;org.jgraph.graph.ConnectionSet;java.lang.Object;java.util.List;org.jgraph.event.GraphSelectionEvent;org.jgraph.event.GraphLayoutCacheListener;org.jgraph.event.GraphLayoutCacheEvent.GraphLayoutCacheChange;java.io.ObjectInputStream;java.lang.Object[];java.awt.geom.Point2D[];org.jgraph.graph.GraphModel;java.awt.event.MouseEvent;java.lang.String[];java.awt.geom.Rectangle2D;javax.swing.undo.UndoableEdit[];java.awt.Graphics
com.jgraph.layout.JGraphModelFacade;6;com.jgraph.algebra.cost.JGraphCostFunction;com.jgraph.algebra.JGraphAlgebra;java.lang.Object[];java.lang.Object;org.jgraph.graph.GraphModel;java.util.Set
org.jgraph.graph.GraphUndoManager;2;java.lang.Object;javax.swing.undo.UndoableEdit
org.jgraph.graph.GraphContext;41;java.util.Map;java.awt.Color;org.jgraph.graph.BasicMarqueeHandler;java.awt.Point;java.awt.geom.Dimension2D;org.jgraph.event.GraphSelectionListener;org.jgraph.graph.CellView[];org.jgraph.event.GraphModelEvent.GraphModelChange;javax.swing.undo.UndoableEdit;org.jgraph.graph.AttributeMap;java.awt.Cursor;java.awt.geom.Point2D;org.jgraph.graph.CellViewFactory;java.awt.Component;org.jgraph.graph.GraphSelectionModel;java.io.ObjectOutputStream;org.jgraph.JGraph;org.jgraph.graph.CellView;java.util.Set;org.jgraph.graph.GraphLayoutCache;org.jgraph.plaf.GraphUI;java.util.Collection;java.awt.Rectangle;org.jgraph.graph.ParentMap;boolean[];javax.swing.ImageIcon;org.jgraph.graph.ConnectionSet;java.lang.Object;java.util.List;org.jgraph.event.GraphSelectionEvent;org.jgraph.event.GraphLayoutCacheListener;org.jgraph.event.GraphLayoutCacheEvent.GraphLayoutCacheChange;java.io.ObjectInputStream;java.lang.Object[];java.awt.geom.Point2D[];java.awt.event.MouseEvent;org.jgraph.graph.GraphModel;java.lang.String[];java.awt.geom.Rectangle2D;java.awt.Graphics;javax.swing.undo.UndoableEdit[]
com.jgraph.layout.JGraphCompoundLayout;52;com.jgraph.algebra.cost.JGraphCostFunction;org.jgraph.graph.Edge.Routing;org.jgraph.graph.BasicMarqueeHandler;java.awt.Point;org.jgraph.event.GraphSelectionListener;org.jgraph.graph.CellView[];org.jgraph.event.GraphModelEvent.GraphModelChange;javax.swing.undo.UndoableEdit;com.jgraph.layout.JGraphLayout[];org.jgraph.graph.CellViewFactory;com.jgraph.algebra.JGraphAlgebra;java.awt.Component;org.jgraph.graph.GraphSelectionModel;java.io.ObjectOutputStream;org.jgraph.JGraph;com.jgraph.layout.JGraphFacade;org.jgraph.graph.CellView;org.jgraph.graph.GraphLayoutCache;java.awt.Rectangle;org.jgraph.graph.ParentMap;org.jgraph.graph.ConnectionSet;java.lang.Object;com.jgraph.layout.JGraphLayout;java.util.List;org.jgraph.event.GraphSelectionEvent;org.jgraph.event.GraphLayoutCacheListener;org.jgraph.event.GraphLayoutCacheEvent.GraphLayoutCacheChange;java.lang.Object[];java.awt.geom.Point2D[];java.util.Comparator;java.awt.event.MouseEvent;java.awt.geom.Rectangle2D;java.awt.Graphics;java.util.Map;com.jgraph.layout.JGraphFacade.CellVisitor;java.awt.Color;java.awt.geom.Dimension2D;org.jgraph.graph.AttributeMap;java.awt.Cursor;java.awt.geom.Point2D;org.jgraph.plaf.GraphUI;java.util.Set;double[][];java.util.Collection;boolean[];javax.swing.ImageIcon;java.util.logging.Level;java.util.Hashtable;java.io.ObjectInputStream;org.jgraph.graph.GraphModel;java.lang.String[];javax.swing.undo.UndoableEdit[]
org.jgraph.graph.DefaultGraphSelectionModel;44;java.util.Map;java.awt.Color;org.jgraph.graph.BasicMarqueeHandler;java.awt.Point;org.jgraph.event.GraphSelectionListener;java.awt.geom.Dimension2D;org.jgraph.graph.CellView[];org.jgraph.event.GraphModelEvent.GraphModelChange;java.beans.PropertyChangeListener;javax.swing.undo.UndoableEdit;org.jgraph.graph.AttributeMap;java.awt.Cursor;java.awt.geom.Point2D;org.jgraph.graph.CellViewFactory;java.awt.Component;org.jgraph.graph.GraphSelectionModel;java.io.ObjectOutputStream;java.util.Vector;org.jgraph.JGraph;java.lang.Class;org.jgraph.graph.CellView;org.jgraph.plaf.GraphUI;org.jgraph.graph.GraphLayoutCache;java.util.Set;java.awt.Rectangle;java.util.Collection;org.jgraph.graph.ParentMap;boolean[];javax.swing.ImageIcon;org.jgraph.graph.ConnectionSet;java.lang.Object;java.util.List;org.jgraph.event.GraphSelectionEvent;org.jgraph.event.GraphLayoutCacheListener;org.jgraph.event.GraphLayoutCacheEvent.GraphLayoutCacheChange;java.io.ObjectInputStream;java.lang.Object[];java.awt.geom.Point2D[];java.awt.event.MouseEvent;org.jgraph.graph.GraphModel;java.lang.String[];java.awt.geom.Rectangle2D;java.awt.Graphics;javax.swing.undo.UndoableEdit[]
org.jgraph.event.GraphModelEvent;2;java.lang.Object;org.jgraph.event.GraphModelEvent.GraphModelChange
com.jgraph.components.labels.RichTextValue;2;javax.swing.text.Document;com.jgraph.components.labels.RichTextValue
com.jgraph.layout.hierarchical.model.JGraphHierarchyModel;55;com.jgraph.algebra.cost.JGraphCostFunction;org.jgraph.graph.Edge.Routing;java.awt.Point;org.jgraph.graph.BasicMarqueeHandler;org.jgraph.event.GraphSelectionListener;org.jgraph.graph.CellView[];org.jgraph.event.GraphModelEvent.GraphModelChange;javax.swing.undo.UndoableEdit;org.jgraph.graph.CellViewFactory;com.jgraph.algebra.JGraphAlgebra;java.awt.Component;org.jgraph.graph.GraphSelectionModel;java.io.ObjectOutputStream;org.jgraph.JGraph;com.jgraph.layout.JGraphFacade;org.jgraph.graph.CellView;org.jgraph.graph.GraphLayoutCache;java.awt.Rectangle;org.jgraph.graph.ParentMap;org.jgraph.graph.ConnectionSet;com.jgraph.layout.JGraphLayout;java.lang.Object;java.util.List;org.jgraph.event.GraphSelectionEvent;org.jgraph.event.GraphLayoutCacheListener;org.jgraph.event.GraphLayoutCacheEvent.GraphLayoutCacheChange;java.lang.Object[];java.awt.geom.Point2D[];java.util.Comparator;com.jgraph.layout.hierarchical.model.JGraphHierarchyNode[];java.awt.event.MouseEvent;java.awt.geom.Rectangle2D;java.awt.Graphics;java.util.Map;com.jgraph.layout.JGraphFacade.CellVisitor;java.awt.Color;int[];java.awt.geom.Dimension2D;com.jgraph.layout.hierarchical.model.JGraphHierarchyNode;org.jgraph.graph.AttributeMap;java.awt.Cursor;java.awt.geom.Point2D;com.jgraph.layout.hierarchical.model.JGraphHierarchyEdge;java.util.Set;org.jgraph.plaf.GraphUI;double[][];java.util.Collection;boolean[];javax.swing.ImageIcon;java.util.logging.Level;java.util.Hashtable;java.io.ObjectInputStream;org.jgraph.graph.GraphModel;java.lang.String[];javax.swing.undo.UndoableEdit[]
org.jgraph.graph.VertexView;45;java.util.Map;org.jgraph.graph.EdgeView;java.awt.Color;java.awt.Point;org.jgraph.graph.BasicMarqueeHandler;org.jgraph.graph.CellView[];java.awt.geom.Dimension2D;org.jgraph.event.GraphSelectionListener;org.jgraph.event.GraphModelEvent.GraphModelChange;javax.swing.undo.UndoableEdit;org.jgraph.graph.AttributeMap;java.awt.Cursor;java.awt.geom.Point2D;org.jgraph.graph.CellViewFactory;java.awt.Component;org.jgraph.graph.GraphSelectionModel;java.io.ObjectOutputStream;org.jgraph.JGraph;org.jgraph.graph.CellView;org.jgraph.plaf.GraphUI;org.jgraph.graph.GraphLayoutCache;java.util.Set;java.awt.Rectangle;java.util.Collection;org.jgraph.graph.GraphContext;boolean[];org.jgraph.graph.ParentMap;javax.swing.ImageIcon;org.jgraph.graph.ConnectionSet;java.lang.Object;java.util.List;org.jgraph.graph.VertexView;org.jgraph.event.GraphSelectionEvent;org.jgraph.event.GraphLayoutCacheListener;org.jgraph.event.GraphLayoutCacheEvent.GraphLayoutCacheChange;java.io.ObjectInputStream;java.lang.Object[];java.awt.geom.Point2D[];org.jgraph.graph.CellMapper;org.jgraph.graph.GraphModel;java.awt.event.MouseEvent;java.lang.String[];java.awt.geom.Rectangle2D;javax.swing.undo.UndoableEdit[];java.awt.Graphics
org.jgraph.plaf.basic.BasicGraphUI;52;java.awt.Point;org.jgraph.graph.BasicMarqueeHandler;org.jgraph.graph.CellView[];org.jgraph.event.GraphSelectionListener;org.jgraph.event.GraphModelEvent.GraphModelChange;javax.swing.undo.UndoableEdit;java.awt.event.ComponentEvent;org.jgraph.graph.CellViewFactory;java.awt.Component;org.jgraph.graph.GraphSelectionModel;java.io.ObjectOutputStream;org.jgraph.JGraph;org.jgraph.graph.CellView;org.jgraph.graph.GraphLayoutCache;java.awt.Dimension;java.awt.Rectangle;javax.swing.JComponent;org.jgraph.graph.ParentMap;org.jgraph.graph.ConnectionSet;java.lang.Object;java.awt.event.KeyEvent;java.util.List;org.jgraph.event.GraphSelectionEvent;java.awt.event.ActionEvent;org.jgraph.event.GraphLayoutCacheListener;org.jgraph.event.GraphLayoutCacheEvent.GraphLayoutCacheChange;org.jgraph.event.GraphLayoutCacheEvent;java.lang.Object[];java.awt.geom.Point2D[];java.awt.event.MouseEvent;java.awt.geom.Rectangle2D;java.awt.Graphics;java.util.Map;java.awt.Color;java.awt.geom.Dimension2D;org.jgraph.graph.AttributeMap;java.awt.geom.Point2D;java.awt.Cursor;javax.swing.event.ChangeEvent;java.awt.dnd.DropTargetDragEvent;org.jgraph.plaf.GraphUI;java.util.Set;org.jgraph.graph.GraphContext;java.util.Collection;boolean[];javax.swing.ImageIcon;org.jgraph.event.GraphModelEvent;java.beans.PropertyChangeEvent;java.io.ObjectInputStream;org.jgraph.graph.GraphModel;java.lang.String[];javax.swing.undo.UndoableEdit[]
com.jgraph.layout.hierarchical.model.JGraphHierarchyRank;0
org.jgraph.graph.PortRenderer;41;java.util.Map;java.awt.Color;org.jgraph.graph.BasicMarqueeHandler;java.awt.Point;org.jgraph.graph.CellView[];java.awt.geom.Dimension2D;org.jgraph.event.GraphSelectionListener;org.jgraph.event.GraphModelEvent.GraphModelChange;javax.swing.undo.UndoableEdit;org.jgraph.graph.AttributeMap;java.awt.Cursor;java.awt.geom.Point2D;org.jgraph.graph.CellViewFactory;java.awt.Component;org.jgraph.graph.GraphSelectionModel;java.io.ObjectOutputStream;org.jgraph.JGraph;org.jgraph.graph.CellView;java.util.Set;org.jgraph.graph.GraphLayoutCache;org.jgraph.plaf.GraphUI;java.awt.Rectangle;java.util.Collection;org.jgraph.graph.ParentMap;boolean[];javax.swing.ImageIcon;org.jgraph.graph.ConnectionSet;java.lang.Object;java.util.List;org.jgraph.event.GraphSelectionEvent;org.jgraph.event.GraphLayoutCacheListener;org.jgraph.event.GraphLayoutCacheEvent.GraphLayoutCacheChange;java.io.ObjectInputStream;java.lang.Object[];java.awt.geom.Point2D[];java.awt.event.MouseEvent;org.jgraph.graph.GraphModel;java.lang.String[];java.awt.geom.Rectangle2D;javax.swing.undo.UndoableEdit[];java.awt.Graphics
com.jgraph.layout.hierarchical.JGraphNetworkSimplexLayering;56;com.jgraph.algebra.cost.JGraphCostFunction;org.jgraph.graph.Edge.Routing;java.awt.Point;org.jgraph.graph.BasicMarqueeHandler;org.jgraph.event.GraphSelectionListener;org.jgraph.graph.CellView[];org.jgraph.event.GraphModelEvent.GraphModelChange;javax.swing.undo.UndoableEdit;org.jgraph.graph.CellViewFactory;com.jgraph.algebra.JGraphAlgebra;java.awt.Component;org.jgraph.graph.GraphSelectionModel;java.io.ObjectOutputStream;com.jgraph.layout.JGraphFacade;org.jgraph.JGraph;org.jgraph.graph.CellView;org.jgraph.graph.GraphLayoutCache;java.awt.Rectangle;org.jgraph.graph.ParentMap;org.jgraph.graph.ConnectionSet;java.lang.Object;com.jgraph.layout.JGraphLayout;java.util.List;org.jgraph.event.GraphSelectionEvent;org.jgraph.event.GraphLayoutCacheListener;org.jgraph.event.GraphLayoutCacheEvent.GraphLayoutCacheChange;java.lang.Object[];java.awt.geom.Point2D[];java.util.Comparator;com.jgraph.layout.hierarchical.model.JGraphHierarchyNode[];java.awt.event.MouseEvent;java.awt.geom.Rectangle2D;java.awt.Graphics;java.util.Map;com.jgraph.layout.JGraphFacade.CellVisitor;java.awt.Color;int[];java.awt.geom.Dimension2D;com.jgraph.layout.hierarchical.model.JGraphHierarchyNode;org.jgraph.graph.AttributeMap;java.awt.Cursor;java.awt.geom.Point2D;com.jgraph.layout.hierarchical.model.JGraphHierarchyEdge;java.util.Set;org.jgraph.plaf.GraphUI;double[][];java.util.Collection;boolean[];javax.swing.ImageIcon;com.jgraph.layout.hierarchical.model.JGraphHierarchyModel;java.util.logging.Level;java.util.Hashtable;java.io.ObjectInputStream;org.jgraph.graph.GraphModel;java.lang.String[];javax.swing.undo.UndoableEdit[]
com.jgraph.components.labels.MultiLineVertexView;1;java.lang.Object
com.jgraph.components.labels.RedirectingEditor;43;java.util.Map;java.awt.Color;org.jgraph.graph.BasicMarqueeHandler;java.awt.Point;org.jgraph.graph.CellView[];java.awt.geom.Dimension2D;org.jgraph.event.GraphSelectionListener;org.jgraph.event.GraphModelEvent.GraphModelChange;javax.swing.undo.UndoableEdit;org.jgraph.graph.AttributeMap;java.awt.Cursor;java.awt.geom.Point2D;org.jgraph.graph.CellViewFactory;java.awt.Component;org.jgraph.graph.GraphSelectionModel;java.io.ObjectOutputStream;org.jgraph.JGraph;org.jgraph.graph.CellView;java.util.Set;org.jgraph.graph.GraphLayoutCache;org.jgraph.plaf.GraphUI;java.awt.Rectangle;java.util.Collection;org.jgraph.graph.ParentMap;boolean[];javax.swing.ImageIcon;org.jgraph.graph.ConnectionSet;java.util.EventObject;java.lang.Object;java.util.List;org.jgraph.event.GraphSelectionEvent;java.awt.event.ActionEvent;org.jgraph.event.GraphLayoutCacheListener;org.jgraph.event.GraphLayoutCacheEvent.GraphLayoutCacheChange;java.io.ObjectInputStream;java.lang.Object[];java.awt.geom.Point2D[];java.awt.event.MouseEvent;org.jgraph.graph.GraphModel;java.lang.String[];java.awt.geom.Rectangle2D;java.awt.Graphics;javax.swing.undo.UndoableEdit[]
com.jgraph.components.labels.RichTextBusinessObject;2;java.util.Map;java.lang.Object
org.jgraph.util.Spline2D;2;double[];java.awt.geom.Point2D[]
org.jgraph.graph.GraphTransferHandler;44;java.util.Map;java.awt.Color;java.awt.Point;org.jgraph.graph.BasicMarqueeHandler;org.jgraph.graph.CellView[];org.jgraph.event.GraphSelectionListener;java.awt.geom.Dimension2D;org.jgraph.event.GraphModelEvent.GraphModelChange;javax.swing.undo.UndoableEdit;org.jgraph.graph.AttributeMap;java.awt.Cursor;java.awt.geom.Point2D;org.jgraph.graph.CellViewFactory;java.awt.Component;org.jgraph.graph.GraphSelectionModel;java.io.ObjectOutputStream;org.jgraph.JGraph;org.jgraph.graph.CellView;org.jgraph.plaf.GraphUI;org.jgraph.graph.GraphLayoutCache;java.util.Set;java.awt.datatransfer.Transferable;java.awt.Rectangle;java.util.Collection;javax.swing.JComponent;boolean[];org.jgraph.graph.ParentMap;javax.swing.ImageIcon;org.jgraph.graph.ConnectionSet;java.lang.Object;java.util.List;org.jgraph.event.GraphSelectionEvent;org.jgraph.event.GraphLayoutCacheListener;org.jgraph.event.GraphLayoutCacheEvent.GraphLayoutCacheChange;java.io.ObjectInputStream;java.lang.Object[];java.awt.geom.Point2D[];java.awt.event.MouseEvent;org.jgraph.graph.GraphModel;java.lang.String[];java.awt.geom.Rectangle2D;java.awt.Graphics;javax.swing.undo.UndoableEdit[];java.awt.datatransfer.DataFlavor[]
com.jgraph.layout.tree.JGraphRadialTreeLayout;52;com.jgraph.algebra.cost.JGraphCostFunction;org.jgraph.graph.Edge.Routing;org.jgraph.graph.BasicMarqueeHandler;java.awt.Point;org.jgraph.event.GraphSelectionListener;org.jgraph.graph.CellView[];org.jgraph.event.GraphModelEvent.GraphModelChange;javax.swing.undo.UndoableEdit;org.jgraph.graph.CellViewFactory;com.jgraph.algebra.JGraphAlgebra;java.awt.Component;org.jgraph.graph.GraphSelectionModel;java.io.ObjectOutputStream;org.jgraph.JGraph;com.jgraph.layout.JGraphFacade;org.jgraph.graph.CellView;org.jgraph.graph.GraphLayoutCache;java.awt.Rectangle;org.jgraph.graph.ParentMap;org.jgraph.graph.ConnectionSet;com.jgraph.layout.JGraphLayout;java.lang.Object;java.util.List;org.jgraph.event.GraphSelectionEvent;org.jgraph.event.GraphLayoutCacheListener;org.jgraph.event.GraphLayoutCacheEvent.GraphLayoutCacheChange;java.lang.Object[];java.awt.geom.Point2D[];java.util.Comparator;java.awt.event.MouseEvent;java.awt.geom.Rectangle2D;java.awt.Graphics;java.util.Map;com.jgraph.layout.JGraphFacade.CellVisitor;java.awt.Color;java.awt.geom.Dimension2D;org.jgraph.graph.AttributeMap;java.awt.Cursor;java.awt.geom.Point2D;org.jgraph.plaf.GraphUI;java.util.Set;double[][];java.util.Collection;boolean[];javax.swing.ImageIcon;com.jgraph.layout.tree.JGraphRadialTreeLayout.TreeNode;java.util.logging.Level;java.util.Hashtable;java.io.ObjectInputStream;org.jgraph.graph.GraphModel;java.lang.String[];javax.swing.undo.UndoableEdit[]
com.jgraph.layout.JGraphLayoutProgress;2;java.beans.PropertyChangeSupport;java.beans.PropertyChangeListener
com.jgraph.io.svg.SVGGraphWriter;23;org.jgraph.graph.ParentMap;org.jgraph.graph.ConnectionSet;java.lang.Object;java.util.Map;org.jgraph.graph.CellView[];org.jgraph.event.GraphModelEvent.GraphModelChange;java.awt.Font;javax.swing.undo.UndoableEdit;org.jgraph.event.GraphLayoutCacheListener;org.jgraph.graph.CellViewFactory;org.jgraph.event.GraphLayoutCacheEvent.GraphLayoutCacheChange;java.io.ObjectInputStream;java.lang.Object[];java.io.ObjectOutputStream;org.jgraph.graph.GraphModel;org.w3c.dom.Document;org.jgraph.graph.CellView;java.awt.geom.Rectangle2D;java.util.Set;javax.swing.undo.UndoableEdit[];org.jgraph.graph.GraphLayoutCache;java.io.OutputStream;java.util.Collection
com.jgraph.layout.graph.JGraphFRLayout;0
com.jgraph.layout.tree.JGraphCompactTreeLayout;54;com.jgraph.algebra.cost.JGraphCostFunction;org.jgraph.graph.Edge.Routing;java.awt.Point;org.jgraph.graph.BasicMarqueeHandler;org.jgraph.event.GraphSelectionListener;org.jgraph.graph.CellView[];org.jgraph.event.GraphModelEvent.GraphModelChange;javax.swing.undo.UndoableEdit;org.jgraph.graph.CellViewFactory;com.jgraph.algebra.JGraphAlgebra;java.awt.Component;org.jgraph.graph.GraphSelectionModel;java.io.ObjectOutputStream;com.jgraph.layout.JGraphFacade;org.jgraph.JGraph;org.jgraph.graph.CellView;org.jgraph.graph.GraphLayoutCache;java.awt.Rectangle;org.jgraph.graph.ParentMap;com.jgraph.layout.tree.JGraphCompactTreeLayout.PolyLine;org.jgraph.graph.ConnectionSet;com.jgraph.layout.JGraphLayout;java.lang.Object;java.util.List;org.jgraph.event.GraphSelectionEvent;org.jgraph.event.GraphLayoutCacheListener;com.jgraph.layout.tree.JGraphCompactTreeLayout.Polygon;org.jgraph.event.GraphLayoutCacheEvent.GraphLayoutCacheChange;java.lang.Object[];java.awt.geom.Point2D[];java.util.Comparator;java.awt.event.MouseEvent;java.awt.geom.Rectangle2D;java.awt.Graphics;java.util.Map;com.jgraph.layout.JGraphFacade.CellVisitor;java.awt.Color;java.awt.geom.Dimension2D;org.jgraph.graph.AttributeMap;java.awt.Cursor;java.awt.geom.Point2D;org.jgraph.plaf.GraphUI;java.util.Set;double[][];java.util.Collection;boolean[];javax.swing.ImageIcon;java.util.logging.Level;java.util.Hashtable;com.jgraph.layout.tree.JGraphCompactTreeLayout.CompactTreeNode;java.io.ObjectInputStream;org.jgraph.graph.GraphModel;java.lang.String[];javax.swing.undo.UndoableEdit[]
com.jgraph.layout.hierarchical.JGraphGreedyCycleRemover;56;com.jgraph.algebra.cost.JGraphCostFunction;org.jgraph.graph.Edge.Routing;java.awt.Point;org.jgraph.graph.BasicMarqueeHandler;org.jgraph.event.GraphSelectionListener;org.jgraph.graph.CellView[];org.jgraph.event.GraphModelEvent.GraphModelChange;javax.swing.undo.UndoableEdit;org.jgraph.graph.CellViewFactory;com.jgraph.algebra.JGraphAlgebra;java.awt.Component;org.jgraph.graph.GraphSelectionModel;java.io.ObjectOutputStream;com.jgraph.layout.JGraphFacade;org.jgraph.JGraph;org.jgraph.graph.CellView;org.jgraph.graph.GraphLayoutCache;java.awt.Rectangle;org.jgraph.graph.ParentMap;org.jgraph.graph.ConnectionSet;java.lang.Object;com.jgraph.layout.JGraphLayout;java.util.List;org.jgraph.event.GraphSelectionEvent;org.jgraph.event.GraphLayoutCacheListener;org.jgraph.event.GraphLayoutCacheEvent.GraphLayoutCacheChange;java.lang.Object[];java.awt.geom.Point2D[];java.util.Comparator;com.jgraph.layout.hierarchical.model.JGraphHierarchyNode[];java.awt.event.MouseEvent;java.awt.geom.Rectangle2D;java.awt.Graphics;java.util.Map;com.jgraph.layout.JGraphFacade.CellVisitor;java.awt.Color;int[];java.awt.geom.Dimension2D;com.jgraph.layout.hierarchical.model.JGraphHierarchyNode;org.jgraph.graph.AttributeMap;java.awt.Cursor;java.awt.geom.Point2D;com.jgraph.layout.hierarchical.model.JGraphHierarchyEdge;java.util.Set;org.jgraph.plaf.GraphUI;double[][];java.util.Collection;boolean[];javax.swing.ImageIcon;com.jgraph.layout.hierarchical.model.JGraphHierarchyModel;java.util.logging.Level;java.util.Hashtable;java.io.ObjectInputStream;org.jgraph.graph.GraphModel;java.lang.String[];javax.swing.undo.UndoableEdit[]
