jmetal.util.avl.AvlTree;4;T;jmetal.util.avl.AvlNode<T>;jmetal.util.avl.AvlNode;java.util.Comparator
jmetal.util.offspring.SBXCrossoverOffspring;8;jmetal.core.Solution;jmetal.core.Variable[];jmetal.core.SolutionSet;java.util.Comparator;jmetal.core.Problem;jmetal.core.Solution[];int[];jmetal.core.SolutionType
jmetal.util.AdaptiveGrid;7;jmetal.core.Solution;jmetal.core.SolutionSet;jmetal.core.Variable[];java.util.Comparator;jmetal.core.Problem;int[];jmetal.core.SolutionType
jmetal.util.Ranking;7;jmetal.core.Solution;jmetal.core.Variable[];jmetal.core.SolutionSet;java.util.Comparator;jmetal.core.Problem;int[];jmetal.core.SolutionType
jmetal.metaheuristics.abyss.AbYSS_main;1;java.lang.String[]
jmetal.problems.WFG.WFG;2;java.lang.Integer;float[]
jmetal.encodings.variable.Int;1;jmetal.core.Variable
jmetal.metaheuristics.smsemoa.SMSEMOA_main;1;java.lang.String[]
jmetal.experiments.settings.GDE3_Settings;1;java.util.Properties
jmetal.encodings.solutionType.IntRealSolutionType;5;jmetal.core.Solution;jmetal.core.Variable[];jmetal.core.Problem;int[];jmetal.core.SolutionType
jmetal.metaheuristics.paes.PAES;6;jmetal.core.Solution;jmetal.core.Variable[];jmetal.core.Problem;int[];jmetal.util.archive.AdaptiveGridArchive;jmetal.core.SolutionType
jmetal.experiments.studies.NSGAIIStudy;2;jmetal.core.Algorithm[];java.lang.String[]
jmetal.problems.EBEs;8;double[];jmetal.core.Solution;jmetal.core.Variable[];jmetal.core.Problem;int[];double[][][];double[][];jmetal.core.SolutionType
jmetal.experiments.Settings;7;jmetal.core.Solution;jmetal.core.Variable[];java.util.Properties;jmetal.core.Problem;int[];java.util.HashMap;jmetal.core.SolutionType
jmetal.metaheuristics.nsgaII.pNSGAII;6;jmetal.core.Solution;jmetal.core.Variable[];jmetal.core.Problem;int[];jmetal.util.parallel.IParallelEvaluator;jmetal.core.SolutionType
jmetal.metaheuristics.singleObjective.cmaes.Utils;2;double[];int[]
jmetal.metaheuristics.smpso.SMPSO_main;1;java.lang.String[]
jmetal.metaheuristics.smpso.pSMPSO;7;double[];jmetal.core.Solution;jmetal.core.Variable[];jmetal.core.Problem;int[];jmetal.util.parallel.IParallelEvaluator;jmetal.core.SolutionType
jmetal.util.offspring.DifferentialEvolutionOffspringPolynomial;7;jmetal.core.Solution;jmetal.core.SolutionSet;jmetal.core.Variable[];java.util.Comparator;jmetal.core.Problem;int[];jmetal.core.SolutionType
jmetal.metaheuristics.mochc.MOCHC_main;1;java.lang.String[]
jmetal.metaheuristics.singleObjective.evolutionStrategy.ElitistES;5;jmetal.core.Solution;jmetal.core.Variable[];jmetal.core.Problem;int[];jmetal.core.SolutionType
jmetal.metaheuristics.moead.MOEAD_main;1;java.lang.String[]
jmetal.test.experiments.settings.pSMPSO_SettingsTest;0
jmetal.metaheuristics.nsgaII.pNSGAII_main;1;java.lang.String[]
jmetal.operators.selection.WorstSolutionSelection;2;java.lang.Object;java.util.HashMap<java.lang.String,java.lang.Object>
jmetal.qualityIndicator.fastHypervolume.wfg.Front;8;jmetal.core.Solution;jmetal.core.Variable[];jmetal.core.SolutionSet;java.util.Comparator;jmetal.core.Problem;int[];java.util.List<double[]>;jmetal.core.SolutionType
jmetal.experiments.settings.pMOEAD_Settings;1;java.util.Properties
jmetal.util.FileUtils;1;java.lang.Object
jmetal.problems.mqap.ReadInstance;2;int[];java.lang.String[]
jmetal.problems.DTLZ.DTLZ4;6;jmetal.core.Solution;jmetal.core.Variable[];jmetal.core.Problem;int[];java.lang.Integer;jmetal.core.SolutionType
jmetal.problems.DTLZ.DTLZ3;6;jmetal.core.Solution;jmetal.core.Variable[];jmetal.core.Problem;int[];java.lang.Integer;jmetal.core.SolutionType
jmetal.problems.DTLZ.DTLZ2;6;jmetal.core.Solution;jmetal.core.Variable[];jmetal.core.Problem;int[];java.lang.Integer;jmetal.core.SolutionType
jmetal.problems.DTLZ.DTLZ1;6;jmetal.core.Solution;jmetal.core.Variable[];jmetal.core.Problem;int[];java.lang.Integer;jmetal.core.SolutionType
jmetal.experiments.settings.CellDE_Settings;1;java.util.Properties
jmetal.problems.DTLZ.DTLZ7;6;jmetal.core.Solution;jmetal.core.Variable[];jmetal.core.Problem;int[];java.lang.Integer;jmetal.core.SolutionType
jmetal.operators.crossover.SinglePointCrossover;7;jmetal.core.Solution;jmetal.core.Variable[];java.lang.Object;java.util.HashMap<java.lang.String,java.lang.Object>;jmetal.core.Problem;int[];jmetal.core.SolutionType
jmetal.problems.DTLZ.DTLZ5;6;jmetal.core.Solution;jmetal.core.Variable[];jmetal.core.Problem;int[];java.lang.Integer;jmetal.core.SolutionType
jmetal.experiments.studies.ZDTStudy;2;jmetal.core.Algorithm[];java.lang.String[]
jmetal.problems.DTLZ.DTLZ6;6;jmetal.core.Solution;jmetal.core.Variable[];jmetal.core.Problem;int[];java.lang.Integer;jmetal.core.SolutionType
jmetal.util.avl.AvlNode;3;T;jmetal.util.avl.AvlNode<T>;jmetal.util.avl.AvlNode
jmetal.util.comparators.AggregativeComparator;1;java.lang.Object
jmetal.test.experiments.settings.pNSGAII_SettingsTest;0
jmetal.experiments.settings.NSGAII_Settings;1;java.util.Properties
jmetal.test.experiments.settings.NSGAII_SettingsTest;0
jmetal.experiments.settings.AbYSS_Settings;1;java.util.Properties
jmetal.experiments.settings.MOCHC_Settings;1;java.util.Properties
jmetal.metaheuristics.fastPGA.FastPGA;5;jmetal.core.Solution;jmetal.core.Variable[];jmetal.core.Problem;int[];jmetal.core.SolutionType
jmetal.problems.singleObjective.Sphere;6;jmetal.core.Solution;jmetal.core.Variable[];jmetal.core.Problem;int[];java.lang.Integer;jmetal.core.SolutionType
jmetal.util.offspring.BLXAlphaCrossoverAndPolynomialMutation;7;jmetal.core.Solution;jmetal.core.Variable[];jmetal.core.SolutionSet;java.util.Comparator;jmetal.core.Problem;int[];jmetal.core.SolutionType
jmetal.experiments.util.RunExperiment;7;jmetal.experiments.Experiment;java.util.HashMap<java.lang.String,java.lang.Object>;java.util.Vector;jmetal.core.Algorithm[];java.lang.String[];java.util.Map<java.lang.String,java.lang.Double>;double[][][]
jmetal.experiments.settings.NSGAIIPermutation_Settings;1;java.util.Properties
jmetal.metaheuristics.moead.Utils;2;double[];int[]
jmetal.util.comparators.EqualSolutions;1;java.lang.Object
jmetal.util.offspring.NonUniformMutationOffspring;5;jmetal.core.Solution;jmetal.core.Variable[];jmetal.core.Problem;int[];jmetal.core.SolutionType
jmetal.problems.Poloni;5;jmetal.core.Solution;jmetal.core.Variable[];jmetal.core.Problem;int[];jmetal.core.SolutionType
jmetal.util.comparators.FPGAFitnessComparator;1;java.lang.Object
jmetal.util.offspring.Offspring;10;jmetal.core.Solution;jmetal.core.SolutionSet;jmetal.core.Variable[];java.util.Comparator;java.util.HashMap<java.lang.String,java.lang.Object>;jmetal.core.Problem;jmetal.core.Solution[];int[];jmetal.operators.selection.Selection;jmetal.core.SolutionType
jmetal.metaheuristics.singleObjective.geneticAlgorithm.gGA;5;jmetal.core.Solution;jmetal.core.Variable[];jmetal.core.Problem;int[];jmetal.core.SolutionType
jmetal.metaheuristics.smpso.SMPSO;7;double[];java.util.Vector<java.lang.Double>;jmetal.core.Solution;jmetal.core.Variable[];jmetal.core.Problem;int[];jmetal.core.SolutionType
jmetal.problems.cec2009Competition.UF8;6;jmetal.core.Solution;jmetal.core.Variable[];jmetal.core.Problem;int[];java.lang.Integer;jmetal.core.SolutionType
jmetal.test.experiments.settings.RandomSearch_SettingsTest;0
jmetal.problems.cec2009Competition.UF7;6;jmetal.core.Solution;jmetal.core.Variable[];jmetal.core.Problem;int[];java.lang.Integer;jmetal.core.SolutionType
jmetal.operators.mutation.Mutation;1;java.util.HashMap<java.lang.String,java.lang.Object>
jmetal.util.comparators.CrowdingDistanceComparator;1;java.lang.Object
jmetal.util.PropUtils;2;java.util.Properties;java.lang.String[]
jmetal.problems.cec2009Competition.UF9;6;jmetal.core.Solution;jmetal.core.Variable[];jmetal.core.Problem;int[];java.lang.Integer;jmetal.core.SolutionType
jmetal.experiments.util.Pareja;1;java.lang.Object
jmetal.core.SolutionSet;7;jmetal.core.Solution;jmetal.core.SolutionSet;jmetal.core.Variable[];java.util.Comparator;jmetal.core.Problem;int[];jmetal.core.SolutionType
jmetal.problems.Tanaka;5;jmetal.core.Solution;jmetal.core.Variable[];jmetal.core.Problem;int[];jmetal.core.SolutionType
jmetal.problems.cec2009Competition.UF2;6;jmetal.core.Solution;jmetal.core.Variable[];jmetal.core.Problem;int[];java.lang.Integer;jmetal.core.SolutionType
jmetal.operators.mutation.BitFlipMutation;7;jmetal.core.Solution;jmetal.core.Variable[];java.lang.Object;java.util.HashMap<java.lang.String,java.lang.Object>;jmetal.core.Problem;int[];jmetal.core.SolutionType
jmetal.util.Permutation;0
jmetal.problems.cec2009Competition.UF1;6;jmetal.core.Solution;jmetal.core.Variable[];jmetal.core.Problem;int[];java.lang.Integer;jmetal.core.SolutionType
jmetal.problems.cec2009Competition.UF4;6;jmetal.core.Solution;jmetal.core.Variable[];jmetal.core.Problem;int[];java.lang.Integer;jmetal.core.SolutionType
jmetal.problems.cec2009Competition.UF3;6;jmetal.core.Solution;jmetal.core.Variable[];jmetal.core.Problem;int[];java.lang.Integer;jmetal.core.SolutionType
jmetal.metaheuristics.singleObjective.geneticAlgorithm.scGA;5;jmetal.core.Solution;jmetal.core.Variable[];jmetal.core.Problem;int[];jmetal.core.SolutionType
jmetal.problems.cec2009Competition.UF6;6;jmetal.core.Solution;jmetal.core.Variable[];jmetal.core.Problem;int[];java.lang.Integer;jmetal.core.SolutionType
jmetal.operators.selection.BinaryTournament;2;java.lang.Object;java.util.HashMap<java.lang.String,java.lang.Object>
jmetal.problems.cec2009Competition.UF5;6;jmetal.core.Solution;jmetal.core.Variable[];jmetal.core.Problem;int[];java.lang.Integer;jmetal.core.SolutionType
jmetal.util.comparators.RankComparator;1;java.lang.Object
jmetal.encodings.solutionType.ArrayRealAndBinarySolutionType;5;jmetal.core.Solution;jmetal.core.Variable[];jmetal.core.Problem;int[];jmetal.core.SolutionType
jmetal.metaheuristics.singleObjective.evolutionStrategy.ES_main;1;java.lang.String[]
jmetal.experiments.settings.SPEA2_Settings;1;java.util.Properties
jmetal.experiments.settings.MOEAD_DRA_Settings;1;java.util.Properties
jmetal.qualityIndicator.fastHypervolume.wfg.PointComparator;1;java.lang.Object
jmetal.encodings.variable.Permutation;1;jmetal.encodings.variable.Permutation
jmetal.metaheuristics.randomSearch.RandomSearch;5;jmetal.core.Solution;jmetal.core.Variable[];jmetal.core.Problem;int[];jmetal.core.SolutionType
jmetal.encodings.variable.ArrayReal;6;jmetal.core.Solution;jmetal.core.Variable[];jmetal.core.Problem;int[];jmetal.encodings.variable.ArrayReal;jmetal.core.SolutionType
jmetal.util.archive.SPEA2DensityArchive;5;jmetal.core.Solution;jmetal.core.Variable[];jmetal.core.Problem;int[];jmetal.core.SolutionType
jmetal.core.SolutionType;5;jmetal.core.Solution;jmetal.core.Variable[];jmetal.core.Problem;int[];jmetal.core.SolutionType
jmetal.problems.singleObjective.Griewank;6;jmetal.core.Solution;jmetal.core.Variable[];jmetal.core.Problem;int[];java.lang.Integer;jmetal.core.SolutionType
jmetal.operators.mutation.PolynomialBitFlipMutation;8;jmetal.core.Solution;jmetal.core.Variable[];java.lang.Double;java.lang.Object;java.util.HashMap<java.lang.String,java.lang.Object>;jmetal.core.Problem;int[];jmetal.core.SolutionType
jmetal.problems.FourBarTruss;5;jmetal.core.Solution;jmetal.core.Variable[];jmetal.core.Problem;int[];jmetal.core.SolutionType
jmetal.metaheuristics.singleObjective.geneticAlgorithm.acGA;5;jmetal.core.Solution;jmetal.core.Variable[];jmetal.core.Problem;int[];jmetal.core.SolutionType
jmetal.operators.crossover.CrossoverFactory;1;java.util.HashMap
jmetal.operators.selection.RankingAndCrowdingSelection;2;java.lang.Object;java.util.HashMap<java.lang.String,java.lang.Object>
jmetal.metaheuristics.densea.DENSEA_main;1;java.lang.String[]
jmetal.test.experiments.settings.GDE3_SettingsTest;0
jmetal.problems.WFG.Transformations;1;float[]
jmetal.problems.ConstrEx;5;jmetal.core.Solution;jmetal.core.Variable[];jmetal.core.Problem;int[];jmetal.core.SolutionType
jmetal.qualityIndicator.util.MetricsUtil;11;jmetal.util.NonDominatedSolutionList;double[];jmetal.core.Solution;jmetal.core.SolutionSet;jmetal.core.Variable[];java.util.Comparator;jmetal.core.Problem;int[];jmetal.core.SolutionSet[];double[][];jmetal.core.SolutionType
jmetal.util.comparators.FitnessComparator;1;java.lang.Object
jmetal.metaheuristics.randomSearch.RandomSearch_main;1;java.lang.String[]
jmetal.util.DistanceNodeComparator;1;java.lang.Object
jmetal.experiments.SettingsFactory;1;java.lang.Object[]
jmetal.metaheuristics.singleObjective.geneticAlgorithm.pgGA_main;1;java.lang.String[]
jmetal.problems.OKA2;5;jmetal.core.Solution;jmetal.core.Variable[];jmetal.core.Problem;int[];jmetal.core.SolutionType
jmetal.qualityIndicator.fastHypervolume.wfg.Point;6;double[];jmetal.core.Solution;jmetal.core.Variable[];jmetal.core.Problem;int[];jmetal.core.SolutionType
jmetal.test.core.SolutionSetTest;0
jmetal.test.util.avl.AvlNodeTest;0
jmetal.problems.OKA1;5;jmetal.core.Solution;jmetal.core.Variable[];jmetal.core.Problem;int[];jmetal.core.SolutionType
jmetal.qualityIndicator.InvertedGenerationalDistance;1;double[][]
jmetal.problems.OneZeroMax;6;jmetal.core.Solution;jmetal.core.Variable[];jmetal.core.Problem;int[];java.lang.Integer;jmetal.core.SolutionType
jmetal.metaheuristics.pesa2.PESA2_main;1;java.lang.String[]
jmetal.metaheuristics.mocell.sMOCell2;5;jmetal.core.Solution;jmetal.core.Variable[];jmetal.core.Problem;int[];jmetal.core.SolutionType
jmetal.metaheuristics.mocell.sMOCell1;5;jmetal.core.Solution;jmetal.core.Variable[];jmetal.core.Problem;int[];jmetal.core.SolutionType
jmetal.metaheuristics.moead.cMOEAD;7;jmetal.core.Solution;double[];jmetal.core.Variable[];java.util.Vector<java.lang.Integer>;jmetal.core.Problem;int[];jmetal.core.SolutionType
jmetal.operators.crossover.Crossover;1;java.util.HashMap<java.lang.String,java.lang.Object>
jmetal.operators.mutation.NonUniformMutation;7;jmetal.core.Solution;jmetal.core.Variable[];java.lang.Object;java.util.HashMap<java.lang.String,java.lang.Object>;jmetal.core.Problem;int[];jmetal.core.SolutionType
jmetal.metaheuristics.nsgaII.ssNSGAIIAdaptive;5;jmetal.core.Solution;jmetal.core.Variable[];jmetal.core.Problem;int[];jmetal.core.SolutionType
jmetal.test.experiments.settings.AbYSS_SettingsTest;0
jmetal.util.wrapper.XInt;5;jmetal.core.Solution;jmetal.core.Variable[];jmetal.core.Problem;int[];jmetal.core.SolutionType
jmetal.metaheuristics.moead.MOEAD;7;jmetal.core.Solution;double[];jmetal.core.Variable[];java.util.Vector<java.lang.Integer>;jmetal.core.Problem;int[];jmetal.core.SolutionType
jmetal.problems.mqap.mQAP;5;jmetal.core.Solution;jmetal.core.Variable[];jmetal.core.Problem;int[];jmetal.core.SolutionType
jmetal.util.comparators.DistanceToPopulationComparator;1;java.lang.Object
jmetal.qualityIndicator.fastHypervolume.FastHypervolumeArchive;5;jmetal.core.Solution;jmetal.core.Variable[];jmetal.core.Problem;int[];jmetal.core.SolutionType
jmetal.experiments.settings.RandomSearch_Settings;1;java.util.Properties
jmetal.util.archive.R2Archive;5;jmetal.core.Solution;jmetal.core.Variable[];jmetal.core.Problem;int[];jmetal.core.SolutionType
jmetal.test.experiments.settings.cMOEAD_SettingsTest;0
jmetal.util.RandomGenerator;0
jmetal.util.archive.CrowdingArchive;5;jmetal.core.Solution;jmetal.core.Variable[];jmetal.core.Problem;int[];jmetal.core.SolutionType
jmetal.encodings.solutionType.ArrayRealSolutionType;5;jmetal.core.Solution;jmetal.core.Variable[];jmetal.core.Problem;int[];jmetal.core.SolutionType
qualityIndicator.fastHypervolume.wfg.FrontTest;0
jmetal.metaheuristics.nsgaII.NSGAIIAdaptive;5;jmetal.core.Solution;jmetal.core.Variable[];jmetal.core.Problem;int[];jmetal.core.SolutionType
jmetal.experiments.settings.SMPSO_Settings;1;java.util.Properties
jmetal.experiments.settings.dMOPSO_Settings;1;java.util.Properties
jmetal.experiments.studies.StandardStudy;2;jmetal.core.Algorithm[];java.lang.String[]
experiments.settings.jMetalHome;0
jmetal.test.experiments.settings.SMSEMOA_SettingsTest;0
jmetal.problems.singleObjective.TSP;5;jmetal.core.Solution;jmetal.core.Variable[];jmetal.core.Problem;int[];jmetal.core.SolutionType
jmetal.qualityIndicator.Hypervolume;1;double[][]
jmetal.metaheuristics.mocell.MOCell;5;jmetal.core.Solution;jmetal.core.Variable[];jmetal.core.Problem;int[];jmetal.core.SolutionType
jmetal.util.NonDominatedSolutionList;6;jmetal.core.Solution;jmetal.core.Variable[];java.util.Comparator;jmetal.core.Problem;int[];jmetal.core.SolutionType
jmetal.util.offspring.BLXAlphaCrossoverOffspring;7;jmetal.core.Solution;jmetal.core.SolutionSet;jmetal.core.Variable[];java.util.Comparator;jmetal.core.Problem;int[];jmetal.core.SolutionType
jmetal.operators.selection.SelectionFactory;1;java.util.HashMap
jmetal.problems.WFG.Shapes;1;float[]
jmetal.operators.mutation.MutationFactory;1;java.util.HashMap
jmetal.experiments.studies.jMetalExperiment;2;jmetal.core.Algorithm[];java.lang.String[]
jmetal.problems.Schaffer;5;jmetal.core.Solution;jmetal.core.Variable[];jmetal.core.Problem;int[];jmetal.core.SolutionType
jmetal.experiments.util.RBoxplot;6;jmetal.experiments.Experiment;java.util.Vector;jmetal.core.Algorithm[];java.util.Map<java.lang.String,java.lang.Double>;java.lang.String[];double[][][]
jmetal.operators.selection.RandomSelection;2;java.lang.Object;java.util.HashMap<java.lang.String,java.lang.Object>
experiments.settings.FastSMSEMOA_SettingsTest;0
jmetal.problems.Water;5;jmetal.core.Solution;jmetal.core.Variable[];jmetal.core.Problem;int[];jmetal.core.SolutionType
jmetal.experiments.settings.PAES_Settings;1;java.util.Properties
jmetal.metaheuristics.singleObjective.geneticAlgorithm.ssGA;5;jmetal.core.Solution;jmetal.core.Variable[];jmetal.core.Problem;int[];jmetal.core.SolutionType
jmetal.test.experiments.settings.OMOPSO_SettingsTest;0
jmetal.operators.crossover.TwoPointsCrossover;7;jmetal.core.Solution;jmetal.core.Variable[];java.lang.Object;java.util.HashMap<java.lang.String,java.lang.Object>;jmetal.core.Problem;int[];jmetal.core.SolutionType
jmetal.experiments.settings.pSMPSO_Settings;1;java.util.Properties
jmetal.util.offspring.DifferentialEvolutionOffspring2;7;jmetal.core.Solution;jmetal.core.SolutionSet;jmetal.core.Variable[];java.util.Comparator;jmetal.core.Problem;int[];jmetal.core.SolutionType
jmetal.metaheuristics.nsgaII.NSGAII_main;1;java.lang.String[]
jmetal.metaheuristics.omopso.OMOPSO_main;1;java.lang.String[]
jmetal.problems.ZDT.ZDT3;7;jmetal.core.Solution;jmetal.core.Variable[];jmetal.core.Problem;int[];jmetal.util.wrapper.XReal;java.lang.Integer;jmetal.core.SolutionType
jmetal.problems.ZDT.ZDT4;7;jmetal.core.Solution;jmetal.core.Variable[];jmetal.core.Problem;int[];jmetal.util.wrapper.XReal;java.lang.Integer;jmetal.core.SolutionType
jmetal.problems.ZDT.ZDT1;7;jmetal.core.Solution;jmetal.core.Variable[];jmetal.core.Problem;int[];jmetal.util.wrapper.XReal;java.lang.Integer;jmetal.core.SolutionType
jmetal.util.parallel.MultithreadedEvaluator;5;jmetal.core.Solution;jmetal.core.Variable[];jmetal.core.Problem;int[];jmetal.core.SolutionType
jmetal.problems.ZDT.ZDT2;7;jmetal.core.Solution;jmetal.core.Variable[];jmetal.core.Problem;int[];jmetal.util.wrapper.XReal;java.lang.Integer;jmetal.core.SolutionType
jmetal.operators.mutation.PolynomialMutation;7;jmetal.core.Solution;jmetal.core.Variable[];java.lang.Object;java.util.HashMap<java.lang.String,java.lang.Object>;jmetal.core.Problem;int[];jmetal.core.SolutionType
jmetal.qualityIndicator.GenerationalDistance;1;double[][]
jmetal.operators.mutation.SwapMutation;7;jmetal.core.Solution;jmetal.core.Variable[];java.lang.Object;java.util.HashMap<java.lang.String,java.lang.Object>;jmetal.core.Problem;int[];jmetal.core.SolutionType
jmetal.test.encodings.variable.ArrayRealTest;0
jmetal.encodings.variable.Binary;1;jmetal.encodings.variable.Binary
jmetal.problems.ZDT.ZDT5;7;jmetal.core.Solution;jmetal.core.Variable[];jmetal.core.Problem;int[];java.lang.Integer;jmetal.encodings.variable.Binary;jmetal.core.SolutionType
jmetal.problems.ZDT.ZDT6;7;jmetal.core.Solution;jmetal.core.Variable[];jmetal.core.Problem;int[];jmetal.util.wrapper.XReal;java.lang.Integer;jmetal.core.SolutionType
jmetal.experiments.studies.ZDTStudy2;2;jmetal.core.Algorithm[];java.lang.String[]
jmetal.util.comparators.EpsilonObjectiveComparator;1;java.lang.Object
jmetal.encodings.solutionType.BinaryRealSolutionType;5;jmetal.core.Solution;jmetal.core.Variable[];jmetal.core.Problem;int[];jmetal.core.SolutionType
jmetal.metaheuristics.dmopso.dMOPSO;7;java.util.Vector<java.lang.Double>;double[];jmetal.core.Solution;jmetal.core.Variable[];jmetal.core.Problem;int[];jmetal.core.SolutionType
jmetal.metaheuristics.moead.MOEAD_DRA;7;jmetal.core.Solution;double[];jmetal.core.Variable[];java.util.Vector<java.lang.Integer>;jmetal.core.Problem;int[];jmetal.core.SolutionType
jmetal.test.experiments.settings.MOEAD_DRA_SettingsTest;0
jmetal.metaheuristics.mocell.MOCell_main;1;java.lang.String[]
qualityIndicator.fastHypervolume.wfg.FastHypervolumeArchiveTest;0
jmetal.util.PseudoRandom;1;jmetal.util.IRandomGenerator
jmetal.metaheuristics.moead.pMOEAD_main;1;java.lang.String[]
jmetal.qualityIndicator.Epsilon;2;java.lang.String[];double[][]
jmetal.problems.WFG.WFG5;7;jmetal.core.Solution;jmetal.core.Variable[];jmetal.core.Problem;int[];java.lang.Integer;float[];jmetal.core.SolutionType
jmetal.problems.WFG.WFG6;7;jmetal.core.Solution;jmetal.core.Variable[];jmetal.core.Problem;int[];java.lang.Integer;float[];jmetal.core.SolutionType
jmetal.problems.singleObjective.Rosenbrock;6;jmetal.core.Solution;jmetal.core.Variable[];jmetal.core.Problem;int[];java.lang.Integer;jmetal.core.SolutionType
jmetal.problems.WFG.WFG7;7;jmetal.core.Solution;jmetal.core.Variable[];jmetal.core.Problem;int[];java.lang.Integer;float[];jmetal.core.SolutionType
jmetal.util.offspring.SBXCrossoverAndPolynomialMutationOffspring;7;jmetal.core.Solution;jmetal.core.SolutionSet;jmetal.core.Variable[];java.util.Comparator;jmetal.core.Problem;int[];jmetal.core.SolutionType
jmetal.problems.WFG.WFG8;7;jmetal.core.Solution;jmetal.core.Variable[];jmetal.core.Problem;int[];java.lang.Integer;float[];jmetal.core.SolutionType
jmetal.experiments.studies.StandardStudy2;2;jmetal.core.Algorithm[];java.lang.String[]
jmetal.metaheuristics.gde3.GDE3;5;jmetal.core.Solution;jmetal.core.Variable[];jmetal.core.Problem;int[];jmetal.core.SolutionType
jmetal.problems.WFG.WFG1;7;jmetal.core.Solution;jmetal.core.Variable[];jmetal.core.Problem;int[];java.lang.Integer;float[];jmetal.core.SolutionType
jmetal.problems.WFG.WFG2;7;jmetal.core.Solution;jmetal.core.Variable[];jmetal.core.Problem;int[];java.lang.Integer;float[];jmetal.core.SolutionType
jmetal.problems.WFG.WFG3;7;jmetal.core.Solution;jmetal.core.Variable[];jmetal.core.Problem;int[];java.lang.Integer;float[];jmetal.core.SolutionType
jmetal.util.comparators.OverallConstraintViolationComparator;6;jmetal.core.Solution;jmetal.core.Variable[];java.lang.Object;jmetal.core.Problem;int[];jmetal.core.SolutionType
jmetal.problems.WFG.WFG4;7;jmetal.core.Solution;jmetal.core.Variable[];jmetal.core.Problem;int[];java.lang.Integer;float[];jmetal.core.SolutionType
jmetal.metaheuristics.smpso.SMPSOhv;7;double[];java.util.Vector<java.lang.Double>;jmetal.core.Solution;jmetal.core.Variable[];jmetal.core.Problem;int[];jmetal.core.SolutionType
jmetal.problems.singleObjective.OneMax;6;jmetal.core.Solution;jmetal.core.Variable[];jmetal.core.Problem;int[];java.lang.Integer;jmetal.core.SolutionType
jmetal.experiments.settings.OMOPSO_Settings;1;java.util.Properties
jmetal.metaheuristics.abyss.AbYSS;5;jmetal.core.Solution;jmetal.core.Variable[];jmetal.core.Problem;int[];jmetal.core.SolutionType
jmetal.test.experiments.settings.MOEAD_SettingsTest;0
jmetal.metaheuristics.densea.DENSEA;7;jmetal.core.Solution;jmetal.core.Variable[];jmetal.core.SolutionSet;java.util.Comparator;jmetal.core.Problem;int[];jmetal.core.SolutionType
jmetal.metaheuristics.dmopso.dMOPSO_main;1;java.lang.String[]
jmetal.problems.LZ09.LZ09_F1;6;jmetal.core.Solution;jmetal.core.Variable[];jmetal.core.Problem;int[];java.lang.Integer;jmetal.core.SolutionType
jmetal.test.experiments.settings.MOCHC_SettingsTest;0
jmetal.qualityIndicator.Spread;1;double[][]
jmetal.problems.LZ09.LZ09_F2;6;jmetal.core.Solution;jmetal.core.Variable[];jmetal.core.Problem;int[];java.lang.Integer;jmetal.core.SolutionType
jmetal.util.comparators.DominanceComparator;2;java.lang.Object;jmetal.util.comparators.IConstraintViolationComparator
jmetal.util.comparators.CrowdingComparator;1;java.lang.Object
jmetal.problems.LZ09.LZ09_F3;6;jmetal.core.Solution;jmetal.core.Variable[];jmetal.core.Problem;int[];java.lang.Integer;jmetal.core.SolutionType
jmetal.util.Configuration;0
jmetal.metaheuristics.ibea.IBEA;8;jmetal.core.Solution;double[];jmetal.core.Variable[];jmetal.core.SolutionSet;java.util.Comparator;jmetal.core.Problem;int[];jmetal.core.SolutionType
jmetal.operators.mutation.UniformMutation;7;jmetal.core.Solution;jmetal.core.Variable[];java.lang.Object;java.util.HashMap<java.lang.String,java.lang.Object>;jmetal.core.Problem;int[];jmetal.core.SolutionType
jmetal.operators.selection.DifferentialEvolutionSelection;2;java.lang.Object;java.util.HashMap<java.lang.String,java.lang.Object>
jmetal.metaheuristics.spea2.SPEA2;5;jmetal.core.Solution;jmetal.core.Variable[];jmetal.core.Problem;int[];jmetal.core.SolutionType
jmetal.util.Distance;7;jmetal.core.Solution;jmetal.core.SolutionSet;jmetal.core.Variable[];java.util.Comparator;jmetal.core.Problem;int[];jmetal.core.SolutionType
jmetal.test.experiments.settings.MOCell_SettingsTest;0
jmetal.problems.LZ09.LZ09_F8;6;jmetal.core.Solution;jmetal.core.Variable[];jmetal.core.Problem;int[];java.lang.Integer;jmetal.core.SolutionType
jmetal.core.Algorithm;8;jmetal.core.Solution;jmetal.core.Variable[];jmetal.core.Operator;java.lang.Object;java.util.HashMap<java.lang.String,java.lang.Object>;jmetal.core.Problem;int[];jmetal.core.SolutionType
jmetal.problems.LZ09.LZ09_F9;6;jmetal.core.Solution;jmetal.core.Variable[];jmetal.core.Problem;int[];java.lang.Integer;jmetal.core.SolutionType
jmetal.problems.mTSP;5;jmetal.core.Solution;jmetal.core.Variable[];jmetal.core.Problem;int[];jmetal.core.SolutionType
jmetal.metaheuristics.spea2.SPEA2_main;1;java.lang.String[]
jmetal.util.archive.HypervolumeArchive;5;jmetal.core.Solution;jmetal.core.Variable[];jmetal.core.Problem;int[];jmetal.core.SolutionType
jmetal.problems.LZ09.LZ09_F4;6;jmetal.core.Solution;jmetal.core.Variable[];jmetal.core.Problem;int[];java.lang.Integer;jmetal.core.SolutionType
jmetal.metaheuristics.nsgaII.NSGAIIRandom;5;jmetal.core.Solution;jmetal.core.Variable[];jmetal.core.Problem;int[];jmetal.core.SolutionType
jmetal.qualityIndicator.util.LexicoGraphicalComparator;1;java.lang.Object
jmetal.problems.LZ09.LZ09_F5;6;jmetal.core.Solution;jmetal.core.Variable[];jmetal.core.Problem;int[];java.lang.Integer;jmetal.core.SolutionType
jmetal.problems.LZ09.LZ09_F6;6;jmetal.core.Solution;jmetal.core.Variable[];jmetal.core.Problem;int[];java.lang.Integer;jmetal.core.SolutionType
jmetal.qualityIndicator.util.ValueComparator;1;java.lang.Object
jmetal.problems.WFG.WFG9;7;jmetal.core.Solution;jmetal.core.Variable[];jmetal.core.Problem;int[];java.lang.Integer;float[];jmetal.core.SolutionType
jmetal.problems.LZ09.LZ09_F7;6;jmetal.core.Solution;jmetal.core.Variable[];jmetal.core.Problem;int[];java.lang.Integer;jmetal.core.SolutionType
jmetal.util.MersenneTwisterFast;5;java.io.DataOutputStream;java.lang.Object;java.io.DataInputStream;int[];byte[]
jmetal.qualityIndicator.R2;8;jmetal.core.Solution;jmetal.core.SolutionSet;jmetal.core.Variable[];java.util.Comparator;jmetal.core.Problem;int[];double[][];jmetal.core.SolutionType
jmetal.metaheuristics.moead.pMOEAD;8;jmetal.core.Solution;double[];jmetal.core.Variable[];java.util.Vector<java.lang.Integer>;jmetal.core.Problem;jmetal.metaheuristics.moead.pMOEAD;int[];jmetal.core.SolutionType
jmetal.experiments.studies.pMOEADStudy;2;jmetal.core.Algorithm[];java.lang.String[]
jmetal.experiments.settings.SMSEMOA_Settings;1;java.util.Properties
jmetal.metaheuristics.smpso.SMPSOhv_main;1;java.lang.String[]
jmetal.operators.localSearch.MutationLocalSearch;2;java.lang.Object;java.util.HashMap<java.lang.String,java.lang.Object>
jmetal.problems.singleObjective.Rastrigin;6;jmetal.core.Solution;jmetal.core.Variable[];jmetal.core.Problem;int[];java.lang.Integer;jmetal.core.SolutionType
jmetal.encodings.solutionType.ArrayIntSolutionType;5;jmetal.core.Solution;jmetal.core.Variable[];jmetal.core.Problem;int[];jmetal.core.SolutionType
jmetal.util.archive.Archive;0
jmetal.experiments.settings.NSGAIIRandom_Settings;1;java.util.Properties
jmetal.metaheuristics.smsemoa.SMSEMOA;6;jmetal.core.Solution;jmetal.core.Variable[];jmetal.core.Problem;int[];double[][];jmetal.core.SolutionType
jmetal.experiments.settings.FastSMSEMOA_Settings;1;java.util.Properties
jmetal.test.experiments.settings.PAES_SettingsTest;0
jmetal.metaheuristics.singleObjective.evolutionStrategy.NonElitistES;5;jmetal.core.Solution;jmetal.core.Variable[];jmetal.core.Problem;int[];jmetal.core.SolutionType
jmetal.operators.crossover.SBXCrossover;7;jmetal.core.Solution;jmetal.core.Variable[];java.lang.Object;java.util.HashMap<java.lang.String,java.lang.Object>;jmetal.core.Problem;int[];jmetal.core.SolutionType
jmetal.metaheuristics.singleObjective.geneticAlgorithm.pgGA;6;jmetal.core.Solution;jmetal.core.Variable[];jmetal.core.Problem;int[];jmetal.util.parallel.IParallelEvaluator;jmetal.core.SolutionType
jmetal.operators.crossover.BLXAlphaCrossover;7;jmetal.core.Solution;jmetal.core.Variable[];java.lang.Object;java.util.HashMap<java.lang.String,java.lang.Object>;jmetal.core.Problem;int[];jmetal.core.SolutionType
jmetal.operators.crossover.DifferentialEvolutionCrossover;2;java.lang.Object;java.util.HashMap<java.lang.String,java.lang.Object>
jmetal.test.experiments.settings.SMPSO_SettingsTest;0
jmetal.util.JMException;0
jmetal.problems.IntRealProblem;5;jmetal.core.Solution;jmetal.core.Variable[];jmetal.core.Problem;int[];jmetal.core.SolutionType
jmetal.util.comparators.ViolationThresholdComparator;8;jmetal.core.Solution;jmetal.core.SolutionSet;jmetal.core.Variable[];java.lang.Object;java.util.Comparator;jmetal.core.Problem;int[];jmetal.core.SolutionType
jmetal.util.comparators.NumberOfViolatedConstraintComparator;6;jmetal.core.Solution;jmetal.core.Variable[];java.lang.Object;jmetal.core.Problem;int[];jmetal.core.SolutionType
jmetal.test.experiments.settings.IBEA_SettingsTest;0
jmetal.problems.Kursawe;6;jmetal.core.Solution;jmetal.core.Variable[];jmetal.core.Problem;int[];java.lang.Integer;jmetal.core.SolutionType
jmetal.metaheuristics.nsgaII.NSGAIIAdaptive_main;1;java.lang.String[]
jmetal.test.util.avl.AvlTreeTest;1;java.lang.Object
jmetal.core.Solution;5;jmetal.core.Solution;jmetal.core.Variable[];jmetal.core.Problem;int[];jmetal.core.SolutionType
qualityIndicator.fastHypervolume.wfg.PointComparatorTest;0
jmetal.experiments.util.Statistics;1;java.util.Vector
jmetal.metaheuristics.smsemoa.FastSMSEMOA;5;jmetal.core.Solution;jmetal.core.Variable[];jmetal.core.Problem;int[];jmetal.core.SolutionType
jmetal.qualityIndicator.fastHypervolume.FastHypervolume;7;jmetal.core.Solution;jmetal.core.Variable[];jmetal.core.SolutionSet;java.util.Comparator;jmetal.core.Problem;int[];jmetal.core.SolutionType
jmetal.encodings.solutionType.IntSolutionType;5;jmetal.core.Solution;jmetal.core.Variable[];jmetal.core.Problem;int[];jmetal.core.SolutionType
jmetal.encodings.variable.BinaryReal;2;java.util.BitSet;jmetal.encodings.variable.BinaryReal
jmetal.metaheuristics.singleObjective.particleSwarmOptimization.PSO;6;double[];jmetal.core.Solution;jmetal.core.Variable[];jmetal.core.Problem;int[];jmetal.core.SolutionType
jmetal.experiments.studies.ConstrainedProblemsStudy;2;jmetal.core.Algorithm[];java.lang.String[]
jmetal.experiments.settings.cMOEAD_Settings;1;java.util.Properties
jmetal.experiments.settings.MOCell_Settings;1;java.util.Properties
jmetal.metaheuristics.singleObjective.geneticAlgorithm.TSPGA_main;1;java.lang.String[]
jmetal.util.comparators.FitnessAndCrowdingDistanceComparator;1;java.lang.Object
jmetal.util.NonDominatedSolutionList2;6;jmetal.core.Solution;jmetal.core.Variable[];java.util.Comparator;jmetal.core.Problem;int[];jmetal.core.SolutionType
jmetal.operators.localSearch.LocalSearch;1;java.util.HashMap<java.lang.String,java.lang.Object>
jmetal.util.PermutationUtility;0
jmetal.metaheuristics.nsgaII.ssNSGAII;5;jmetal.core.Solution;jmetal.core.Variable[];jmetal.core.Problem;int[];jmetal.core.SolutionType
jmetal.util.comparators.EpsilonDominanceComparator;1;java.lang.Object
jmetal.problems.Viennet3;5;jmetal.core.Solution;jmetal.core.Variable[];jmetal.core.Problem;int[];jmetal.core.SolutionType
jmetal.problems.Viennet2;5;jmetal.core.Solution;jmetal.core.Variable[];jmetal.core.Problem;int[];jmetal.core.SolutionType
jmetal.metaheuristics.singleObjective.geneticAlgorithm.GA_main;1;java.lang.String[]
jmetal.problems.Viennet4;5;jmetal.core.Solution;jmetal.core.Variable[];jmetal.core.Problem;int[];jmetal.core.SolutionType
jmetal.metaheuristics.nsgaII.ssNSGAIIRandom;5;jmetal.core.Solution;jmetal.core.Variable[];jmetal.core.Problem;int[];jmetal.core.SolutionType
jmetal.experiments.Main;1;java.lang.String[]
jmetal.encodings.variable.ArrayInt;7;double[];jmetal.core.Solution;jmetal.core.Variable[];jmetal.encodings.variable.ArrayInt;jmetal.core.Problem;int[];jmetal.core.SolutionType
jmetal.metaheuristics.singleObjective.cmaes.CMAES_main;1;java.lang.String[]
jmetal.metaheuristics.singleObjective.differentialEvolution.DE_main;1;java.lang.String[]
jmetal.metaheuristics.gde3.GDE3_main;1;java.lang.String[]
jmetal.metaheuristics.nsgaII.NSGAII_mTSP_main;1;java.lang.String[]
jmetal.qualityIndicator.QualityIndicator;7;jmetal.core.Solution;jmetal.core.Variable[];jmetal.core.SolutionSet;java.util.Comparator;jmetal.core.Problem;int[];jmetal.core.SolutionType
jmetal.metaheuristics.cellde.CellDE;5;jmetal.core.Solution;jmetal.core.Variable[];jmetal.core.Problem;int[];jmetal.core.SolutionType
jmetal.metaheuristics.mochc.MOCHC;7;jmetal.core.Solution;jmetal.core.Variable[];jmetal.core.SolutionSet;java.util.Comparator;jmetal.core.Problem;int[];jmetal.core.SolutionType
jmetal.test.experiments.settings.SMPSOhv_SettingsTest;0
jmetal.util.archive.StrengthRawFitnessArchive;5;jmetal.core.Solution;jmetal.core.Variable[];jmetal.core.Problem;int[];jmetal.core.SolutionType
jmetal.metaheuristics.singleObjective.differentialEvolution.DE;5;jmetal.core.Solution;jmetal.core.Variable[];jmetal.core.Problem;int[];jmetal.core.SolutionType
jmetal.util.offspring.PolynomialMutationOffspring;5;jmetal.core.Solution;jmetal.core.Variable[];jmetal.core.Problem;int[];jmetal.core.SolutionType
jmetal.util.comparators.BinaryTournamentComparator;1;java.lang.Object
jmetal.metaheuristics.ibea.IBEA_main;1;java.lang.String[]
jmetal.core.Operator;2;java.lang.Object;java.util.HashMap<java.lang.String,java.lang.Object>
jmetal.problems.Golinski;5;jmetal.core.Solution;jmetal.core.Variable[];jmetal.core.Problem;int[];jmetal.core.SolutionType
jmetal.metaheuristics.pesa2.PESA2;5;jmetal.core.Solution;jmetal.core.Variable[];jmetal.core.Problem;int[];jmetal.core.SolutionType
jmetal.test.experiments.settings.NSGAIIPermutation_SettingsTest;0
jmetal.metaheuristics.omopso.OMOPSO;5;jmetal.core.Solution;jmetal.core.Variable[];jmetal.core.Problem;int[];jmetal.core.SolutionType
jmetal.util.archive.AdaptiveGridArchive;5;jmetal.core.Solution;jmetal.core.Variable[];jmetal.core.Problem;int[];jmetal.core.SolutionType
jmetal.problems.LZ09.LZ09;1;java.util.Vector<java.lang.Double>
jmetal.encodings.solutionType.RealSolutionType;5;jmetal.core.Solution;jmetal.core.Variable[];jmetal.core.Problem;int[];jmetal.core.SolutionType
jmetal.test.experiments.settings.dMOPSO_SettingsTest;0
jmetal.operators.crossover.SBXSinglePointCrossover;8;jmetal.core.Solution;jmetal.core.Variable[];java.util.HashMap<java.lang.String,java.lang.Object>;java.lang.Double;java.lang.Object;jmetal.core.Problem;int[];jmetal.core.SolutionType
jmetal.problems.Fonseca;5;jmetal.core.Solution;jmetal.core.Variable[];jmetal.core.Problem;int[];jmetal.core.SolutionType
jmetal.util.comparators.ObjectiveComparator;1;java.lang.Object
jmetal.util.comparators.SolutionComparator;1;java.lang.Object
jmetal.experiments.MainC;1;java.lang.String[]
jmetal.problems.Srinivas;5;jmetal.core.Solution;jmetal.core.Variable[];jmetal.core.Problem;int[];jmetal.core.SolutionType
jmetal.encodings.variable.Real;1;jmetal.core.Variable
jmetal.encodings.solutionType.PermutationSolutionType;5;jmetal.core.Solution;jmetal.core.Variable[];jmetal.core.Problem;int[];jmetal.core.SolutionType
jmetal.util.Spea2Fitness;7;jmetal.core.Solution;jmetal.core.SolutionSet;jmetal.core.Variable[];java.util.Comparator;jmetal.core.Problem;int[];jmetal.core.SolutionType
jmetal.metaheuristics.smpso.pSMPSO_main;1;java.lang.String[]
jmetal.problems.cec2009Competition.UF10;6;jmetal.core.Solution;jmetal.core.Variable[];jmetal.core.Problem;int[];java.lang.Integer;jmetal.core.SolutionType
jmetal.experiments.settings.pNSGAII_Settings;1;java.util.Properties
jmetal.operators.crossover.PMXCrossover;7;jmetal.core.Solution;jmetal.core.Variable[];java.util.HashMap<java.lang.String,java.lang.Object>;java.lang.Object;jmetal.core.Problem;int[];jmetal.core.SolutionType
jmetal.util.offspring.DifferentialEvolutionOffspring;8;jmetal.core.Solution;jmetal.core.Variable[];jmetal.core.SolutionSet;java.util.Comparator;jmetal.core.Problem;jmetal.core.Solution[];int[];jmetal.core.SolutionType
jmetal.metaheuristics.mocell.aMOCell2;5;jmetal.core.Solution;jmetal.core.Variable[];jmetal.core.Problem;int[];jmetal.core.SolutionType
jmetal.metaheuristics.mocell.aMOCell3;5;jmetal.core.Solution;jmetal.core.Variable[];jmetal.core.Problem;int[];jmetal.core.SolutionType
jmetal.experiments.Experiment;6;jmetal.experiments.Experiment;java.util.Vector;jmetal.core.Algorithm[];java.util.Map<java.lang.String,java.lang.Double>;java.lang.String[];double[][][]
jmetal.qualityIndicator.fastHypervolume.wfg.WFGHV;11;double[];jmetal.core.Solution;jmetal.core.Variable[];jmetal.core.SolutionSet;java.util.Comparator;jmetal.core.Problem;int[];jmetal.qualityIndicator.fastHypervolume.wfg.Front;java.util.List<double[]>;jmetal.qualityIndicator.fastHypervolume.wfg.Point;jmetal.core.SolutionType
jmetal.experiments.settings.IBEA_Settings;1;java.util.Properties
jmetal.experiments.settings.NSGAIIAdaptive_Settings;1;java.util.Properties
jmetal.operators.selection.PESA2Selection;2;java.lang.Object;java.util.HashMap<java.lang.String,java.lang.Object>
jmetal.core.Variable;0
jmetal.metaheuristics.mocell.aMOCell1;5;jmetal.core.Solution;jmetal.core.Variable[];jmetal.core.Problem;int[];jmetal.core.SolutionType
jmetal.operators.crossover.HUXCrossover;7;jmetal.core.Solution;jmetal.core.Variable[];java.util.HashMap<java.lang.String,java.lang.Object>;java.lang.Object;jmetal.core.Problem;int[];jmetal.core.SolutionType
jmetal.experiments.util.RWilcoxon;6;jmetal.experiments.Experiment;java.util.Vector;jmetal.core.Algorithm[];java.util.Map<java.lang.String,java.lang.Double>;java.lang.String[];double[][][]
jmetal.problems.ProblemFactory;1;java.lang.Object[]
jmetal.problems.Binh2;5;jmetal.core.Solution;jmetal.core.Variable[];jmetal.core.Problem;int[];jmetal.core.SolutionType
jmetal.util.DistanceNode;0
jmetal.metaheuristics.cellde.CellDE_main;1;java.lang.String[]
jmetal.metaheuristics.singleObjective.particleSwarmOptimization.PSO_main;1;java.lang.String[]
jmetal.util.FPGAFitness;7;jmetal.core.Solution;jmetal.core.Variable[];jmetal.core.SolutionSet;java.util.Comparator;jmetal.core.Problem;int[];jmetal.core.SolutionType
jmetal.encodings.solutionType.BinarySolutionType;5;jmetal.core.Solution;jmetal.core.Variable[];jmetal.core.Problem;int[];jmetal.core.SolutionType
jmetal.metaheuristics.nsgaII.NSGAII;5;jmetal.core.Solution;jmetal.core.Variable[];jmetal.core.Problem;int[];jmetal.core.SolutionType
jmetal.test.experiments.settings.CellDE_SettingsTest;0
jmetal.util.archive.WFGHypervolumeArchive;5;jmetal.core.Solution;jmetal.core.Variable[];jmetal.core.Problem;int[];jmetal.core.SolutionType
jmetal.problems.Osyczka2;5;jmetal.core.Solution;jmetal.core.Variable[];jmetal.core.Problem;int[];jmetal.core.SolutionType
jmetal.experiments.settings.SMPSOhv_Settings;1;java.util.Properties
jmetal.operators.selection.BestSolutionSelection;2;java.lang.Object;java.util.HashMap<java.lang.String,java.lang.Object>
jmetal.metaheuristics.paes.PAES_main;1;java.lang.String[]
jmetal.metaheuristics.singleObjective.cmaes.CMAES;8;jmetal.core.Solution;double[];jmetal.core.Variable[];java.util.Comparator;jmetal.core.Problem;int[];double[][];jmetal.core.SolutionType
jmetal.metaheuristics.fastPGA.FastPGA_main;1;java.lang.String[]
jmetal.core.Problem;5;jmetal.core.Solution;jmetal.core.Variable[];jmetal.core.Problem;int[];jmetal.core.SolutionType
jmetal.test.experiments.settings.NSGAIIBinary_SettingsTest;0
jmetal.qualityIndicator.GeneralizedSpread;1;double[][]
jmetal.operators.selection.Selection;1;java.util.HashMap<java.lang.String,java.lang.Object>
jmetal.experiments.util.Friedman;6;jmetal.experiments.Experiment;java.util.Vector;jmetal.core.Algorithm[];java.lang.String[];java.util.Map<java.lang.String,java.lang.Double>;double[][][]
jmetal.operators.selection.BinaryTournament2;2;java.lang.Object;java.util.HashMap<java.lang.String,java.lang.Object>
jmetal.util.wrapper.XReal;5;jmetal.core.Solution;jmetal.core.Variable[];jmetal.core.Problem;int[];jmetal.core.SolutionType
jmetal.test.encodings.variable.RealTest;0
jmetal.util.ExtractParetoFront;3;double[];java.lang.String[];jmetal.util.ExtractParetoFront.Point
jmetal.experiments.settings.MOEAD_Settings;1;java.util.Properties
jmetal.experiments.settings.NSGAIIBinary_Settings;1;java.util.Properties
jmetal.util.Neighborhood;7;jmetal.core.Solution;jmetal.core.SolutionSet;jmetal.core.Variable[];java.util.Comparator;jmetal.core.Problem;int[];jmetal.core.SolutionType
jmetal.test.experiments.settings.SPEA2_SettingsTest;0
