org.objectweb.asm.util.CheckSignatureAdapter;1;org.objectweb.asm.signature.SignatureVisitor
org.objectweb.asm.tree.IincInsnNode;26;char[];java.io.InputStream;org.objectweb.asm.Handle;org.objectweb.asm.ClassReader;org.objectweb.asm.MethodVisitor;int[];org.objectweb.asm.Item;org.objectweb.asm.TypePath;org.objectweb.asm.Item[];org.objectweb.asm.Frame;org.objectweb.asm.Label;org.objectweb.asm.Type[];org.objectweb.asm.AnnotationVisitor;org.objectweb.asm.MethodWriter;java.lang.Object;org.objectweb.asm.Context;org.objectweb.asm.Attribute[];org.objectweb.asm.Label[];java.lang.Object[];java.util.Map<org.objectweb.asm.tree.LabelNode,org.objectweb.asm.tree.LabelNode>;org.objectweb.asm.ByteVector;java.lang.String[];org.objectweb.asm.Attribute;org.objectweb.asm.ClassVisitor;org.objectweb.asm.ClassWriter;byte[]
org.objectweb.asm.tree.analysis.SourceValue;30;char[];java.io.InputStream;org.objectweb.asm.Handle;org.objectweb.asm.ClassReader;int[];org.objectweb.asm.MethodVisitor;org.objectweb.asm.Item;org.objectweb.asm.tree.AbstractInsnNode;org.objectweb.asm.TypePath;org.objectweb.asm.Item[];org.objectweb.asm.Frame;org.objectweb.asm.Label;java.util.List<org.objectweb.asm.tree.LabelNode>;org.objectweb.asm.Type[];org.objectweb.asm.AnnotationVisitor;org.objectweb.asm.tree.LabelNode;org.objectweb.asm.MethodWriter;java.lang.Object;org.objectweb.asm.Context;org.objectweb.asm.Attribute[];org.objectweb.asm.Label[];java.util.Set<org.objectweb.asm.tree.AbstractInsnNode>;java.lang.Object[];java.util.Map<org.objectweb.asm.tree.LabelNode,org.objectweb.asm.tree.LabelNode>;java.lang.String[];org.objectweb.asm.ByteVector;org.objectweb.asm.Attribute;org.objectweb.asm.ClassVisitor;org.objectweb.asm.ClassWriter;byte[]
org.objectweb.asm.Item;1;org.objectweb.asm.Item
org.objectweb.asm.tree.LookupSwitchInsnNode;28;char[];java.io.InputStream;org.objectweb.asm.Handle;org.objectweb.asm.ClassReader;org.objectweb.asm.MethodVisitor;int[];org.objectweb.asm.Item;org.objectweb.asm.TypePath;org.objectweb.asm.Item[];org.objectweb.asm.Frame;org.objectweb.asm.tree.LabelNode[];org.objectweb.asm.Label;org.objectweb.asm.Type[];org.objectweb.asm.AnnotationVisitor;org.objectweb.asm.tree.LabelNode;java.lang.Object;org.objectweb.asm.MethodWriter;org.objectweb.asm.Context;org.objectweb.asm.Attribute[];org.objectweb.asm.Label[];java.lang.Object[];java.util.Map<org.objectweb.asm.tree.LabelNode,org.objectweb.asm.tree.LabelNode>;org.objectweb.asm.ByteVector;java.lang.String[];org.objectweb.asm.Attribute;org.objectweb.asm.ClassVisitor;org.objectweb.asm.ClassWriter;byte[]
org.objectweb.asm.tree.JumpInsnNode;27;char[];java.io.InputStream;org.objectweb.asm.Handle;org.objectweb.asm.ClassReader;org.objectweb.asm.MethodVisitor;int[];org.objectweb.asm.Item;org.objectweb.asm.TypePath;org.objectweb.asm.Item[];org.objectweb.asm.Frame;org.objectweb.asm.Label;org.objectweb.asm.Type[];org.objectweb.asm.AnnotationVisitor;org.objectweb.asm.tree.LabelNode;org.objectweb.asm.MethodWriter;java.lang.Object;org.objectweb.asm.Context;org.objectweb.asm.Attribute[];org.objectweb.asm.Label[];java.lang.Object[];java.util.Map<org.objectweb.asm.tree.LabelNode,org.objectweb.asm.tree.LabelNode>;org.objectweb.asm.ByteVector;java.lang.String[];org.objectweb.asm.Attribute;org.objectweb.asm.ClassVisitor;org.objectweb.asm.ClassWriter;byte[]
org.objectweb.asm.xml.SAXClassAdapter;6;java.lang.StringBuffer;org.objectweb.asm.TypePath;java.lang.Object;java.lang.String[];org.xml.sax.ContentHandler;byte[]
org.objectweb.asm.Type;7;org.objectweb.asm.Type;char[];java.lang.StringBuffer;java.lang.Object;java.lang.Class<?>;java.lang.reflect.Method;java.lang.reflect.Constructor<?>
org.objectweb.asm.commons.TryCatchBlockSorter;28;char[];java.io.InputStream;org.objectweb.asm.Handle;org.objectweb.asm.ClassReader;org.objectweb.asm.MethodVisitor;int[];org.objectweb.asm.Item;org.objectweb.asm.TypePath;org.objectweb.asm.Item[];org.objectweb.asm.Frame;org.objectweb.asm.Label;org.objectweb.asm.Type[];org.objectweb.asm.AnnotationVisitor;org.objectweb.asm.tree.LabelNode;java.lang.Object;org.objectweb.asm.MethodWriter;org.objectweb.asm.Context;org.objectweb.asm.Attribute[];org.objectweb.asm.Label[];java.lang.Object[];org.objectweb.asm.tree.TryCatchBlockNode;java.util.Map<org.objectweb.asm.tree.LabelNode,org.objectweb.asm.tree.LabelNode>;java.lang.String[];org.objectweb.asm.ByteVector;org.objectweb.asm.Attribute;org.objectweb.asm.ClassVisitor;org.objectweb.asm.ClassWriter;byte[]
org.objectweb.asm.Edge;0
org.objectweb.asm.tree.analysis.Frame;33;char[];java.io.InputStream;org.objectweb.asm.Handle;org.objectweb.asm.ClassReader;org.objectweb.asm.MethodVisitor;int[];org.objectweb.asm.Item;org.objectweb.asm.tree.AbstractInsnNode;org.objectweb.asm.TypePath;V;org.objectweb.asm.Item[];org.objectweb.asm.Frame;org.objectweb.asm.Label;java.util.List<org.objectweb.asm.tree.LabelNode>;org.objectweb.asm.Type[];org.objectweb.asm.AnnotationVisitor;boolean[];org.objectweb.asm.tree.LabelNode;java.lang.Object;org.objectweb.asm.MethodWriter;org.objectweb.asm.Context;org.objectweb.asm.Attribute[];org.objectweb.asm.Label[];java.lang.Object[];org.objectweb.asm.tree.analysis.Frame<? extends V>;java.util.Map<org.objectweb.asm.tree.LabelNode,org.objectweb.asm.tree.LabelNode>;java.lang.String[];org.objectweb.asm.ByteVector;org.objectweb.asm.Attribute;org.objectweb.asm.ClassVisitor;org.objectweb.asm.ClassWriter;byte[];org.objectweb.asm.tree.analysis.Interpreter<V>
org.objectweb.asm.tree.InsnList;30;char[];java.io.InputStream;org.objectweb.asm.Handle;org.objectweb.asm.ClassReader;int[];org.objectweb.asm.MethodVisitor;org.objectweb.asm.Item;org.objectweb.asm.tree.AbstractInsnNode;org.objectweb.asm.TypePath;org.objectweb.asm.Item[];org.objectweb.asm.tree.InsnList;org.objectweb.asm.Frame;org.objectweb.asm.Label;java.util.List<org.objectweb.asm.tree.LabelNode>;org.objectweb.asm.Type[];org.objectweb.asm.AnnotationVisitor;org.objectweb.asm.tree.LabelNode;java.lang.Object;org.objectweb.asm.MethodWriter;org.objectweb.asm.Context;org.objectweb.asm.Attribute[];org.objectweb.asm.Label[];java.lang.Object[];java.util.Map<org.objectweb.asm.tree.LabelNode,org.objectweb.asm.tree.LabelNode>;java.lang.String[];org.objectweb.asm.ByteVector;org.objectweb.asm.Attribute;org.objectweb.asm.ClassVisitor;org.objectweb.asm.ClassWriter;byte[]
org.objectweb.asm.optimizer.ClassConstantsCollector;27;java.io.InputStream;char[];org.objectweb.asm.optimizer.Constant;org.objectweb.asm.Handle;org.objectweb.asm.ClassReader;org.objectweb.asm.MethodVisitor;int[];org.objectweb.asm.Item;org.objectweb.asm.TypePath;org.objectweb.asm.Item[];org.objectweb.asm.Frame;org.objectweb.asm.Label;org.objectweb.asm.Type[];org.objectweb.asm.AnnotationVisitor;java.lang.Object;org.objectweb.asm.MethodWriter;org.objectweb.asm.Context;org.objectweb.asm.Attribute[];org.objectweb.asm.Label[];java.lang.Object[];org.objectweb.asm.optimizer.ConstantPool;org.objectweb.asm.ByteVector;java.lang.String[];org.objectweb.asm.Attribute;org.objectweb.asm.ClassVisitor;org.objectweb.asm.ClassWriter;byte[]
org.objectweb.asm.tree.LocalVariableNode;27;char[];java.io.InputStream;org.objectweb.asm.Handle;org.objectweb.asm.ClassReader;org.objectweb.asm.MethodVisitor;int[];org.objectweb.asm.Item;org.objectweb.asm.TypePath;org.objectweb.asm.Item[];org.objectweb.asm.Frame;org.objectweb.asm.Label;org.objectweb.asm.Type[];org.objectweb.asm.AnnotationVisitor;org.objectweb.asm.tree.LabelNode;org.objectweb.asm.MethodWriter;java.lang.Object;org.objectweb.asm.Context;org.objectweb.asm.Attribute[];org.objectweb.asm.Label[];java.lang.Object[];java.util.Map<org.objectweb.asm.tree.LabelNode,org.objectweb.asm.tree.LabelNode>;org.objectweb.asm.ByteVector;java.lang.String[];org.objectweb.asm.Attribute;org.objectweb.asm.ClassVisitor;org.objectweb.asm.ClassWriter;byte[]
org.objectweb.asm.tree.VarInsnNode;26;char[];java.io.InputStream;org.objectweb.asm.Handle;org.objectweb.asm.ClassReader;org.objectweb.asm.MethodVisitor;int[];org.objectweb.asm.Item;org.objectweb.asm.TypePath;org.objectweb.asm.Item[];org.objectweb.asm.Frame;org.objectweb.asm.Label;org.objectweb.asm.Type[];org.objectweb.asm.AnnotationVisitor;org.objectweb.asm.MethodWriter;java.lang.Object;org.objectweb.asm.Context;org.objectweb.asm.Attribute[];org.objectweb.asm.Label[];java.lang.Object[];java.util.Map<org.objectweb.asm.tree.LabelNode,org.objectweb.asm.tree.LabelNode>;org.objectweb.asm.ByteVector;java.lang.String[];org.objectweb.asm.Attribute;org.objectweb.asm.ClassVisitor;org.objectweb.asm.ClassWriter;byte[]
org.objectweb.asm.optimizer.JarOptimizer;3;java.lang.Object;java.lang.String[];java.io.File
org.objectweb.asm.util.CheckMethodAdapter;26;char[];java.io.InputStream;org.objectweb.asm.Handle;org.objectweb.asm.ClassReader;org.objectweb.asm.MethodVisitor;int[];org.objectweb.asm.Item;org.objectweb.asm.TypePath;org.objectweb.asm.Item[];org.objectweb.asm.Frame;org.objectweb.asm.Label;org.objectweb.asm.Type[];org.objectweb.asm.AnnotationVisitor;java.lang.Object;org.objectweb.asm.MethodWriter;org.objectweb.asm.Context;org.objectweb.asm.Attribute[];org.objectweb.asm.Label[];java.lang.Object[];java.util.Map<org.objectweb.asm.Label,java.lang.Integer>;org.objectweb.asm.ByteVector;java.lang.String[];org.objectweb.asm.Attribute;org.objectweb.asm.ClassVisitor;org.objectweb.asm.ClassWriter;byte[]
org.objectweb.asm.tree.analysis.SourceInterpreter;37;java.io.InputStream;char[];org.objectweb.asm.Handle;java.lang.Class<?>;org.objectweb.asm.ClassReader;int[];org.objectweb.asm.MethodVisitor;java.lang.reflect.Method;org.objectweb.asm.tree.analysis.SourceValue;org.objectweb.asm.Item;org.objectweb.asm.tree.AbstractInsnNode;org.objectweb.asm.Type;org.objectweb.asm.TypePath;org.objectweb.asm.Item[];org.objectweb.asm.Frame;java.lang.reflect.Constructor<?>;org.objectweb.asm.Label;java.util.List<org.objectweb.asm.tree.LabelNode>;org.objectweb.asm.Type[];org.objectweb.asm.AnnotationVisitor;org.objectweb.asm.tree.LabelNode;java.lang.StringBuffer;java.lang.Object;org.objectweb.asm.MethodWriter;org.objectweb.asm.Context;org.objectweb.asm.Attribute[];java.util.Set<org.objectweb.asm.tree.AbstractInsnNode>;org.objectweb.asm.Label[];java.lang.Object[];java.util.List<? extends org.objectweb.asm.tree.analysis.SourceValue>;java.util.Map<org.objectweb.asm.tree.LabelNode,org.objectweb.asm.tree.LabelNode>;java.lang.String[];org.objectweb.asm.ByteVector;org.objectweb.asm.Attribute;org.objectweb.asm.ClassVisitor;org.objectweb.asm.ClassWriter;byte[]
org.objectweb.asm.xml.Processor;17;char[];java.io.InputStream;java.lang.Object;java.io.Writer;javax.xml.transform.Source;org.xml.sax.ContentHandler;javax.xml.transform.sax.SAXTransformerFactory;java.util.zip.ZipOutputStream;javax.xml.transform.Templates;org.objectweb.asm.xml.Processor.ContentHandlerFactory;java.util.zip.ZipInputStream;java.lang.String[];org.xml.sax.Attributes;java.util.zip.ZipEntry;org.objectweb.asm.xml.Processor.EntryElement;java.io.OutputStream;byte[]
org.objectweb.asm.xml.ASMContentHandler;26;java.io.InputStream;char[];org.objectweb.asm.Handle;org.objectweb.asm.ClassReader;org.objectweb.asm.MethodVisitor;int[];org.objectweb.asm.Item;org.objectweb.asm.TypePath;org.objectweb.asm.Item[];org.objectweb.asm.Frame;org.objectweb.asm.Label;org.objectweb.asm.Type[];org.objectweb.asm.AnnotationVisitor;org.objectweb.asm.MethodWriter;java.lang.Object;org.objectweb.asm.Context;org.objectweb.asm.Attribute[];org.objectweb.asm.Label[];java.lang.Object[];org.objectweb.asm.ByteVector;java.lang.String[];org.objectweb.asm.Attribute;org.xml.sax.Attributes;org.objectweb.asm.ClassVisitor;org.objectweb.asm.ClassWriter;byte[]
org.objectweb.asm.util.TraceMethodVisitor;29;char[];java.io.InputStream;org.objectweb.asm.Handle;org.objectweb.asm.ClassReader;org.objectweb.asm.MethodVisitor;int[];org.objectweb.asm.Item;org.objectweb.asm.TypePath;java.io.PrintWriter;org.objectweb.asm.Item[];org.objectweb.asm.Frame;org.objectweb.asm.Label;org.objectweb.asm.Type[];org.objectweb.asm.AnnotationVisitor;java.lang.StringBuffer;java.lang.Object;org.objectweb.asm.MethodWriter;org.objectweb.asm.Context;org.objectweb.asm.Attribute[];org.objectweb.asm.Label[];java.lang.Object[];java.lang.String[];org.objectweb.asm.ByteVector;org.objectweb.asm.Attribute;org.objectweb.asm.util.Printer;java.util.List<?>;org.objectweb.asm.ClassVisitor;org.objectweb.asm.ClassWriter;byte[]
org.objectweb.asm.tree.FieldNode;25;java.io.InputStream;char[];org.objectweb.asm.Handle;org.objectweb.asm.ClassReader;int[];org.objectweb.asm.MethodVisitor;org.objectweb.asm.Item;org.objectweb.asm.TypePath;org.objectweb.asm.Item[];org.objectweb.asm.Frame;org.objectweb.asm.Label;org.objectweb.asm.Type[];org.objectweb.asm.AnnotationVisitor;java.lang.Object;org.objectweb.asm.MethodWriter;org.objectweb.asm.Context;org.objectweb.asm.Attribute[];org.objectweb.asm.Label[];java.lang.Object[];java.lang.String[];org.objectweb.asm.ByteVector;org.objectweb.asm.Attribute;org.objectweb.asm.ClassVisitor;org.objectweb.asm.ClassWriter;byte[]
org.objectweb.asm.optimizer.Shrinker;34;java.io.InputStream;char[];org.objectweb.asm.Handle;org.objectweb.asm.optimizer.Constant;java.lang.Class<?>;org.objectweb.asm.ClassReader;int[];org.objectweb.asm.MethodVisitor;java.lang.reflect.Method;org.objectweb.asm.Item;org.objectweb.asm.Type;org.objectweb.asm.TypePath;org.objectweb.asm.Item[];org.objectweb.asm.Frame;java.lang.reflect.Constructor<?>;org.objectweb.asm.Label;org.objectweb.asm.Type[];org.objectweb.asm.AnnotationVisitor;java.lang.StringBuffer;org.objectweb.asm.commons.Remapper;java.lang.Object;org.objectweb.asm.MethodWriter;org.objectweb.asm.Context;org.objectweb.asm.Attribute[];org.objectweb.asm.Label[];java.lang.Object[];org.objectweb.asm.signature.SignatureVisitor;java.lang.String[];org.objectweb.asm.ByteVector;org.objectweb.asm.Attribute;java.io.File;org.objectweb.asm.ClassVisitor;org.objectweb.asm.ClassWriter;byte[]
org.objectweb.asm.signature.SignatureReader;1;org.objectweb.asm.signature.SignatureVisitor
org.objectweb.asm.util.TraceAnnotationVisitor;29;char[];java.io.InputStream;org.objectweb.asm.Handle;org.objectweb.asm.ClassReader;int[];org.objectweb.asm.MethodVisitor;org.objectweb.asm.Item;org.objectweb.asm.TypePath;java.io.PrintWriter;org.objectweb.asm.Item[];org.objectweb.asm.Frame;org.objectweb.asm.Label;org.objectweb.asm.Type[];org.objectweb.asm.AnnotationVisitor;java.lang.StringBuffer;org.objectweb.asm.MethodWriter;java.lang.Object;org.objectweb.asm.Context;org.objectweb.asm.Attribute[];org.objectweb.asm.Label[];java.lang.Object[];java.lang.String[];org.objectweb.asm.ByteVector;org.objectweb.asm.Attribute;org.objectweb.asm.util.Printer;java.util.List<?>;org.objectweb.asm.ClassVisitor;org.objectweb.asm.ClassWriter;byte[]
org.objectweb.asm.commons.SerialVersionUIDAdder;28;java.io.InputStream;char[];org.objectweb.asm.Handle;org.objectweb.asm.ClassReader;org.objectweb.asm.MethodVisitor;int[];java.io.DataOutput;org.objectweb.asm.Item;org.objectweb.asm.TypePath;org.objectweb.asm.Item[];org.objectweb.asm.Frame;org.objectweb.asm.Label;org.objectweb.asm.Type[];org.objectweb.asm.AnnotationVisitor;java.util.Collection<org.objectweb.asm.commons.SerialVersionUIDAdder.Item>;org.objectweb.asm.MethodWriter;java.lang.Object;org.objectweb.asm.Context;org.objectweb.asm.Attribute[];org.objectweb.asm.Label[];java.lang.Object[];org.objectweb.asm.commons.SerialVersionUIDAdder.Item;org.objectweb.asm.ByteVector;java.lang.String[];org.objectweb.asm.Attribute;org.objectweb.asm.ClassVisitor;org.objectweb.asm.ClassWriter;byte[]
org.objectweb.asm.optimizer.Constant;26;java.io.InputStream;char[];org.objectweb.asm.Handle;org.objectweb.asm.optimizer.Constant;org.objectweb.asm.ClassReader;int[];org.objectweb.asm.MethodVisitor;org.objectweb.asm.Item;org.objectweb.asm.TypePath;org.objectweb.asm.Item[];org.objectweb.asm.Frame;org.objectweb.asm.Label;org.objectweb.asm.Type[];org.objectweb.asm.AnnotationVisitor;java.lang.Object;org.objectweb.asm.MethodWriter;org.objectweb.asm.Context;org.objectweb.asm.Attribute[];org.objectweb.asm.Label[];java.lang.Object[];org.objectweb.asm.ByteVector;java.lang.String[];org.objectweb.asm.Attribute;org.objectweb.asm.ClassVisitor;org.objectweb.asm.ClassWriter;byte[]
org.objectweb.asm.Handle;1;java.lang.Object
org.objectweb.asm.MethodVisitor;25;char[];java.io.InputStream;org.objectweb.asm.Handle;org.objectweb.asm.ClassReader;org.objectweb.asm.MethodVisitor;int[];org.objectweb.asm.Item;org.objectweb.asm.TypePath;org.objectweb.asm.Item[];org.objectweb.asm.Frame;org.objectweb.asm.Label;org.objectweb.asm.Type[];org.objectweb.asm.AnnotationVisitor;java.lang.Object;org.objectweb.asm.MethodWriter;org.objectweb.asm.Context;org.objectweb.asm.Attribute[];org.objectweb.asm.Label[];java.lang.Object[];org.objectweb.asm.ByteVector;java.lang.String[];org.objectweb.asm.Attribute;org.objectweb.asm.ClassVisitor;org.objectweb.asm.ClassWriter;byte[]
org.objectweb.asm.tree.InsnNode;26;char[];java.io.InputStream;org.objectweb.asm.Handle;org.objectweb.asm.ClassReader;org.objectweb.asm.MethodVisitor;int[];org.objectweb.asm.Item;org.objectweb.asm.TypePath;org.objectweb.asm.Item[];org.objectweb.asm.Frame;org.objectweb.asm.Label;org.objectweb.asm.Type[];org.objectweb.asm.AnnotationVisitor;org.objectweb.asm.MethodWriter;java.lang.Object;org.objectweb.asm.Context;org.objectweb.asm.Attribute[];org.objectweb.asm.Label[];java.lang.Object[];java.util.Map<org.objectweb.asm.tree.LabelNode,org.objectweb.asm.tree.LabelNode>;org.objectweb.asm.ByteVector;java.lang.String[];org.objectweb.asm.Attribute;org.objectweb.asm.ClassVisitor;org.objectweb.asm.ClassWriter;byte[]
org.objectweb.asm.xml.SAXAnnotationAdapter;8;org.objectweb.asm.xml.SAXAdapter;org.objectweb.asm.TypePath;java.lang.Object;int[];java.lang.String[];org.xml.sax.Attributes;org.xml.sax.ContentHandler;byte[]
org.objectweb.asm.tree.AbstractInsnNode;29;char[];java.io.InputStream;org.objectweb.asm.Handle;org.objectweb.asm.ClassReader;int[];org.objectweb.asm.MethodVisitor;org.objectweb.asm.Item;org.objectweb.asm.tree.AbstractInsnNode;org.objectweb.asm.TypePath;org.objectweb.asm.Item[];org.objectweb.asm.Frame;org.objectweb.asm.Label;java.util.List<org.objectweb.asm.tree.LabelNode>;org.objectweb.asm.Type[];org.objectweb.asm.AnnotationVisitor;org.objectweb.asm.tree.LabelNode;java.lang.Object;org.objectweb.asm.MethodWriter;org.objectweb.asm.Context;org.objectweb.asm.Attribute[];org.objectweb.asm.Label[];java.lang.Object[];java.util.Map<org.objectweb.asm.tree.LabelNode,org.objectweb.asm.tree.LabelNode>;org.objectweb.asm.ByteVector;java.lang.String[];org.objectweb.asm.Attribute;org.objectweb.asm.ClassVisitor;org.objectweb.asm.ClassWriter;byte[]
org.objectweb.asm.util.Textifier;30;char[];java.io.InputStream;org.objectweb.asm.Handle;java.lang.Class<?>;org.objectweb.asm.ClassReader;org.objectweb.asm.MethodVisitor;int[];java.lang.reflect.Method;org.objectweb.asm.Item;org.objectweb.asm.Type;org.objectweb.asm.TypePath;org.objectweb.asm.Item[];org.objectweb.asm.Frame;java.lang.reflect.Constructor<?>;org.objectweb.asm.Label;org.objectweb.asm.Type[];org.objectweb.asm.AnnotationVisitor;java.lang.StringBuffer;java.lang.Object;org.objectweb.asm.MethodWriter;org.objectweb.asm.Context;org.objectweb.asm.Attribute[];org.objectweb.asm.Label[];java.lang.Object[];org.objectweb.asm.ByteVector;java.lang.String[];org.objectweb.asm.Attribute;org.objectweb.asm.ClassVisitor;org.objectweb.asm.ClassWriter;byte[]
org.objectweb.asm.xml.SAXAdapter;2;org.xml.sax.Attributes;org.xml.sax.ContentHandler
org.objectweb.asm.tree.TypeAnnotationNode;2;org.objectweb.asm.TypePath;byte[]
org.objectweb.asm.tree.analysis.Analyzer;36;java.io.InputStream;char[];org.objectweb.asm.tree.analysis.Frame<V>;org.objectweb.asm.Handle;org.objectweb.asm.ClassReader;org.objectweb.asm.MethodVisitor;int[];org.objectweb.asm.Item;org.objectweb.asm.tree.JumpInsnNode;org.objectweb.asm.TypePath;org.objectweb.asm.Item[];org.objectweb.asm.Frame;org.objectweb.asm.Label;org.objectweb.asm.Type[];org.objectweb.asm.AnnotationVisitor;boolean[];org.objectweb.asm.tree.LabelNode;org.objectweb.asm.tree.MethodNode;org.objectweb.asm.tree.analysis.Subroutine;java.lang.Object;org.objectweb.asm.MethodWriter;org.objectweb.asm.Context;org.objectweb.asm.Attribute[];org.objectweb.asm.Label[];java.lang.Object[];org.objectweb.asm.tree.analysis.Frame<? extends V>;org.objectweb.asm.tree.TryCatchBlockNode;java.util.Map<org.objectweb.asm.tree.LabelNode,org.objectweb.asm.tree.LabelNode>;org.objectweb.asm.ByteVector;java.lang.String[];org.objectweb.asm.Attribute;org.objectweb.asm.ClassVisitor;java.util.List<org.objectweb.asm.tree.AbstractInsnNode>;org.objectweb.asm.ClassWriter;byte[];org.objectweb.asm.tree.analysis.Interpreter<V>
org.objectweb.asm.util.CheckFieldAdapter;26;java.io.InputStream;char[];org.objectweb.asm.FieldVisitor;org.objectweb.asm.Handle;org.objectweb.asm.ClassReader;org.objectweb.asm.MethodVisitor;int[];org.objectweb.asm.Item;org.objectweb.asm.TypePath;org.objectweb.asm.Item[];org.objectweb.asm.Frame;org.objectweb.asm.Label;org.objectweb.asm.Type[];org.objectweb.asm.AnnotationVisitor;java.lang.Object;org.objectweb.asm.MethodWriter;org.objectweb.asm.Context;org.objectweb.asm.Attribute[];org.objectweb.asm.Label[];java.lang.Object[];java.lang.String[];org.objectweb.asm.ByteVector;org.objectweb.asm.Attribute;org.objectweb.asm.ClassVisitor;org.objectweb.asm.ClassWriter;byte[]
org.objectweb.asm.AnnotationVisitor;2;org.objectweb.asm.AnnotationVisitor;java.lang.Object
org.objectweb.asm.tree.analysis.BasicValue;7;char[];org.objectweb.asm.Type;java.lang.StringBuffer;java.lang.Object;java.lang.Class<?>;java.lang.reflect.Method;java.lang.reflect.Constructor<?>
org.objectweb.asm.commons.Remapper;9;char[];org.objectweb.asm.Type;java.lang.StringBuffer;java.lang.Object;java.lang.Class<?>;org.objectweb.asm.signature.SignatureVisitor;java.lang.reflect.Method;java.lang.String[];java.lang.reflect.Constructor<?>
org.objectweb.asm.tree.LabelNode;26;char[];java.io.InputStream;org.objectweb.asm.Handle;org.objectweb.asm.ClassReader;int[];org.objectweb.asm.MethodVisitor;org.objectweb.asm.Item;org.objectweb.asm.TypePath;org.objectweb.asm.Item[];org.objectweb.asm.Frame;org.objectweb.asm.Label;org.objectweb.asm.Type[];org.objectweb.asm.AnnotationVisitor;java.lang.Object;org.objectweb.asm.MethodWriter;org.objectweb.asm.Context;org.objectweb.asm.Attribute[];org.objectweb.asm.Label[];java.lang.Object[];java.util.Map<org.objectweb.asm.tree.LabelNode,org.objectweb.asm.tree.LabelNode>;org.objectweb.asm.ByteVector;java.lang.String[];org.objectweb.asm.Attribute;org.objectweb.asm.ClassVisitor;org.objectweb.asm.ClassWriter;byte[]
org.objectweb.asm.tree.MethodNode;25;char[];java.io.InputStream;org.objectweb.asm.Handle;org.objectweb.asm.ClassReader;int[];org.objectweb.asm.MethodVisitor;org.objectweb.asm.Item;org.objectweb.asm.TypePath;org.objectweb.asm.Item[];org.objectweb.asm.Frame;org.objectweb.asm.Label;org.objectweb.asm.Type[];org.objectweb.asm.AnnotationVisitor;java.lang.Object;org.objectweb.asm.MethodWriter;org.objectweb.asm.Context;org.objectweb.asm.Attribute[];org.objectweb.asm.Label[];java.lang.Object[];java.lang.String[];org.objectweb.asm.ByteVector;org.objectweb.asm.Attribute;org.objectweb.asm.ClassVisitor;org.objectweb.asm.ClassWriter;byte[]
org.objectweb.asm.MethodWriter;25;char[];java.io.InputStream;org.objectweb.asm.Handle;org.objectweb.asm.ClassReader;int[];org.objectweb.asm.MethodVisitor;org.objectweb.asm.Item;org.objectweb.asm.TypePath;org.objectweb.asm.Item[];org.objectweb.asm.Frame;org.objectweb.asm.Label;org.objectweb.asm.Type[];org.objectweb.asm.AnnotationVisitor;java.lang.Object;org.objectweb.asm.MethodWriter;org.objectweb.asm.Context;org.objectweb.asm.Attribute[];org.objectweb.asm.Label[];java.lang.Object[];org.objectweb.asm.ByteVector;java.lang.String[];org.objectweb.asm.Attribute;org.objectweb.asm.ClassVisitor;org.objectweb.asm.ClassWriter;byte[]
org.objectweb.asm.tree.analysis.SimpleVerifier;10;char[];org.objectweb.asm.Type;org.objectweb.asm.tree.analysis.BasicValue;java.lang.StringBuffer;java.lang.Object;java.lang.Class<?>;java.lang.reflect.Method;java.lang.reflect.Constructor<?>;java.util.List<org.objectweb.asm.Type>;java.lang.ClassLoader
org.objectweb.asm.tree.analysis.BasicVerifier;36;java.io.InputStream;char[];java.util.List<? extends org.objectweb.asm.tree.analysis.BasicValue>;org.objectweb.asm.Handle;java.lang.Class<?>;org.objectweb.asm.ClassReader;int[];org.objectweb.asm.MethodVisitor;java.lang.reflect.Method;org.objectweb.asm.Item;org.objectweb.asm.tree.AbstractInsnNode;org.objectweb.asm.Type;org.objectweb.asm.TypePath;org.objectweb.asm.Item[];org.objectweb.asm.Frame;java.lang.reflect.Constructor<?>;org.objectweb.asm.Label;java.util.List<org.objectweb.asm.tree.LabelNode>;org.objectweb.asm.Type[];org.objectweb.asm.AnnotationVisitor;org.objectweb.asm.tree.analysis.BasicValue;org.objectweb.asm.tree.LabelNode;java.lang.StringBuffer;org.objectweb.asm.MethodWriter;java.lang.Object;org.objectweb.asm.Context;org.objectweb.asm.Attribute[];org.objectweb.asm.Label[];java.lang.Object[];java.util.Map<org.objectweb.asm.tree.LabelNode,org.objectweb.asm.tree.LabelNode>;java.lang.String[];org.objectweb.asm.ByteVector;org.objectweb.asm.Attribute;org.objectweb.asm.ClassVisitor;org.objectweb.asm.ClassWriter;byte[]
org.objectweb.asm.optimizer.MethodOptimizer;33;java.io.InputStream;char[];org.objectweb.asm.Handle;java.lang.Class<?>;org.objectweb.asm.ClassReader;int[];org.objectweb.asm.MethodVisitor;java.lang.reflect.Method;org.objectweb.asm.Item;org.objectweb.asm.Type;org.objectweb.asm.TypePath;org.objectweb.asm.Item[];org.objectweb.asm.Frame;java.lang.reflect.Constructor<?>;org.objectweb.asm.optimizer.ClassOptimizer;org.objectweb.asm.Label;org.objectweb.asm.Type[];org.objectweb.asm.AnnotationVisitor;java.lang.StringBuffer;org.objectweb.asm.commons.Remapper;java.lang.Object;org.objectweb.asm.MethodWriter;org.objectweb.asm.Context;org.objectweb.asm.Attribute[];org.objectweb.asm.Label[];java.lang.Object[];org.objectweb.asm.signature.SignatureVisitor;java.lang.String[];org.objectweb.asm.ByteVector;org.objectweb.asm.Attribute;org.objectweb.asm.ClassVisitor;org.objectweb.asm.ClassWriter;byte[]
org.objectweb.asm.commons.RemappingMethodAdapter;32;char[];java.io.InputStream;org.objectweb.asm.Handle;java.lang.Class<?>;org.objectweb.asm.ClassReader;org.objectweb.asm.MethodVisitor;int[];java.lang.reflect.Method;org.objectweb.asm.Item;org.objectweb.asm.Type;org.objectweb.asm.TypePath;org.objectweb.asm.Item[];org.objectweb.asm.Frame;java.lang.reflect.Constructor<?>;org.objectweb.asm.Label;org.objectweb.asm.Type[];org.objectweb.asm.AnnotationVisitor;java.lang.StringBuffer;org.objectweb.asm.commons.Remapper;java.lang.Object;org.objectweb.asm.MethodWriter;org.objectweb.asm.Context;org.objectweb.asm.Attribute[];org.objectweb.asm.Label[];java.lang.Object[];org.objectweb.asm.signature.SignatureVisitor;org.objectweb.asm.ByteVector;java.lang.String[];org.objectweb.asm.Attribute;org.objectweb.asm.ClassVisitor;org.objectweb.asm.ClassWriter;byte[]
org.objectweb.asm.commons.Method;8;char[];org.objectweb.asm.Type;java.lang.StringBuffer;java.lang.Object;java.lang.Class<?>;java.lang.reflect.Method;java.lang.reflect.Constructor<?>;org.objectweb.asm.Type[]
org.objectweb.asm.util.CheckClassAdapter;29;java.io.InputStream;char[];org.objectweb.asm.Handle;org.objectweb.asm.ClassReader;int[];org.objectweb.asm.MethodVisitor;org.objectweb.asm.Item;org.objectweb.asm.TypePath;java.io.PrintWriter;org.objectweb.asm.Item[];org.objectweb.asm.Frame;org.objectweb.asm.Label;org.objectweb.asm.Type[];org.objectweb.asm.AnnotationVisitor;org.objectweb.asm.tree.MethodNode;org.objectweb.asm.MethodWriter;java.lang.Object;org.objectweb.asm.Context;org.objectweb.asm.Attribute[];java.lang.ClassLoader;org.objectweb.asm.Label[];java.lang.Object[];java.lang.String[];org.objectweb.asm.ByteVector;org.objectweb.asm.Attribute;org.objectweb.asm.ClassVisitor;org.objectweb.asm.ClassWriter;byte[];org.objectweb.asm.tree.analysis.Analyzer<org.objectweb.asm.tree.analysis.BasicValue>
org.objectweb.asm.commons.RemappingFieldAdapter;33;java.io.InputStream;char[];org.objectweb.asm.FieldVisitor;org.objectweb.asm.Handle;java.lang.Class<?>;org.objectweb.asm.ClassReader;int[];org.objectweb.asm.MethodVisitor;java.lang.reflect.Method;org.objectweb.asm.Item;org.objectweb.asm.Type;org.objectweb.asm.TypePath;org.objectweb.asm.Item[];org.objectweb.asm.Frame;java.lang.reflect.Constructor<?>;org.objectweb.asm.Label;org.objectweb.asm.Type[];org.objectweb.asm.AnnotationVisitor;java.lang.StringBuffer;org.objectweb.asm.commons.Remapper;org.objectweb.asm.MethodWriter;java.lang.Object;org.objectweb.asm.Context;org.objectweb.asm.Attribute[];org.objectweb.asm.Label[];java.lang.Object[];org.objectweb.asm.signature.SignatureVisitor;org.objectweb.asm.ByteVector;java.lang.String[];org.objectweb.asm.Attribute;org.objectweb.asm.ClassVisitor;org.objectweb.asm.ClassWriter;byte[]
org.objectweb.asm.tree.TryCatchBlockNode;27;char[];java.io.InputStream;org.objectweb.asm.Handle;org.objectweb.asm.ClassReader;int[];org.objectweb.asm.MethodVisitor;org.objectweb.asm.Item;org.objectweb.asm.TypePath;org.objectweb.asm.Item[];org.objectweb.asm.Frame;org.objectweb.asm.Label;org.objectweb.asm.Type[];org.objectweb.asm.AnnotationVisitor;org.objectweb.asm.tree.LabelNode;java.lang.Object;org.objectweb.asm.MethodWriter;org.objectweb.asm.Context;org.objectweb.asm.Attribute[];org.objectweb.asm.Label[];java.lang.Object[];java.util.Map<org.objectweb.asm.tree.LabelNode,org.objectweb.asm.tree.LabelNode>;java.lang.String[];org.objectweb.asm.ByteVector;org.objectweb.asm.Attribute;org.objectweb.asm.ClassVisitor;org.objectweb.asm.ClassWriter;byte[]
org.objectweb.asm.optimizer.ConstantPool;26;char[];java.io.InputStream;org.objectweb.asm.optimizer.Constant;org.objectweb.asm.Handle;org.objectweb.asm.ClassReader;org.objectweb.asm.MethodVisitor;int[];org.objectweb.asm.Item;org.objectweb.asm.TypePath;org.objectweb.asm.Item[];org.objectweb.asm.Frame;org.objectweb.asm.Label;org.objectweb.asm.Type[];org.objectweb.asm.AnnotationVisitor;java.lang.Object;org.objectweb.asm.MethodWriter;org.objectweb.asm.Context;org.objectweb.asm.Attribute[];org.objectweb.asm.Label[];java.lang.Object[];org.objectweb.asm.ByteVector;java.lang.String[];org.objectweb.asm.Attribute;org.objectweb.asm.ClassVisitor;org.objectweb.asm.ClassWriter;byte[]
org.objectweb.asm.Attribute;25;java.io.InputStream;char[];org.objectweb.asm.Handle;org.objectweb.asm.ClassReader;org.objectweb.asm.MethodVisitor;int[];org.objectweb.asm.Item;org.objectweb.asm.TypePath;org.objectweb.asm.Item[];org.objectweb.asm.Frame;org.objectweb.asm.Label;org.objectweb.asm.Type[];org.objectweb.asm.AnnotationVisitor;java.lang.Object;org.objectweb.asm.MethodWriter;org.objectweb.asm.Context;org.objectweb.asm.Attribute[];org.objectweb.asm.Label[];java.lang.Object[];java.lang.String[];org.objectweb.asm.ByteVector;org.objectweb.asm.Attribute;org.objectweb.asm.ClassVisitor;org.objectweb.asm.ClassWriter;byte[]
org.objectweb.asm.tree.InnerClassNode;25;char[];java.io.InputStream;org.objectweb.asm.Handle;org.objectweb.asm.ClassReader;int[];org.objectweb.asm.MethodVisitor;org.objectweb.asm.Item;org.objectweb.asm.TypePath;org.objectweb.asm.Item[];org.objectweb.asm.Frame;org.objectweb.asm.Label;org.objectweb.asm.Type[];org.objectweb.asm.AnnotationVisitor;java.lang.Object;org.objectweb.asm.MethodWriter;org.objectweb.asm.Context;org.objectweb.asm.Attribute[];org.objectweb.asm.Label[];java.lang.Object[];java.lang.String[];org.objectweb.asm.ByteVector;org.objectweb.asm.Attribute;org.objectweb.asm.ClassVisitor;org.objectweb.asm.ClassWriter;byte[]
org.objectweb.asm.tree.FieldInsnNode;26;char[];java.io.InputStream;org.objectweb.asm.Handle;org.objectweb.asm.ClassReader;int[];org.objectweb.asm.MethodVisitor;org.objectweb.asm.Item;org.objectweb.asm.TypePath;org.objectweb.asm.Item[];org.objectweb.asm.Frame;org.objectweb.asm.Label;org.objectweb.asm.Type[];org.objectweb.asm.AnnotationVisitor;java.lang.Object;org.objectweb.asm.MethodWriter;org.objectweb.asm.Context;org.objectweb.asm.Attribute[];org.objectweb.asm.Label[];java.lang.Object[];java.util.Map<org.objectweb.asm.tree.LabelNode,org.objectweb.asm.tree.LabelNode>;org.objectweb.asm.ByteVector;java.lang.String[];org.objectweb.asm.Attribute;org.objectweb.asm.ClassVisitor;org.objectweb.asm.ClassWriter;byte[]
org.objectweb.asm.commons.SimpleRemapper;1;java.util.Map<java.lang.String,java.lang.String>
org.objectweb.asm.TypePath;1;byte[]
org.objectweb.asm.xml.SAXCodeAdapter;28;char[];java.io.InputStream;org.objectweb.asm.Handle;org.objectweb.asm.ClassReader;int[];org.objectweb.asm.MethodVisitor;org.objectweb.asm.Item;org.objectweb.asm.xml.SAXAdapter;org.objectweb.asm.TypePath;org.objectweb.asm.Item[];org.objectweb.asm.Frame;org.objectweb.asm.Label;org.objectweb.asm.Type[];org.objectweb.asm.AnnotationVisitor;org.objectweb.asm.MethodWriter;java.lang.Object;org.objectweb.asm.Context;org.objectweb.asm.Attribute[];org.xml.sax.ContentHandler;org.objectweb.asm.Label[];java.lang.Object[];org.objectweb.asm.ByteVector;java.lang.String[];org.objectweb.asm.Attribute;org.xml.sax.Attributes;org.objectweb.asm.ClassVisitor;org.objectweb.asm.ClassWriter;byte[]
org.objectweb.asm.Label;25;char[];java.io.InputStream;org.objectweb.asm.Handle;org.objectweb.asm.ClassReader;int[];org.objectweb.asm.MethodVisitor;org.objectweb.asm.Item;org.objectweb.asm.TypePath;org.objectweb.asm.Item[];org.objectweb.asm.Frame;org.objectweb.asm.Label;org.objectweb.asm.Type[];org.objectweb.asm.AnnotationVisitor;java.lang.Object;org.objectweb.asm.MethodWriter;org.objectweb.asm.Context;org.objectweb.asm.Attribute[];org.objectweb.asm.Label[];java.lang.Object[];org.objectweb.asm.ByteVector;java.lang.String[];org.objectweb.asm.Attribute;org.objectweb.asm.ClassVisitor;org.objectweb.asm.ClassWriter;byte[]
org.objectweb.asm.tree.IntInsnNode;26;char[];java.io.InputStream;org.objectweb.asm.Handle;org.objectweb.asm.ClassReader;int[];org.objectweb.asm.MethodVisitor;org.objectweb.asm.Item;org.objectweb.asm.TypePath;org.objectweb.asm.Item[];org.objectweb.asm.Frame;org.objectweb.asm.Label;org.objectweb.asm.Type[];org.objectweb.asm.AnnotationVisitor;java.lang.Object;org.objectweb.asm.MethodWriter;org.objectweb.asm.Context;org.objectweb.asm.Attribute[];org.objectweb.asm.Label[];java.lang.Object[];java.util.Map<org.objectweb.asm.tree.LabelNode,org.objectweb.asm.tree.LabelNode>;org.objectweb.asm.ByteVector;java.lang.String[];org.objectweb.asm.Attribute;org.objectweb.asm.ClassVisitor;org.objectweb.asm.ClassWriter;byte[]
org.objectweb.asm.commons.StaticInitMerger;25;char[];java.io.InputStream;org.objectweb.asm.Handle;org.objectweb.asm.ClassReader;int[];org.objectweb.asm.MethodVisitor;org.objectweb.asm.Item;org.objectweb.asm.TypePath;org.objectweb.asm.Item[];org.objectweb.asm.Frame;org.objectweb.asm.Label;org.objectweb.asm.Type[];org.objectweb.asm.AnnotationVisitor;java.lang.Object;org.objectweb.asm.MethodWriter;org.objectweb.asm.Context;org.objectweb.asm.Attribute[];org.objectweb.asm.Label[];java.lang.Object[];java.lang.String[];org.objectweb.asm.ByteVector;org.objectweb.asm.Attribute;org.objectweb.asm.ClassVisitor;org.objectweb.asm.ClassWriter;byte[]
org.objectweb.asm.tree.analysis.BasicInterpreter;36;java.io.InputStream;char[];java.util.List<? extends org.objectweb.asm.tree.analysis.BasicValue>;org.objectweb.asm.Handle;java.lang.Class<?>;org.objectweb.asm.ClassReader;int[];org.objectweb.asm.MethodVisitor;java.lang.reflect.Method;org.objectweb.asm.Item;org.objectweb.asm.tree.AbstractInsnNode;org.objectweb.asm.Type;org.objectweb.asm.TypePath;org.objectweb.asm.Item[];org.objectweb.asm.Frame;java.lang.reflect.Constructor<?>;org.objectweb.asm.Label;java.util.List<org.objectweb.asm.tree.LabelNode>;org.objectweb.asm.Type[];org.objectweb.asm.AnnotationVisitor;org.objectweb.asm.tree.analysis.BasicValue;org.objectweb.asm.tree.LabelNode;java.lang.StringBuffer;org.objectweb.asm.MethodWriter;java.lang.Object;org.objectweb.asm.Context;org.objectweb.asm.Attribute[];org.objectweb.asm.Label[];java.lang.Object[];java.util.Map<org.objectweb.asm.tree.LabelNode,org.objectweb.asm.tree.LabelNode>;java.lang.String[];org.objectweb.asm.ByteVector;org.objectweb.asm.Attribute;org.objectweb.asm.ClassVisitor;org.objectweb.asm.ClassWriter;byte[]
org.objectweb.asm.tree.analysis.Subroutine;29;char[];java.io.InputStream;org.objectweb.asm.Handle;org.objectweb.asm.ClassReader;int[];org.objectweb.asm.MethodVisitor;org.objectweb.asm.Item;org.objectweb.asm.tree.JumpInsnNode;org.objectweb.asm.TypePath;org.objectweb.asm.Item[];org.objectweb.asm.Frame;org.objectweb.asm.Label;org.objectweb.asm.Type[];org.objectweb.asm.AnnotationVisitor;org.objectweb.asm.tree.LabelNode;org.objectweb.asm.tree.analysis.Subroutine;java.lang.Object;org.objectweb.asm.MethodWriter;org.objectweb.asm.Context;org.objectweb.asm.Attribute[];org.objectweb.asm.Label[];java.lang.Object[];java.util.Map<org.objectweb.asm.tree.LabelNode,org.objectweb.asm.tree.LabelNode>;java.lang.String[];org.objectweb.asm.ByteVector;org.objectweb.asm.Attribute;org.objectweb.asm.ClassVisitor;org.objectweb.asm.ClassWriter;byte[]
org.objectweb.asm.util.TraceFieldVisitor;30;char[];java.io.InputStream;org.objectweb.asm.FieldVisitor;org.objectweb.asm.Handle;org.objectweb.asm.ClassReader;int[];org.objectweb.asm.MethodVisitor;org.objectweb.asm.Item;org.objectweb.asm.TypePath;java.io.PrintWriter;org.objectweb.asm.Item[];org.objectweb.asm.Frame;org.objectweb.asm.Label;org.objectweb.asm.Type[];org.objectweb.asm.AnnotationVisitor;java.lang.StringBuffer;org.objectweb.asm.MethodWriter;java.lang.Object;org.objectweb.asm.Context;org.objectweb.asm.Attribute[];org.objectweb.asm.Label[];java.lang.Object[];java.lang.String[];org.objectweb.asm.ByteVector;org.objectweb.asm.Attribute;org.objectweb.asm.util.Printer;java.util.List<?>;org.objectweb.asm.ClassVisitor;org.objectweb.asm.ClassWriter;byte[]
org.objectweb.asm.tree.LineNumberNode;27;char[];java.io.InputStream;org.objectweb.asm.Handle;org.objectweb.asm.ClassReader;int[];org.objectweb.asm.MethodVisitor;org.objectweb.asm.Item;org.objectweb.asm.TypePath;org.objectweb.asm.Item[];org.objectweb.asm.Frame;org.objectweb.asm.Label;org.objectweb.asm.Type[];org.objectweb.asm.AnnotationVisitor;org.objectweb.asm.tree.LabelNode;java.lang.Object;org.objectweb.asm.MethodWriter;org.objectweb.asm.Context;org.objectweb.asm.Attribute[];org.objectweb.asm.Label[];java.lang.Object[];java.util.Map<org.objectweb.asm.tree.LabelNode,org.objectweb.asm.tree.LabelNode>;java.lang.String[];org.objectweb.asm.ByteVector;org.objectweb.asm.Attribute;org.objectweb.asm.ClassVisitor;org.objectweb.asm.ClassWriter;byte[]
org.objectweb.asm.tree.analysis.AnalyzerException;31;char[];java.io.InputStream;org.objectweb.asm.Handle;org.objectweb.asm.ClassReader;int[];org.objectweb.asm.MethodVisitor;org.objectweb.asm.tree.analysis.Value;org.objectweb.asm.Item;org.objectweb.asm.tree.AbstractInsnNode;org.objectweb.asm.TypePath;org.objectweb.asm.Item[];java.lang.Throwable;org.objectweb.asm.Frame;org.objectweb.asm.Label;java.util.List<org.objectweb.asm.tree.LabelNode>;org.objectweb.asm.Type[];org.objectweb.asm.AnnotationVisitor;org.objectweb.asm.tree.LabelNode;org.objectweb.asm.MethodWriter;java.lang.Object;org.objectweb.asm.Context;org.objectweb.asm.Attribute[];org.objectweb.asm.Label[];java.lang.Object[];java.util.Map<org.objectweb.asm.tree.LabelNode,org.objectweb.asm.tree.LabelNode>;java.lang.String[];org.objectweb.asm.ByteVector;org.objectweb.asm.Attribute;org.objectweb.asm.ClassVisitor;org.objectweb.asm.ClassWriter;byte[]
org.objectweb.asm.tree.AnnotationNode;3;org.objectweb.asm.AnnotationVisitor;java.lang.Object;java.util.List<java.lang.Object>
org.objectweb.asm.optimizer.AnnotationConstantsCollector;27;char[];java.io.InputStream;org.objectweb.asm.Handle;org.objectweb.asm.optimizer.Constant;org.objectweb.asm.ClassReader;org.objectweb.asm.MethodVisitor;int[];org.objectweb.asm.Item;org.objectweb.asm.TypePath;org.objectweb.asm.Item[];org.objectweb.asm.Frame;org.objectweb.asm.Label;org.objectweb.asm.Type[];org.objectweb.asm.AnnotationVisitor;java.lang.Object;org.objectweb.asm.MethodWriter;org.objectweb.asm.Context;org.objectweb.asm.Attribute[];org.objectweb.asm.Label[];java.lang.Object[];org.objectweb.asm.optimizer.ConstantPool;java.lang.String[];org.objectweb.asm.ByteVector;org.objectweb.asm.Attribute;org.objectweb.asm.ClassVisitor;org.objectweb.asm.ClassWriter;byte[]
org.objectweb.asm.commons.RemappingSignatureAdapter;10;org.objectweb.asm.Type;char[];java.lang.StringBuffer;org.objectweb.asm.commons.Remapper;java.lang.Object;java.lang.Class<?>;org.objectweb.asm.signature.SignatureVisitor;java.lang.String[];java.lang.reflect.Method;java.lang.reflect.Constructor<?>
org.objectweb.asm.optimizer.FieldConstantsCollector;28;char[];java.io.InputStream;org.objectweb.asm.FieldVisitor;org.objectweb.asm.optimizer.Constant;org.objectweb.asm.Handle;org.objectweb.asm.ClassReader;org.objectweb.asm.MethodVisitor;int[];org.objectweb.asm.Item;org.objectweb.asm.TypePath;org.objectweb.asm.Item[];org.objectweb.asm.Frame;org.objectweb.asm.Label;org.objectweb.asm.Type[];org.objectweb.asm.AnnotationVisitor;java.lang.Object;org.objectweb.asm.MethodWriter;org.objectweb.asm.Context;org.objectweb.asm.Attribute[];org.objectweb.asm.Label[];java.lang.Object[];org.objectweb.asm.optimizer.ConstantPool;org.objectweb.asm.ByteVector;java.lang.String[];org.objectweb.asm.Attribute;org.objectweb.asm.ClassVisitor;org.objectweb.asm.ClassWriter;byte[]
org.objectweb.asm.tree.MethodInsnNode;26;char[];java.io.InputStream;org.objectweb.asm.Handle;org.objectweb.asm.ClassReader;int[];org.objectweb.asm.MethodVisitor;org.objectweb.asm.Item;org.objectweb.asm.TypePath;org.objectweb.asm.Item[];org.objectweb.asm.Frame;org.objectweb.asm.Label;org.objectweb.asm.Type[];org.objectweb.asm.AnnotationVisitor;java.lang.Object;org.objectweb.asm.MethodWriter;org.objectweb.asm.Context;org.objectweb.asm.Attribute[];org.objectweb.asm.Label[];java.lang.Object[];java.util.Map<org.objectweb.asm.tree.LabelNode,org.objectweb.asm.tree.LabelNode>;org.objectweb.asm.ByteVector;java.lang.String[];org.objectweb.asm.Attribute;org.objectweb.asm.ClassVisitor;org.objectweb.asm.ClassWriter;byte[]
org.objectweb.asm.ClassVisitor;25;java.io.InputStream;char[];org.objectweb.asm.Handle;org.objectweb.asm.ClassReader;org.objectweb.asm.MethodVisitor;int[];org.objectweb.asm.Item;org.objectweb.asm.TypePath;org.objectweb.asm.Item[];org.objectweb.asm.Frame;org.objectweb.asm.Label;org.objectweb.asm.Type[];org.objectweb.asm.AnnotationVisitor;java.lang.Object;org.objectweb.asm.MethodWriter;org.objectweb.asm.Context;org.objectweb.asm.Attribute[];org.objectweb.asm.Label[];java.lang.Object[];org.objectweb.asm.ByteVector;java.lang.String[];org.objectweb.asm.Attribute;org.objectweb.asm.ClassVisitor;org.objectweb.asm.ClassWriter;byte[]
org.objectweb.asm.util.TraceSignatureVisitor;1;java.lang.StringBuffer
org.objectweb.asm.commons.CodeSizeEvaluator;25;char[];java.io.InputStream;org.objectweb.asm.Handle;org.objectweb.asm.ClassReader;org.objectweb.asm.MethodVisitor;int[];org.objectweb.asm.Item;org.objectweb.asm.TypePath;org.objectweb.asm.Item[];org.objectweb.asm.Frame;org.objectweb.asm.Label;org.objectweb.asm.Type[];org.objectweb.asm.AnnotationVisitor;org.objectweb.asm.MethodWriter;java.lang.Object;org.objectweb.asm.Context;org.objectweb.asm.Attribute[];org.objectweb.asm.Label[];java.lang.Object[];java.lang.String[];org.objectweb.asm.ByteVector;org.objectweb.asm.Attribute;org.objectweb.asm.ClassVisitor;org.objectweb.asm.ClassWriter;byte[]
org.objectweb.asm.FieldVisitor;26;java.io.InputStream;char[];org.objectweb.asm.FieldVisitor;org.objectweb.asm.Handle;org.objectweb.asm.ClassReader;org.objectweb.asm.MethodVisitor;int[];org.objectweb.asm.Item;org.objectweb.asm.TypePath;org.objectweb.asm.Item[];org.objectweb.asm.Frame;org.objectweb.asm.Label;org.objectweb.asm.Type[];org.objectweb.asm.AnnotationVisitor;java.lang.Object;org.objectweb.asm.MethodWriter;org.objectweb.asm.Context;org.objectweb.asm.Attribute[];org.objectweb.asm.Label[];java.lang.Object[];org.objectweb.asm.ByteVector;java.lang.String[];org.objectweb.asm.Attribute;org.objectweb.asm.ClassVisitor;org.objectweb.asm.ClassWriter;byte[]
org.objectweb.asm.Handler;26;char[];java.io.InputStream;org.objectweb.asm.Handle;org.objectweb.asm.Handler;org.objectweb.asm.ClassReader;int[];org.objectweb.asm.MethodVisitor;org.objectweb.asm.Item;org.objectweb.asm.TypePath;org.objectweb.asm.Item[];org.objectweb.asm.Frame;org.objectweb.asm.Label;org.objectweb.asm.Type[];org.objectweb.asm.AnnotationVisitor;java.lang.Object;org.objectweb.asm.MethodWriter;org.objectweb.asm.Context;org.objectweb.asm.Attribute[];org.objectweb.asm.Label[];java.lang.Object[];java.lang.String[];org.objectweb.asm.ByteVector;org.objectweb.asm.Attribute;org.objectweb.asm.ClassVisitor;org.objectweb.asm.ClassWriter;byte[]
org.objectweb.asm.tree.TypeInsnNode;26;char[];java.io.InputStream;org.objectweb.asm.Handle;org.objectweb.asm.ClassReader;int[];org.objectweb.asm.MethodVisitor;org.objectweb.asm.Item;org.objectweb.asm.TypePath;org.objectweb.asm.Item[];org.objectweb.asm.Frame;org.objectweb.asm.Label;org.objectweb.asm.Type[];org.objectweb.asm.AnnotationVisitor;java.lang.Object;org.objectweb.asm.MethodWriter;org.objectweb.asm.Context;org.objectweb.asm.Attribute[];org.objectweb.asm.Label[];java.lang.Object[];java.util.Map<org.objectweb.asm.tree.LabelNode,org.objectweb.asm.tree.LabelNode>;org.objectweb.asm.ByteVector;java.lang.String[];org.objectweb.asm.Attribute;org.objectweb.asm.ClassVisitor;org.objectweb.asm.ClassWriter;byte[]
org.objectweb.asm.tree.LdcInsnNode;26;char[];java.io.InputStream;org.objectweb.asm.Handle;org.objectweb.asm.ClassReader;int[];org.objectweb.asm.MethodVisitor;org.objectweb.asm.Item;org.objectweb.asm.TypePath;org.objectweb.asm.Item[];org.objectweb.asm.Frame;org.objectweb.asm.Label;org.objectweb.asm.Type[];org.objectweb.asm.AnnotationVisitor;org.objectweb.asm.MethodWriter;java.lang.Object;org.objectweb.asm.Context;org.objectweb.asm.Attribute[];org.objectweb.asm.Label[];java.lang.Object[];java.util.Map<org.objectweb.asm.tree.LabelNode,org.objectweb.asm.tree.LabelNode>;org.objectweb.asm.ByteVector;java.lang.String[];org.objectweb.asm.Attribute;org.objectweb.asm.ClassVisitor;org.objectweb.asm.ClassWriter;byte[]
org.objectweb.asm.util.CheckAnnotationAdapter;2;org.objectweb.asm.AnnotationVisitor;java.lang.Object
org.objectweb.asm.signature.SignatureWriter;0
org.objectweb.asm.commons.GeneratorAdapter;32;java.io.InputStream;char[];org.objectweb.asm.Handle;java.lang.Class<?>;org.objectweb.asm.ClassReader;org.objectweb.asm.MethodVisitor;int[];java.lang.reflect.Method;org.objectweb.asm.Item;org.objectweb.asm.Type;org.objectweb.asm.TypePath;org.objectweb.asm.Item[];org.objectweb.asm.Frame;org.objectweb.asm.commons.TableSwitchGenerator;java.lang.reflect.Constructor<?>;org.objectweb.asm.Label;org.objectweb.asm.Type[];org.objectweb.asm.AnnotationVisitor;java.lang.StringBuffer;java.lang.Object;org.objectweb.asm.MethodWriter;org.objectweb.asm.Context;org.objectweb.asm.commons.Method;org.objectweb.asm.Attribute[];org.objectweb.asm.Label[];java.lang.Object[];java.lang.String[];org.objectweb.asm.ByteVector;org.objectweb.asm.Attribute;org.objectweb.asm.ClassVisitor;org.objectweb.asm.ClassWriter;byte[]
org.objectweb.asm.ClassReader;25;char[];java.io.InputStream;org.objectweb.asm.Handle;org.objectweb.asm.ClassReader;org.objectweb.asm.MethodVisitor;int[];org.objectweb.asm.Item;org.objectweb.asm.TypePath;org.objectweb.asm.Item[];org.objectweb.asm.Frame;org.objectweb.asm.Label;org.objectweb.asm.Type[];org.objectweb.asm.AnnotationVisitor;java.lang.Object;org.objectweb.asm.MethodWriter;org.objectweb.asm.Context;org.objectweb.asm.Attribute[];org.objectweb.asm.Label[];java.lang.Object[];java.lang.String[];org.objectweb.asm.ByteVector;org.objectweb.asm.Attribute;org.objectweb.asm.ClassVisitor;org.objectweb.asm.ClassWriter;byte[]
org.objectweb.asm.tree.analysis.Interpreter;36;java.io.InputStream;char[];org.objectweb.asm.Handle;java.lang.Class<?>;org.objectweb.asm.ClassReader;int[];org.objectweb.asm.MethodVisitor;java.util.List<? extends V>;java.lang.reflect.Method;org.objectweb.asm.Item;org.objectweb.asm.tree.AbstractInsnNode;org.objectweb.asm.Type;org.objectweb.asm.TypePath;V;org.objectweb.asm.Item[];org.objectweb.asm.Frame;java.lang.reflect.Constructor<?>;org.objectweb.asm.Label;java.util.List<org.objectweb.asm.tree.LabelNode>;org.objectweb.asm.Type[];org.objectweb.asm.AnnotationVisitor;org.objectweb.asm.tree.LabelNode;java.lang.StringBuffer;org.objectweb.asm.MethodWriter;java.lang.Object;org.objectweb.asm.Context;org.objectweb.asm.Attribute[];org.objectweb.asm.Label[];java.lang.Object[];java.util.Map<org.objectweb.asm.tree.LabelNode,org.objectweb.asm.tree.LabelNode>;java.lang.String[];org.objectweb.asm.ByteVector;org.objectweb.asm.Attribute;org.objectweb.asm.ClassVisitor;org.objectweb.asm.ClassWriter;byte[]
org.objectweb.asm.tree.LocalVariableAnnotationNode;26;char[];java.io.InputStream;org.objectweb.asm.Handle;org.objectweb.asm.ClassReader;int[];org.objectweb.asm.MethodVisitor;org.objectweb.asm.Item;org.objectweb.asm.TypePath;org.objectweb.asm.Item[];org.objectweb.asm.tree.LabelNode[];org.objectweb.asm.Frame;org.objectweb.asm.Label;org.objectweb.asm.Type[];org.objectweb.asm.AnnotationVisitor;java.lang.Object;org.objectweb.asm.MethodWriter;org.objectweb.asm.Context;org.objectweb.asm.Attribute[];org.objectweb.asm.Label[];java.lang.Object[];org.objectweb.asm.ByteVector;java.lang.String[];org.objectweb.asm.Attribute;org.objectweb.asm.ClassVisitor;org.objectweb.asm.ClassWriter;byte[]
org.objectweb.asm.optimizer.MethodConstantsCollector;27;char[];java.io.InputStream;org.objectweb.asm.optimizer.Constant;org.objectweb.asm.Handle;org.objectweb.asm.ClassReader;org.objectweb.asm.MethodVisitor;int[];org.objectweb.asm.Item;org.objectweb.asm.TypePath;org.objectweb.asm.Item[];org.objectweb.asm.Frame;org.objectweb.asm.Label;org.objectweb.asm.Type[];org.objectweb.asm.AnnotationVisitor;java.lang.Object;org.objectweb.asm.MethodWriter;org.objectweb.asm.Context;org.objectweb.asm.Attribute[];org.objectweb.asm.Label[];java.lang.Object[];org.objectweb.asm.optimizer.ConstantPool;org.objectweb.asm.ByteVector;java.lang.String[];org.objectweb.asm.Attribute;org.objectweb.asm.ClassVisitor;org.objectweb.asm.ClassWriter;byte[]
org.objectweb.asm.optimizer.NameMapping;7;char[];org.objectweb.asm.Type;java.lang.StringBuffer;java.lang.Object;java.lang.Class<?>;java.lang.reflect.Method;java.lang.reflect.Constructor<?>
org.objectweb.asm.commons.LocalVariablesSorter;30;char[];java.io.InputStream;org.objectweb.asm.Handle;java.lang.Class<?>;org.objectweb.asm.ClassReader;org.objectweb.asm.MethodVisitor;int[];java.lang.reflect.Method;org.objectweb.asm.Item;org.objectweb.asm.Type;org.objectweb.asm.TypePath;org.objectweb.asm.Item[];org.objectweb.asm.Frame;java.lang.reflect.Constructor<?>;org.objectweb.asm.Label;org.objectweb.asm.Type[];org.objectweb.asm.AnnotationVisitor;java.lang.StringBuffer;java.lang.Object;org.objectweb.asm.MethodWriter;org.objectweb.asm.Context;org.objectweb.asm.Attribute[];org.objectweb.asm.Label[];java.lang.Object[];java.lang.String[];org.objectweb.asm.ByteVector;org.objectweb.asm.Attribute;org.objectweb.asm.ClassVisitor;org.objectweb.asm.ClassWriter;byte[]
org.objectweb.asm.tree.TableSwitchInsnNode;27;char[];java.io.InputStream;org.objectweb.asm.Handle;org.objectweb.asm.ClassReader;int[];org.objectweb.asm.MethodVisitor;org.objectweb.asm.Item;org.objectweb.asm.TypePath;org.objectweb.asm.Item[];org.objectweb.asm.Frame;org.objectweb.asm.Label;org.objectweb.asm.Type[];org.objectweb.asm.AnnotationVisitor;org.objectweb.asm.tree.LabelNode;java.lang.Object;org.objectweb.asm.MethodWriter;org.objectweb.asm.Context;org.objectweb.asm.Attribute[];org.objectweb.asm.Label[];java.lang.Object[];java.util.Map<org.objectweb.asm.tree.LabelNode,org.objectweb.asm.tree.LabelNode>;java.lang.String[];org.objectweb.asm.ByteVector;org.objectweb.asm.Attribute;org.objectweb.asm.ClassVisitor;org.objectweb.asm.ClassWriter;byte[]
org.objectweb.asm.commons.AdviceAdapter;25;char[];java.io.InputStream;org.objectweb.asm.Handle;org.objectweb.asm.ClassReader;org.objectweb.asm.MethodVisitor;int[];org.objectweb.asm.Item;org.objectweb.asm.TypePath;org.objectweb.asm.Item[];org.objectweb.asm.Frame;org.objectweb.asm.Label;org.objectweb.asm.Type[];org.objectweb.asm.AnnotationVisitor;org.objectweb.asm.MethodWriter;java.lang.Object;org.objectweb.asm.Context;org.objectweb.asm.Attribute[];org.objectweb.asm.Label[];java.lang.Object[];java.lang.String[];org.objectweb.asm.ByteVector;org.objectweb.asm.Attribute;org.objectweb.asm.ClassVisitor;org.objectweb.asm.ClassWriter;byte[]
org.objectweb.asm.util.TraceClassVisitor;29;char[];java.io.InputStream;org.objectweb.asm.Handle;org.objectweb.asm.ClassReader;int[];org.objectweb.asm.MethodVisitor;org.objectweb.asm.Item;org.objectweb.asm.TypePath;java.io.PrintWriter;org.objectweb.asm.Item[];org.objectweb.asm.Frame;org.objectweb.asm.Label;org.objectweb.asm.Type[];org.objectweb.asm.AnnotationVisitor;java.lang.StringBuffer;org.objectweb.asm.MethodWriter;java.lang.Object;org.objectweb.asm.Context;org.objectweb.asm.Attribute[];org.objectweb.asm.Label[];java.lang.Object[];java.lang.String[];org.objectweb.asm.ByteVector;org.objectweb.asm.Attribute;org.objectweb.asm.util.Printer;java.util.List<?>;org.objectweb.asm.ClassVisitor;org.objectweb.asm.ClassWriter;byte[]
org.objectweb.asm.Frame;25;char[];java.io.InputStream;org.objectweb.asm.Handle;org.objectweb.asm.ClassReader;int[];org.objectweb.asm.MethodVisitor;org.objectweb.asm.Item;org.objectweb.asm.TypePath;org.objectweb.asm.Item[];org.objectweb.asm.Frame;org.objectweb.asm.Label;org.objectweb.asm.Type[];org.objectweb.asm.AnnotationVisitor;java.lang.Object;org.objectweb.asm.MethodWriter;org.objectweb.asm.Context;org.objectweb.asm.Attribute[];org.objectweb.asm.Label[];java.lang.Object[];java.lang.String[];org.objectweb.asm.ByteVector;org.objectweb.asm.Attribute;org.objectweb.asm.ClassVisitor;org.objectweb.asm.ClassWriter;byte[]
org.objectweb.asm.optimizer.ClassOptimizer;32;char[];java.io.InputStream;org.objectweb.asm.Handle;java.lang.Class<?>;org.objectweb.asm.ClassReader;int[];org.objectweb.asm.MethodVisitor;java.lang.reflect.Method;org.objectweb.asm.Item;org.objectweb.asm.Type;org.objectweb.asm.TypePath;org.objectweb.asm.Item[];org.objectweb.asm.Frame;java.lang.reflect.Constructor<?>;org.objectweb.asm.Label;org.objectweb.asm.Type[];org.objectweb.asm.AnnotationVisitor;java.lang.StringBuffer;org.objectweb.asm.commons.Remapper;java.lang.Object;org.objectweb.asm.MethodWriter;org.objectweb.asm.Context;org.objectweb.asm.Attribute[];org.objectweb.asm.Label[];java.lang.Object[];org.objectweb.asm.signature.SignatureVisitor;org.objectweb.asm.ByteVector;java.lang.String[];org.objectweb.asm.Attribute;org.objectweb.asm.ClassVisitor;org.objectweb.asm.ClassWriter;byte[]
org.objectweb.asm.commons.JSRInlinerAdapter;35;java.io.InputStream;char[];org.objectweb.asm.Handle;org.objectweb.asm.ClassReader;int[];org.objectweb.asm.MethodVisitor;java.util.List<org.objectweb.asm.tree.LocalVariableNode>;java.util.List<org.objectweb.asm.tree.TryCatchBlockNode>;org.objectweb.asm.Item;org.objectweb.asm.tree.AbstractInsnNode;java.util.BitSet;org.objectweb.asm.TypePath;org.objectweb.asm.Item[];org.objectweb.asm.tree.InsnList;org.objectweb.asm.Frame;org.objectweb.asm.Label;java.util.List<org.objectweb.asm.tree.LabelNode>;org.objectweb.asm.Type[];org.objectweb.asm.AnnotationVisitor;org.objectweb.asm.tree.LabelNode;org.objectweb.asm.MethodWriter;java.lang.Object;org.objectweb.asm.Context;org.objectweb.asm.Attribute[];org.objectweb.asm.Label[];java.lang.Object[];org.objectweb.asm.commons.JSRInlinerAdapter.Instantiation;java.util.List<org.objectweb.asm.commons.JSRInlinerAdapter.Instantiation>;java.util.Map<org.objectweb.asm.tree.LabelNode,org.objectweb.asm.tree.LabelNode>;org.objectweb.asm.ByteVector;java.lang.String[];org.objectweb.asm.Attribute;org.objectweb.asm.ClassVisitor;org.objectweb.asm.ClassWriter;byte[]
org.objectweb.asm.tree.FrameNode;27;char[];java.io.InputStream;org.objectweb.asm.Handle;org.objectweb.asm.ClassReader;int[];org.objectweb.asm.MethodVisitor;org.objectweb.asm.Item;org.objectweb.asm.TypePath;org.objectweb.asm.Item[];org.objectweb.asm.Frame;org.objectweb.asm.Label;org.objectweb.asm.Type[];org.objectweb.asm.AnnotationVisitor;java.lang.Object;org.objectweb.asm.MethodWriter;org.objectweb.asm.Context;org.objectweb.asm.Attribute[];org.objectweb.asm.Label[];java.lang.Object[];java.util.Map<org.objectweb.asm.tree.LabelNode,org.objectweb.asm.tree.LabelNode>;java.lang.String[];org.objectweb.asm.ByteVector;org.objectweb.asm.Attribute;java.util.List<java.lang.Object>;org.objectweb.asm.ClassVisitor;org.objectweb.asm.ClassWriter;byte[]
org.objectweb.asm.AnnotationWriter;26;java.io.InputStream;char[];org.objectweb.asm.Handle;org.objectweb.asm.ClassReader;org.objectweb.asm.MethodVisitor;int[];org.objectweb.asm.Item;org.objectweb.asm.TypePath;org.objectweb.asm.Item[];org.objectweb.asm.Frame;org.objectweb.asm.Label;org.objectweb.asm.Type[];org.objectweb.asm.AnnotationVisitor;java.lang.Object;org.objectweb.asm.MethodWriter;org.objectweb.asm.AnnotationWriter[];org.objectweb.asm.Context;org.objectweb.asm.Attribute[];org.objectweb.asm.Label[];java.lang.Object[];org.objectweb.asm.ByteVector;java.lang.String[];org.objectweb.asm.Attribute;org.objectweb.asm.ClassVisitor;org.objectweb.asm.ClassWriter;byte[]
org.objectweb.asm.commons.RemappingClassAdapter;33;char[];java.io.InputStream;org.objectweb.asm.FieldVisitor;org.objectweb.asm.Handle;java.lang.Class<?>;org.objectweb.asm.ClassReader;org.objectweb.asm.MethodVisitor;int[];java.lang.reflect.Method;org.objectweb.asm.Item;org.objectweb.asm.Type;org.objectweb.asm.TypePath;org.objectweb.asm.Item[];org.objectweb.asm.Frame;java.lang.reflect.Constructor<?>;org.objectweb.asm.Label;org.objectweb.asm.Type[];org.objectweb.asm.AnnotationVisitor;org.objectweb.asm.commons.Remapper;java.lang.StringBuffer;org.objectweb.asm.MethodWriter;java.lang.Object;org.objectweb.asm.Context;org.objectweb.asm.Attribute[];org.objectweb.asm.Label[];java.lang.Object[];org.objectweb.asm.signature.SignatureVisitor;org.objectweb.asm.ByteVector;java.lang.String[];org.objectweb.asm.Attribute;org.objectweb.asm.ClassVisitor;org.objectweb.asm.ClassWriter;byte[]
org.objectweb.asm.commons.AnalyzerAdapter;26;char[];java.io.InputStream;org.objectweb.asm.Handle;org.objectweb.asm.ClassReader;org.objectweb.asm.MethodVisitor;int[];org.objectweb.asm.Item;org.objectweb.asm.TypePath;org.objectweb.asm.Item[];org.objectweb.asm.Frame;org.objectweb.asm.Label;org.objectweb.asm.Type[];org.objectweb.asm.AnnotationVisitor;org.objectweb.asm.MethodWriter;java.lang.Object;org.objectweb.asm.Context;org.objectweb.asm.Attribute[];org.objectweb.asm.Label[];java.lang.Object[];java.lang.String[];org.objectweb.asm.ByteVector;org.objectweb.asm.Attribute;java.util.List<java.lang.Object>;org.objectweb.asm.ClassVisitor;org.objectweb.asm.ClassWriter;byte[]
org.objectweb.asm.xml.SAXFieldAdapter;5;org.objectweb.asm.xml.SAXAdapter;org.objectweb.asm.TypePath;org.xml.sax.Attributes;org.xml.sax.ContentHandler;byte[]
org.objectweb.asm.tree.MultiANewArrayInsnNode;26;char[];java.io.InputStream;org.objectweb.asm.Handle;org.objectweb.asm.ClassReader;int[];org.objectweb.asm.MethodVisitor;org.objectweb.asm.Item;org.objectweb.asm.TypePath;org.objectweb.asm.Item[];org.objectweb.asm.Frame;org.objectweb.asm.Label;org.objectweb.asm.Type[];org.objectweb.asm.AnnotationVisitor;java.lang.Object;org.objectweb.asm.MethodWriter;org.objectweb.asm.Context;org.objectweb.asm.Attribute[];org.objectweb.asm.Label[];java.lang.Object[];java.util.Map<org.objectweb.asm.tree.LabelNode,org.objectweb.asm.tree.LabelNode>;org.objectweb.asm.ByteVector;java.lang.String[];org.objectweb.asm.Attribute;org.objectweb.asm.ClassVisitor;org.objectweb.asm.ClassWriter;byte[]
org.objectweb.asm.commons.InstructionAdapter;30;char[];java.io.InputStream;org.objectweb.asm.Handle;java.lang.Class<?>;org.objectweb.asm.ClassReader;org.objectweb.asm.MethodVisitor;int[];java.lang.reflect.Method;org.objectweb.asm.Item;org.objectweb.asm.Type;org.objectweb.asm.TypePath;org.objectweb.asm.Item[];org.objectweb.asm.Frame;java.lang.reflect.Constructor<?>;org.objectweb.asm.Label;org.objectweb.asm.Type[];org.objectweb.asm.AnnotationVisitor;java.lang.StringBuffer;java.lang.Object;org.objectweb.asm.MethodWriter;org.objectweb.asm.Context;org.objectweb.asm.Attribute[];org.objectweb.asm.Label[];java.lang.Object[];java.lang.String[];org.objectweb.asm.ByteVector;org.objectweb.asm.Attribute;org.objectweb.asm.ClassVisitor;org.objectweb.asm.ClassWriter;byte[]
org.objectweb.asm.Context;0
org.objectweb.asm.tree.ClassNode;25;java.io.InputStream;char[];org.objectweb.asm.Handle;org.objectweb.asm.ClassReader;org.objectweb.asm.MethodVisitor;int[];org.objectweb.asm.Item;org.objectweb.asm.TypePath;org.objectweb.asm.Item[];org.objectweb.asm.Frame;org.objectweb.asm.Label;org.objectweb.asm.Type[];org.objectweb.asm.AnnotationVisitor;java.lang.Object;org.objectweb.asm.MethodWriter;org.objectweb.asm.Context;org.objectweb.asm.Attribute[];org.objectweb.asm.Label[];java.lang.Object[];org.objectweb.asm.ByteVector;java.lang.String[];org.objectweb.asm.Attribute;org.objectweb.asm.ClassVisitor;org.objectweb.asm.ClassWriter;byte[]
org.objectweb.asm.tree.ParameterNode;25;char[];java.io.InputStream;org.objectweb.asm.Handle;org.objectweb.asm.ClassReader;int[];org.objectweb.asm.MethodVisitor;org.objectweb.asm.Item;org.objectweb.asm.TypePath;org.objectweb.asm.Item[];org.objectweb.asm.Frame;org.objectweb.asm.Label;org.objectweb.asm.Type[];org.objectweb.asm.AnnotationVisitor;java.lang.Object;org.objectweb.asm.MethodWriter;org.objectweb.asm.Context;org.objectweb.asm.Attribute[];org.objectweb.asm.Label[];java.lang.Object[];org.objectweb.asm.ByteVector;java.lang.String[];org.objectweb.asm.Attribute;org.objectweb.asm.ClassVisitor;org.objectweb.asm.ClassWriter;byte[]
org.objectweb.asm.TypeReference;0
org.objectweb.asm.signature.SignatureVisitor;0
org.objectweb.asm.commons.RemappingAnnotationAdapter;11;org.objectweb.asm.Type;char[];org.objectweb.asm.AnnotationVisitor;java.lang.StringBuffer;org.objectweb.asm.commons.Remapper;java.lang.Object;java.lang.Class<?>;org.objectweb.asm.signature.SignatureVisitor;java.lang.String[];java.lang.reflect.Method;java.lang.reflect.Constructor<?>
org.objectweb.asm.ByteVector;1;byte[]
org.objectweb.asm.util.Printer;28;char[];java.io.InputStream;org.objectweb.asm.Handle;org.objectweb.asm.ClassReader;int[];org.objectweb.asm.MethodVisitor;org.objectweb.asm.Item;org.objectweb.asm.TypePath;java.io.PrintWriter;org.objectweb.asm.Item[];org.objectweb.asm.Frame;org.objectweb.asm.Label;org.objectweb.asm.Type[];org.objectweb.asm.AnnotationVisitor;java.lang.StringBuffer;org.objectweb.asm.MethodWriter;java.lang.Object;org.objectweb.asm.Context;org.objectweb.asm.Attribute[];org.objectweb.asm.Label[];java.lang.Object[];java.lang.String[];org.objectweb.asm.ByteVector;org.objectweb.asm.Attribute;java.util.List<?>;org.objectweb.asm.ClassVisitor;org.objectweb.asm.ClassWriter;byte[]
org.objectweb.asm.tree.analysis.SmallSet;2;E;org.objectweb.asm.tree.analysis.SmallSet<E>
org.objectweb.asm.ClassWriter;25;char[];java.io.InputStream;org.objectweb.asm.Handle;org.objectweb.asm.ClassReader;int[];org.objectweb.asm.MethodVisitor;org.objectweb.asm.Item;org.objectweb.asm.TypePath;org.objectweb.asm.Item[];org.objectweb.asm.Frame;org.objectweb.asm.Label;org.objectweb.asm.Type[];org.objectweb.asm.AnnotationVisitor;org.objectweb.asm.MethodWriter;java.lang.Object;org.objectweb.asm.Context;org.objectweb.asm.Attribute[];org.objectweb.asm.Label[];java.lang.Object[];org.objectweb.asm.ByteVector;java.lang.String[];org.objectweb.asm.Attribute;org.objectweb.asm.ClassVisitor;org.objectweb.asm.ClassWriter;byte[]
org.objectweb.asm.tree.InvokeDynamicInsnNode;26;char[];java.io.InputStream;org.objectweb.asm.Handle;org.objectweb.asm.ClassReader;int[];org.objectweb.asm.MethodVisitor;org.objectweb.asm.Item;org.objectweb.asm.TypePath;org.objectweb.asm.Item[];org.objectweb.asm.Frame;org.objectweb.asm.Label;org.objectweb.asm.Type[];org.objectweb.asm.AnnotationVisitor;org.objectweb.asm.MethodWriter;java.lang.Object;org.objectweb.asm.Context;org.objectweb.asm.Attribute[];org.objectweb.asm.Label[];java.lang.Object[];java.util.Map<org.objectweb.asm.tree.LabelNode,org.objectweb.asm.tree.LabelNode>;org.objectweb.asm.ByteVector;java.lang.String[];org.objectweb.asm.Attribute;org.objectweb.asm.ClassVisitor;org.objectweb.asm.ClassWriter;byte[]
org.objectweb.asm.util.ASMifier;26;char[];java.io.InputStream;org.objectweb.asm.Handle;org.objectweb.asm.ClassReader;int[];org.objectweb.asm.MethodVisitor;org.objectweb.asm.Item;org.objectweb.asm.TypePath;org.objectweb.asm.Item[];org.objectweb.asm.Frame;org.objectweb.asm.Label;org.objectweb.asm.Type[];org.objectweb.asm.AnnotationVisitor;java.lang.StringBuffer;java.lang.Object;org.objectweb.asm.MethodWriter;org.objectweb.asm.Context;org.objectweb.asm.Attribute[];org.objectweb.asm.Label[];java.lang.Object[];java.lang.String[];org.objectweb.asm.ByteVector;org.objectweb.asm.Attribute;org.objectweb.asm.ClassVisitor;org.objectweb.asm.ClassWriter;byte[]
org.objectweb.asm.FieldWriter;25;java.io.InputStream;char[];org.objectweb.asm.Handle;org.objectweb.asm.ClassReader;org.objectweb.asm.MethodVisitor;int[];org.objectweb.asm.Item;org.objectweb.asm.TypePath;org.objectweb.asm.Item[];org.objectweb.asm.Frame;org.objectweb.asm.Label;org.objectweb.asm.Type[];org.objectweb.asm.AnnotationVisitor;java.lang.Object;org.objectweb.asm.MethodWriter;org.objectweb.asm.Context;org.objectweb.asm.Attribute[];org.objectweb.asm.Label[];java.lang.Object[];java.lang.String[];org.objectweb.asm.ByteVector;org.objectweb.asm.Attribute;org.objectweb.asm.ClassVisitor;org.objectweb.asm.ClassWriter;byte[]
