backtype.storm.clojure.ClojureBolt;9;Tuple;java.lang.Object;java.util.Map;java.util.List;TopologyContext;java.util.Map<java.lang.String,backtype.storm.clojure.StreamInfo>;OutputCollector;java.util.List<java.lang.Object>;OutputFieldsDeclarer
backtype.storm.generated.ComponentObject;10;backtype.storm.generated.ComponentObject._Fields;java.io.ObjectInputStream;backtype.storm.generated.ComponentObject;org.apache;java.io.ObjectOutputStream;java.lang.Object;JavaObject;java.nio.ByteBuffer;ShellComponent;byte[]
backtype.storm.messaging.netty.MessageBatch;2;TaskMessage;ChannelBufferOutputStream
backtype.storm.messaging.netty.Context;1;java.util.Map
backtype.storm.utils.KeyedRoundRobinQueue;2;V;java.lang.Object
backtype.storm.task.ShellBolt;9;Tuple;java.lang.Object;java.util.Map;java.lang.Throwable;TopologyContext;backtype.storm.task.ShellBolt;OutputCollector;ShellMsg;ShellComponent
backtype.storm.testing.OpaqueMemoryTransactionalSpout;9;java.util.Map;Fields;MemoryTransactionalSpoutMeta;java.util.Map<java.lang.Integer,java.util.List<java.util.List<java.lang.Object>>>;TopologyContext;java.lang.Integer;BatchOutputCollector;TransactionAttempt;OutputFieldsDeclarer
backtype.storm.metric.api.rpc.ReducedShellMetric;2;java.lang.Object;IReducer
backtype.storm.metric.LoggingMetricsConsumer;6;java.lang.Object;java.util.Map;java.util.Collection<backtype.storm.metric.DataPoint>;TopologyContext;IErrorReporter;TaskInfo
backtype.storm.utils.CRC32OutputStream;1;byte[]
backtype.storm.scheduler.Topologies;1;java.util.Map<java.lang.String,backtype.storm.scheduler.TopologyDetails>
storm.trident.planner.SubtopologyBolt;13;ProcessorContext;java.util.Map;java.lang.Object;Fields;BatchInfo;java.util.Set<storm.trident.planner.Node>;BatchOutputCollector;OutputFieldsDeclarer;Tuple;java.util.Map<storm.trident.planner.Node,java.lang.String>;TopologyContext;DirectedGraph;TridentProcessor
backtype.storm.drpc.DRPCInvocationsClient;0
backtype.storm.testing.IdentityBolt;4;BasicOutputCollector;Tuple;Fields;OutputFieldsDeclarer
backtype.storm.security.auth.AuthUtils;2;javax.security.auth.login.Configuration;java.util.Map
storm.trident.topology.TridentBoltExecutor;19;java.util.Map;java.lang.Object;java.util.Map<storm.trident.topology.GlobalStreamId,java.lang.String>;BatchInfo;java.util.List<java.lang.Integer>;OutputCollector;storm.trident.topology.TridentBoltExecutor.TupleType;OutputFieldsDeclarer;java.util.Map<java.lang.String,storm.trident.topology.TridentBoltExecutor.CoordSpec>;java.util.Collection<storm.trident.topology.Tuple>;FailedException;Tuple;storm.trident.topology.TridentBoltExecutor.TrackedBatch;storm.trident.topology.TridentBoltExecutor.CoordCondition;java.lang.Throwable;TopologyContext;IOutputCollector;java.util.List<java.lang.Object>;ITridentBatchBolt
backtype.storm.topology.BasicBoltExecutor;6;Tuple;IBasicBolt;java.util.Map;TopologyContext;OutputCollector;OutputFieldsDeclarer
storm.trident.state.map.OpaqueMap;7;T;IBackingMap;java.util.List<T>;java.lang.Object;java.lang.Long;java.util.List<java.util.List<java.lang.Object>>;java.util.List<storm.trident.state.map.ValueUpdater>
backtype.storm.utils.DRPCClient;1;java.lang.Integer
storm.trident.operation.impl.GroupedMultiReducerExecutor;7;java.util.Map;TridentMultiReducerContext;TridentCollector;java.util.Map<storm.trident.operation.impl.TridentTuple,java.lang.Object>;GroupedMultiReducer;java.util.List<storm.trident.operation.impl.Fields>;TridentTuple
backtype.storm.testing.FixedTuple;1;java.util.List<java.lang.Object>
storm.trident.testing.TrueFilter;1;TridentTuple
storm.trident.planner.processor.EachProcessor;7;ProcessorContext;java.util.Map;Fields;Function;TopologyContext;TridentContext;TridentTuple
storm.trident.drpc.ReturnResultsReducer;5;java.util.Map;storm.trident.drpc.ReturnResultsReducer.ReturnResultsState;TridentMultiReducerContext;TridentCollector;TridentTuple
backtype.storm.serialization.types.ListDelegateSerializer;3;Input;Kryo;java.lang.Class<java.util.Collection>
backtype.storm.topology.base.BaseComponent;0
storm.trident.operation.builtin.FirstN;6;java.util.PriorityQueue;java.lang.Object;Stream;TridentCollector;storm.trident.operation.builtin.FirstN.FirstNAgg.State;TridentTuple
storm.trident.state.map.TransactionalMap;5;IBackingMap;java.util.List<T>;java.lang.Long;java.util.List<java.util.List<java.lang.Object>>;java.util.List<storm.trident.state.map.ValueUpdater>
storm.trident.operation.impl.JoinerMultiReducer;9;java.util.Map;int[];TridentMultiReducerContext;TridentCollector;java.util.List[];storm.trident.operation.impl.JoinerMultiReducer.JoinState;java.util.List<storm.trident.operation.impl.Fields>;java.util.List<storm.trident.operation.impl.JoinType>;TridentTuple
backtype.storm.metric.api.StateMetric;1;IStatefulObject
backtype.storm.utils.StormBoundedExponentialBackoffRetry;0
backtype.storm.topology.base.BaseTransactionalBolt;0
backtype.storm.utils.NimbusClient;2;java.util.Map;java.lang.Integer
backtype.storm.utils.VersionedStore;0
backtype.storm.hooks.info.SpoutAckInfo;2;java.lang.Object;java.lang.Long
backtype.storm.topology.base.BasePartitionedTransactionalSpout;0
backtype.storm.testing.MemoryTransactionalSpout;8;java.util.Map;Fields;MemoryTransactionalSpoutMeta;java.util.Map<java.lang.Integer,java.util.List<java.util.List<java.lang.Object>>>;TopologyContext;BatchOutputCollector;TransactionAttempt;OutputFieldsDeclarer
backtype.storm.transactional.partitioned.PartitionedTransactionalSpoutExecutor;9;java.math.BigInteger;java.lang.Object;java.util.Map;TopologyContext;java.lang.Integer;BatchOutputCollector;TransactionAttempt;IPartitionedTransactionalSpout;OutputFieldsDeclarer
backtype.storm.utils.WritableUtils;4;java.io.DataInput;java.lang.String[];java.io.DataOutput;byte[]
storm.trident.state.TransactionalValue;2;T;java.lang.Long
backtype.storm.testing.CountingCommitBolt;6;Tuple;java.util.Map;TopologyContext;BatchOutputCollector;TransactionAttempt;OutputFieldsDeclarer
storm.trident.state.JSONOpaqueSerializer;2;OpaqueValue;byte[]
backtype.storm.topology.base.BaseBatchBolt;0
backtype.storm.generated.DRPCExecutionException;6;java.io.ObjectInputStream;org.apache;backtype.storm.generated.DRPCExecutionException;java.io.ObjectOutputStream;java.lang.Object;backtype.storm.generated.DRPCExecutionException._Fields
backtype.storm.coordination.BatchOutputCollector;2;java.lang.Throwable;java.util.List<java.lang.Object>
backtype.storm.metric.api.ReducedMetric;2;java.lang.Object;IReducer
backtype.storm.tuple.Values;1;java.lang.Object
storm.trident.tuple.TridentTupleView;11;Tuple;java.lang.Object;Fields;ValuePointer;IPersistentVector;ValuePointer[];Factory;java.util.List<java.lang.Object>;java.util.Map<java.lang.String,storm.trident.tuple.ValuePointer>;storm.trident.tuple.TridentTupleView;TridentTuple
storm.trident.testing.CountAsAggregator;4;storm.trident.testing.CountAsAggregator.State;java.lang.Object;TridentCollector;TridentTuple
storm.trident.tuple.ConsList;2;java.lang.Object;java.util.List<java.lang.Object>
backtype.storm.spout.ShellSpout;8;backtype.storm.spout.ShellSpout;java.lang.Object;java.util.Map;java.lang.Throwable;TopologyContext;ShellMsg;SpoutOutputCollector;ShellComponent
backtype.storm.nimbus.DefaultTopologyValidator;2;java.util.Map;StormTopology
backtype.storm.utils.RegisteredGlobalState;1;java.lang.Object
backtype.storm.transactional.state.RotatingTransactionalState;4;java.math.BigInteger;java.lang.Object;TransactionalState;backtype.storm.transactional.state.RotatingTransactionalState.StateInitializer
backtype.storm.transactional.TransactionalSpoutBatchExecutor;6;Tuple;ITransactionalSpout;java.util.Map;TopologyContext;OutputCollector;OutputFieldsDeclarer
storm.trident.partition.GlobalGrouping;4;java.util.List<java.lang.Integer>;GlobalStreamId;WorkerTopologyContext;java.util.List<java.lang.Object>
storm.trident.util.TridentUtils;7;T;IComponent;Fields;TBase;java.lang.Class;DirectedGraph;byte[]
storm.trident.state.JSONNonTransactionalSerializer;2;java.lang.Object;byte[]
storm.trident.operation.impl.ChainedAggregatorImpl;11;TridentCollector[];java.lang.Object;TridentOperationContext;java.util.Map;int[];ChainedResult;Fields[];TridentCollector;Aggregator[];TridentTuple;ComboList
storm.trident.planner.processor.StateQueryProcessor;7;ProcessorContext;QueryFunction;java.util.Map;Fields;TopologyContext;TridentContext;TridentTuple
backtype.storm.drpc.ReturnResults;5;Tuple;java.util.Map;TopologyContext;OutputCollector;OutputFieldsDeclarer
storm.trident.testing.FixedBatchSpout;5;java.util.Map;Fields;TridentCollector;TopologyContext;java.util.List<java.lang.Object>
backtype.storm.testing.TestAggregatesCounter;5;Tuple;java.util.Map;TopologyContext;OutputCollector;OutputFieldsDeclarer
storm.trident.operation.builtin.Count;2;java.lang.Long;TridentTuple
backtype.storm.utils.ThriftTopologyUtils;1;StormTopology
storm.trident.planner.NodeStateInfo;1;StateSpec
backtype.storm.utils.WindowedTimeThrottler;1;java.lang.Number
storm.trident.operation.impl.TrueFilter;3;TridentOperationContext;java.util.Map;TridentTuple
backtype.storm.drpc.DRPCSpout;6;java.lang.Object;java.util.Map;TopologyContext;ILocalDRPC;SpoutOutputCollector;OutputFieldsDeclarer
backtype.storm.testing.TestPlannerBolt;5;Tuple;java.util.Map;TopologyContext;OutputCollector;OutputFieldsDeclarer
backtype.storm.generated.DistributedRPC;11;java.io.ObjectInputStream;org.apache;java.io.ObjectOutputStream;java.lang.Object;java.util.Map;backtype.storm.generated.DistributedRPC.execute_args;DRPCExecutionException;backtype.storm.generated.DistributedRPC.execute_result;I;backtype.storm.generated.DistributedRPC.execute_result._Fields;backtype.storm.generated.DistributedRPC.execute_args._Fields
storm.trident.operation.builtin.Debug;1;TridentTuple
storm.trident.planner.processor.AggregateProcessor;7;ProcessorContext;java.util.Map;Aggregator;Fields;TopologyContext;TridentContext;TridentTuple
backtype.storm.utils.Utils;17;java.lang.Iterable<T>;java.util.Map<K,V>;java.lang.Object;java.util.Map<S,T>;java.util.Map;java.lang.Integer;ComponentObject;java.nio.ByteBuffer;T;java.util.Map<java.lang.String,java.lang.Object>;S;java.lang.Throwable;java.util.List<java.lang.String>;java.lang.Class;StormTopology;ZookeeperAuthInfo;byte[]
backtype.storm.topology.base.BaseRichSpout;1;java.lang.Object
backtype.storm.messaging.netty.StormClientErrorHandler;2;ChannelHandlerContext;ExceptionEvent
backtype.storm.serialization.KryoTupleSerializer;3;Tuple;java.util.Map;GeneralTopologyContext
backtype.storm.testing.MkClusterParam;2;java.util.Map;java.lang.Integer
storm.trident.operation.builtin.Negate;4;Filter;TridentOperationContext;java.util.Map;TridentTuple
storm.trident.operation.builtin.FilterNull;1;TridentTuple
storm.trident.spout.TridentSpoutCoordinator;6;BasicOutputCollector;Tuple;java.util.Map;TopologyContext;OutputFieldsDeclarer;ITridentSpout
backtype.storm.tuple.Fields;3;backtype.storm.tuple.Fields;java.util.List<java.lang.String>;java.util.List<java.lang.Object>
backtype.storm.hooks.info.SpoutFailInfo;2;java.lang.Object;java.lang.Long
backtype.storm.messaging.netty.StormServerPipelineFactory;1;Server
backtype.storm.security.auth.digest.ServerCallbackHandler;6;javax.security.auth.login.Configuration;javax.security.sasl.AuthorizeCallback;javax.security.sasl.RealmCallback;javax.security.auth.callback.NameCallback;javax.security.auth.callback.PasswordCallback;javax.security.auth.callback.Callback[]
backtype.storm.task.GeneralTopologyContext;6;java.util.Map<java.lang.String,java.util.Map<java.lang.String,backtype.storm.task.Fields>>;java.util.Map;GlobalStreamId;java.util.Map<java.lang.Integer,java.lang.String>;StormTopology;java.util.Map<java.lang.String,java.util.List<java.lang.Integer>>
backtype.storm.generated.Bolt;8;java.io.ObjectInputStream;org.apache;java.io.ObjectOutputStream;java.lang.Object;ComponentCommon;ComponentObject;backtype.storm.generated.Bolt;backtype.storm.generated.Bolt._Fields
backtype.storm.generated.JavaObjectArg;8;java.io.ObjectInputStream;org.apache;java.io.ObjectOutputStream;java.lang.Object;backtype.storm.generated.JavaObjectArg._Fields;java.nio.ByteBuffer;byte[];backtype.storm.generated.JavaObjectArg
backtype.storm.task.TopologyContext;14;java.util.Map;java.lang.Object;java.util.List<java.lang.Integer>;java.lang.Integer;java.util.Map<java.lang.Integer,java.lang.String>;java.util.Map<java.lang.String,java.util.List<java.lang.Integer>>;ITaskHook;clojure;T;ICombiner;java.util.Map<java.lang.String,java.util.Map<java.lang.String,backtype.storm.task.Fields>>;java.util.Map<java.lang.String,java.lang.Object>;IReducer;StormTopology
backtype.storm.serialization.DefaultSerializationDelegate;3;java.lang.Object;java.util.Map;byte[]
backtype.storm.topology.ReportedFailedException;1;java.lang.Throwable
backtype.storm.testing.FixedTupleSpout;6;java.lang.Object;java.util.Map;java.util.List;TopologyContext;SpoutOutputCollector;OutputFieldsDeclarer
backtype.storm.task.WorkerTopologyContext;8;java.util.Map<java.lang.String,java.lang.Object>;java.util.Map<java.lang.String,java.util.Map<java.lang.String,backtype.storm.task.Fields>>;java.util.Map;java.util.List<java.lang.Integer>;java.lang.Integer;java.util.Map<java.lang.Integer,java.lang.String>;StormTopology;java.util.Map<java.lang.String,java.util.List<java.lang.Integer>>
backtype.storm.testing.TestWordCounter;5;BasicOutputCollector;Tuple;java.util.Map;TopologyContext;OutputFieldsDeclarer
storm.trident.operation.BaseOperation;2;TridentOperationContext;java.util.Map
storm.trident.spout.TridentSpoutExecutor;10;Tuple;java.lang.Object;java.util.Map;BatchInfo;java.lang.Throwable;TopologyContext;java.util.List<java.lang.Object>;BatchOutputCollector;OutputFieldsDeclarer;ITridentSpout
storm.trident.testing.FeederCommitterBatchSpout;7;java.util.Map;java.lang.Object;java.util.List<java.lang.String>;TopologyContext;TridentCollector;TransactionAttempt;ITridentSpout
backtype.storm.serialization.GzipBridgeSerializationDelegate;3;java.lang.Object;java.util.Map;byte[]
backtype.storm.metric.api.rpc.CombinedShellMetric;2;java.lang.Object;ICombiner
storm.trident.TridentState;2;Node;TridentTopology
storm.trident.state.map.NonTransactionalMap;5;IBackingMap;java.util.List<T>;java.lang.Long;java.util.List<java.util.List<java.lang.Object>>;java.util.List<storm.trident.state.map.ValueUpdater>
backtype.storm.coordination.BatchBoltExecutor;7;Tuple;java.lang.Object;java.util.Map;TopologyContext;OutputCollector;IBatchBolt;OutputFieldsDeclarer
storm.trident.operation.impl.IdentityMultiReducer;5;java.lang.Object;java.util.Map;TridentMultiReducerContext;TridentCollector;TridentTuple
backtype.storm.generated.ClusterSummary;10;java.util.List<backtype.storm.generated.SupervisorSummary>;java.io.ObjectInputStream;org.apache;java.io.ObjectOutputStream;java.lang.Object;backtype.storm.generated.ClusterSummary;backtype.storm.generated.ClusterSummary._Fields;TopologySummary;SupervisorSummary;java.util.List<backtype.storm.generated.TopologySummary>
backtype.storm.hooks.info.BoltFailInfo;2;Tuple;java.lang.Long
backtype.storm.generated.StateSpoutSpec;8;java.io.ObjectInputStream;org.apache;java.io.ObjectOutputStream;java.lang.Object;backtype.storm.generated.StateSpoutSpec;ComponentCommon;backtype.storm.generated.StateSpoutSpec._Fields;ComponentObject
storm.trident.operation.impl.CombinerAggStateUpdater;6;Snapshottable;TridentOperationContext;java.util.Map;CombinerAggregator;TridentCollector;java.util.List<storm.trident.operation.impl.TridentTuple>
backtype.storm.serialization.KryoValuesDeserializer;3;Input;java.util.Map;byte[]
backtype.storm.metric.api.CombinedMetric;2;java.lang.Object;ICombiner
backtype.storm.task.OutputCollector;5;Tuple;java.util.Collection<backtype.storm.task.Tuple>;java.lang.Throwable;java.util.List<java.lang.Object>;IOutputCollector
storm.trident.operation.impl.ReducerAggStateUpdater;6;Snapshottable;TridentOperationContext;java.util.Map;ReducerAggregator;TridentCollector;java.util.List<storm.trident.operation.impl.TridentTuple>
backtype.storm.serialization.KryoValuesSerializer;4;java.lang.Object;java.util.Map;Output;java.util.List<java.lang.Object>
storm.trident.Stream;17;QueryFunction;Fields;Aggregator;TridentTopology;Function;Assembly;Grouping;TridentState;CustomStreamGrouping;Filter;ReducerAggregator;CombinerAggregator;Node;StateUpdater;StateFactory;StateSpec;storm.trident.Stream
storm.trident.tuple.ComboList;2;java.util.List[];storm.trident.tuple.ComboList.Pointer[]
backtype.storm.messaging.netty.MessageEncoder;3;ChannelHandlerContext;Channel;java.lang.Object
backtype.storm.messaging.TransportFactory;1;java.util.Map
storm.trident.topology.TridentTopologyBuilder;17;InputDeclarer;java.lang.Object;java.util.Map;Fields;storm.trident.topology.TridentTopologyBuilder.InputDeclaration;storm.trident.topology.TridentTopologyBuilder.SpoutComponent;java.util.Set<java.lang.String>;java.lang.Integer;Grouping;IBatchSpout;CustomStreamGrouping;java.util.Map<java.lang.String,java.lang.String>;storm.trident.topology.TridentTopologyBuilder.Component;GlobalStreamId;IRichSpout;ITridentBatchBolt;ITridentSpout
storm.trident.util.ErrorEdgeFactory;1;java.lang.Object
backtype.storm.metric.api.MeanReducer;2;java.lang.Object;backtype.storm.metric.api.MeanReducerState
storm.trident.operation.impl.IndexHashBatchToPartition;1;java.lang.Object
backtype.storm.security.auth.SaslTransportPlugin;5;javax.security.auth.login.Configuration;TProtocol;java.lang.Object;java.util.Map;TProcessor
backtype.storm.Constants;0
backtype.storm.transactional.TransactionalSpoutCoordinator;9;ITransactionalSpout;java.math.BigInteger;java.lang.Object;java.util.Map;TransactionalState;TopologyContext;SpoutOutputCollector;TransactionAttempt;OutputFieldsDeclarer
backtype.storm.generated.ShellComponent;6;backtype.storm.generated.ShellComponent;java.io.ObjectInputStream;org.apache;java.io.ObjectOutputStream;java.lang.Object;backtype.storm.generated.ShellComponent._Fields
backtype.storm.generated.SupervisorSummary;6;java.io.ObjectInputStream;backtype.storm.generated.SupervisorSummary;org.apache;java.io.ObjectOutputStream;java.lang.Object;backtype.storm.generated.SupervisorSummary._Fields
storm.trident.planner.PartitionNode;4;java.io.ObjectInputStream;java.io.ObjectOutputStream;Fields;Grouping
storm.trident.state.map.MapCombinerAggStateUpdater;7;TridentOperationContext;java.util.Map;java.util.List<storm.trident.state.map.TridentTuple>;Fields;CombinerAggregator;TridentCollector;MapState
backtype.storm.generated.GlobalStreamId;6;java.io.ObjectInputStream;org.apache;java.io.ObjectOutputStream;java.lang.Object;backtype.storm.generated.GlobalStreamId._Fields;backtype.storm.generated.GlobalStreamId
backtype.storm.metric.api.MultiCountMetric;0
storm.trident.spout.RichSpoutBatchIdSerializer;5;Input;java.lang.Class;Output;Kryo;RichSpoutBatchId
backtype.storm.testing.CompleteTopologyParam;3;Config;MockedSources;java.lang.Boolean
storm.trident.testing.Split;2;TridentCollector;TridentTuple
storm.trident.state.map.CachedMap;3;IBackingMap;java.util.List<T>;java.util.List<java.util.List<java.lang.Object>>
storm.trident.operation.TridentMultiReducerContext;2;Fields;java.util.List<TridentTuple.Factory>
backtype.storm.hooks.BaseTaskHook;8;EmitInfo;BoltAckInfo;java.util.Map;SpoutAckInfo;BoltExecuteInfo;BoltFailInfo;TopologyContext;SpoutFailInfo
backtype.storm.topology.BasicOutputCollector;4;Tuple;java.lang.Throwable;java.util.List<java.lang.Object>;OutputCollector
storm.trident.operation.builtin.Equals;1;TridentTuple
backtype.storm.multilang.JsonSerializer;8;SpoutMsg;java.io.InputStream;BoltMsg;java.lang.Object;java.util.Map;java.util.List<java.lang.Integer>;TopologyContext;java.io.OutputStream
storm.trident.testing.TuplifyArgs;2;TridentCollector;TridentTuple
backtype.storm.transactional.state.TransactionalState;2;java.lang.Object;java.util.Map
storm.trident.testing.MemoryBackingMap;2;java.util.List<java.util.List<java.lang.Object>>;java.util.List<java.lang.Object>
storm.trident.fluent.GroupedStream;11;QueryFunction;ReducerAggregator;CombinerAggregator;Aggregator;Fields;storm.trident.fluent.GroupedStream;Stream;Function;StateFactory;StateSpec;TridentState
backtype.storm.testing.MockedSources;1;Values
backtype.storm.testing.CountingBatchBolt;6;Tuple;java.lang.Object;java.util.Map;TopologyContext;BatchOutputCollector;OutputFieldsDeclarer
backtype.storm.topology.base.BaseTransactionalSpout;0
storm.trident.planner.processor.AppendCollector;5;ProcessorContext;java.lang.Throwable;java.util.List<java.lang.Object>;TridentContext;TridentTuple
backtype.storm.serialization.types.HashMapSerializer;3;Input;java.lang.Class<java.util.Map>;Kryo
backtype.storm.testing.AckTracker;1;java.lang.Object
backtype.storm.generated.SpoutStats;10;java.io.ObjectInputStream;backtype.storm.generated.SpoutStats._Fields;org.apache;java.io.ObjectOutputStream;java.lang.Object;java.util.Map<java.lang.String,java.lang.Double>;backtype.storm.generated.SpoutStats;java.util.Map<java.lang.String,java.lang.Long>;java.util.Map<java.lang.String,java.util.Map<java.lang.String,java.lang.Long>>;java.util.Map<java.lang.String,java.util.Map<java.lang.String,java.lang.Double>>
backtype.storm.serialization.types.HashSetSerializer;3;Input;Kryo;java.lang.Class<java.util.Collection>
storm.trident.operation.BaseAggregator;0
backtype.storm.serialization.GzipSerializationDelegate;3;java.lang.Object;java.util.Map;byte[]
storm.trident.operation.impl.CaptureCollector;3;java.lang.Throwable;TridentCollector;java.util.List<java.lang.Object>
backtype.storm.transactional.TransactionAttempt;2;java.math.BigInteger;java.lang.Object
backtype.storm.testing.TupleCaptureBolt;5;Tuple;java.util.Map;TopologyContext;OutputCollector;OutputFieldsDeclarer
backtype.storm.hooks.info.BoltExecuteInfo;2;Tuple;java.lang.Long
backtype.storm.testing.TestEventOrderCheckBolt;5;Tuple;java.util.Map;TopologyContext;OutputCollector;OutputFieldsDeclarer
backtype.storm.testing.TestKryoDecorator;1;Kryo
backtype.storm.StormSubmitter;5;Nimbus;backtype.storm.StormSubmitter.ProgressListener;java.util.Map;SubmitOptions;StormTopology
backtype.storm.utils.BufferFileInputStream;0
backtype.storm.planner.CompoundTask;0
storm.trident.state.OpaqueValue;2;T;java.lang.Long
storm.trident.fluent.ChainedAggregatorDeclarer;6;IAggregatableStream;ReducerAggregator;CombinerAggregator;Aggregator;Fields;GlobalAggregationScheme
storm.trident.operation.impl.ReducerAggregatorImpl;7;Result;java.lang.Object;TridentOperationContext;java.util.Map;ReducerAggregator;TridentCollector;TridentTuple
backtype.storm.scheduler.Cluster;10;Topologies;SupervisorDetails;java.util.Map<java.lang.String,backtype.storm.scheduler.SchedulerAssignmentImpl>;java.util.Set<java.lang.String>;INimbus;java.util.Map<java.lang.String,backtype.storm.scheduler.SupervisorDetails>;java.util.Collection<backtype.storm.scheduler.WorkerSlot>;WorkerSlot;java.util.Collection<backtype.storm.scheduler.ExecutorDetails>;TopologyDetails
storm.trident.spout.BatchSpoutExecutor;6;java.util.Map;java.lang.Object;TopologyContext;TridentCollector;IBatchSpout;TransactionAttempt
backtype.storm.messaging.netty.StormClientPipelineFactory;1;Client
backtype.storm.testing.PythonShellMetricsSpout;5;java.util.Map;TopologyContext;java.lang.String[];SpoutOutputCollector;OutputFieldsDeclarer
storm.trident.graph.GraphGrouper;4;java.util.Collection<storm.trident.graph.Group>;Node;DirectedGraph;Group
backtype.storm.utils.Monitor;2;Nimbus;backtype.storm.utils.Monitor.MetricsState
backtype.storm.drpc.KeyedFairBolt;8;Tuple;IBasicBolt;java.lang.Object;java.util.Map;IRichBolt;TopologyContext;OutputCollector;OutputFieldsDeclarer
backtype.storm.drpc.LinearDRPCTopologyBuilder;12;CustomStreamGrouping;InputDeclarer;java.lang.Number;backtype.storm.drpc.LinearDRPCTopologyBuilder.Component;IBasicBolt;java.util.Map;Fields;backtype.storm.drpc.LinearDRPCTopologyBuilder.InputDeclaration;DRPCSpout;IRichBolt;ILocalDRPC;IBatchBolt
storm.trident.topology.state.RotatingTransactionalState;3;storm.trident.topology.state.RotatingTransactionalState.StateInitializer;java.lang.Object;TransactionalState
backtype.storm.messaging.TaskMessage;2;java.nio.ByteBuffer;byte[]
backtype.storm.utils.MutableObject;1;java.lang.Object
backtype.storm.security.serialization.BlowfishTupleSerializer;7;Input;ListDelegate;java.util.Map;java.lang.String[];Output;java.lang.Class<backtype.storm.security.serialization.ListDelegate>;Kryo
backtype.storm.metric.api.AssignableMetric;1;java.lang.Object
backtype.storm.scheduler.TopologyDetails;4;java.util.Map;StormTopology;java.util.Collection<backtype.storm.scheduler.ExecutorDetails>;java.util.Map<backtype.storm.scheduler.ExecutorDetails,java.lang.String>
backtype.storm.generated.Grouping;11;java.io.ObjectInputStream;org.apache;java.io.ObjectOutputStream;java.lang.Object;NullStruct;backtype.storm.generated.Grouping;java.util.List<java.lang.String>;backtype.storm.generated.Grouping._Fields;java.nio.ByteBuffer;JavaObject;byte[]
backtype.storm.metric.api.MultiReducedMetric;1;IReducer
backtype.storm.generated.TopologySummary;6;java.io.ObjectInputStream;org.apache;java.io.ObjectOutputStream;java.lang.Object;backtype.storm.generated.TopologySummary;backtype.storm.generated.TopologySummary._Fields
backtype.storm.messaging.netty.Client;8;MessageBatch;Channel;java.util.Map;java.util.Iterator<backtype.storm.messaging.netty.TaskMessage>;ChannelFactory;java.util.concurrent.ScheduledExecutorService;ChannelFuture;byte[]
backtype.storm.metric.api.rpc.AssignableShellMetric;1;java.lang.Object
backtype.storm.security.auth.ThriftServer;2;java.util.Map;TProcessor
backtype.storm.scheduler.SchedulerAssignmentImpl;4;java.util.Map<backtype.storm.scheduler.ExecutorDetails,backtype.storm.scheduler.WorkerSlot>;ExecutorDetails;WorkerSlot;java.util.Collection<backtype.storm.scheduler.ExecutorDetails>
storm.trident.spout.PartitionedTridentSpoutExecutor;8;ISpoutPartition;java.lang.Object;java.util.Map;RotatingTransactionalState;IPartitionedTridentSpout;TridentCollector;TopologyContext;TransactionAttempt
storm.trident.operation.TridentOperationContext;7;T;ICombiner;Fields;TopologyContext;IReducer;storm.trident.operation.TridentOperationContext;TridentTuple
storm.trident.operation.impl.SingleEmitAggregator;8;storm.trident.operation.impl.SingleEmitAggregator.BatchToPartition;TridentOperationContext;java.util.Map;storm.trident.operation.impl.SingleEmitAggregator.SingleEmitState;Aggregator;java.lang.Object;TridentCollector;TridentTuple
storm.trident.partition.IdentityGrouping;4;java.util.List<java.lang.Integer>;GlobalStreamId;WorkerTopologyContext;java.util.List<java.lang.Object>
storm.trident.topology.BatchInfo;2;IBatchID;java.lang.Object
storm.trident.operation.impl.GroupedAggregator;8;java.lang.Object[];java.lang.Object;TridentOperationContext;java.util.Map;Fields;Aggregator;TridentCollector;TridentTuple
backtype.storm.testing.TestWordSpout;5;java.lang.Object;java.util.Map;TopologyContext;SpoutOutputCollector;OutputFieldsDeclarer
backtype.storm.testing.BatchNumberList;6;Tuple;java.lang.Object;java.util.Map;TopologyContext;BatchOutputCollector;OutputFieldsDeclarer
backtype.storm.generated.TopologyInfo;10;java.io.ObjectInputStream;org.apache;java.io.ObjectOutputStream;java.lang.Object;backtype.storm.generated.TopologyInfo;java.util.List<backtype.storm.generated.ExecutorSummary>;java.util.Map<java.lang.String,java.util.List<backtype.storm.generated.ErrorInfo>>;backtype.storm.generated.TopologyInfo._Fields;ExecutorSummary;java.util.List<backtype.storm.generated.ErrorInfo>
backtype.storm.planner.TaskBundle;1;IBolt
backtype.storm.topology.BaseConfigurationDeclarer;2;java.lang.Number;java.lang.Object
backtype.storm.generated.RebalanceOptions;7;java.io.ObjectInputStream;org.apache;java.io.ObjectOutputStream;java.lang.Object;java.util.Map<java.lang.String,java.lang.Integer>;backtype.storm.generated.RebalanceOptions._Fields;backtype.storm.generated.RebalanceOptions
storm.trident.operation.BaseFilter;0
backtype.storm.generated.JavaObject;8;java.io.ObjectInputStream;JavaObjectArg;org.apache;java.io.ObjectOutputStream;java.lang.Object;backtype.storm.generated.JavaObject._Fields;java.util.List<backtype.storm.generated.JavaObjectArg>;backtype.storm.generated.JavaObject
backtype.storm.testing.BoltTracker;2;IRichBolt;OutputFieldsDeclarer
backtype.storm.testing.TrackedTopology;1;java.util.Map
backtype.storm.generated.ExecutorStats;9;ExecutorSpecificStats;java.io.ObjectInputStream;org.apache;backtype.storm.generated.ExecutorStats._Fields;backtype.storm.generated.ExecutorStats;java.io.ObjectOutputStream;java.lang.Object;java.util.Map<java.lang.String,java.lang.Long>;java.util.Map<java.lang.String,java.util.Map<java.lang.String,java.lang.Long>>
backtype.storm.generated.Nimbus;89;backtype.storm.generated.Nimbus.activate_result._Fields;backtype.storm.generated.Nimbus.activate_result;backtype.storm.generated.Nimbus.beginFileUpload_result;backtype.storm.generated.Nimbus.downloadChunk_args._Fields;backtype.storm.generated.Nimbus.finishFileUpload_args._Fields;backtype.storm.generated.Nimbus.activate_args;backtype.storm.generated.Nimbus.killTopologyWithOpts_result._Fields;backtype.storm.generated.Nimbus.finishFileUpload_args;backtype.storm.generated.Nimbus.getNimbusConf_result._Fields;InvalidTopologyException;backtype.storm.generated.Nimbus.killTopology_result;backtype.storm.generated.Nimbus.submitTopologyWithOpts_result;backtype.storm.generated.Nimbus.finishFileUpload_result;backtype.storm.generated.Nimbus.rebalance_result;org.apache;java.io.ObjectOutputStream;backtype.storm.generated.Nimbus.uploadChunk_result._Fields;backtype.storm.generated.Nimbus.getClusterInfo_result._Fields;backtype.storm.generated.Nimbus.activate_args._Fields;backtype.storm.generated.Nimbus.downloadChunk_args;backtype.storm.generated.Nimbus.submitTopology_args._Fields;backtype.storm.generated.Nimbus.getNimbusConf_result;backtype.storm.generated.Nimbus.deactivate_args._Fields;backtype.storm.generated.Nimbus.submitTopologyWithOpts_args._Fields;backtype.storm.generated.Nimbus.submitTopologyWithOpts_result._Fields;StormTopology;backtype.storm.generated.Nimbus.submitTopology_result._Fields;NotAliveException;backtype.storm.generated.Nimbus.deactivate_result;java.lang.Object;SubmitOptions;backtype.storm.generated.Nimbus.killTopology_args._Fields;backtype.storm.generated.Nimbus.getUserTopology_result._Fields;backtype.storm.generated.Nimbus.killTopologyWithOpts_result;backtype.storm.generated.Nimbus.uploadChunk_args;java.nio.ByteBuffer;backtype.storm.generated.Nimbus.getTopology_args._Fields;RebalanceOptions;backtype.storm.generated.Nimbus.killTopology_args;backtype.storm.generated.Nimbus.submitTopologyWithOpts_args;backtype.storm.generated.Nimbus.rebalance_args._Fields;backtype.storm.generated.Nimbus.getClusterInfo_result;backtype.storm.generated.Nimbus.getTopology_args;TopologyInfo;backtype.storm.generated.Nimbus.getTopologyConf_args;backtype.storm.generated.Nimbus.beginFileDownload_args;backtype.storm.generated.Nimbus.killTopologyWithOpts_args;backtype.storm.generated.Nimbus.getTopology_result;backtype.storm.generated.Nimbus.downloadChunk_result;backtype.storm.generated.Nimbus.finishFileUpload_result._Fields;backtype.storm.generated.Nimbus.getTopologyConf_result._Fields;KillOptions;java.util.Map;backtype.storm.generated.Nimbus.deactivate_result._Fields;AlreadyAliveException;backtype.storm.generated.Nimbus.getClusterInfo_args._Fields;backtype.storm.generated.Nimbus.beginFileDownload_result;I;backtype.storm.generated.Nimbus.downloadChunk_result._Fields;backtype.storm.generated.Nimbus.submitTopology_result;backtype.storm.generated.Nimbus.beginFileDownload_result._Fields;backtype.storm.generated.Nimbus.getTopologyInfo_args;backtype.storm.generated.Nimbus.beginFileUpload_args._Fields;backtype.storm.generated.Nimbus.beginFileDownload_args._Fields;backtype.storm.generated.Nimbus.uploadChunk_args._Fields;backtype.storm.generated.Nimbus.rebalance_result._Fields;backtype.storm.generated.Nimbus.submitTopology_args;backtype.storm.generated.Nimbus.getTopology_result._Fields;backtype.storm.generated.Nimbus.getUserTopology_result;backtype.storm.generated.Nimbus.beginFileUpload_args;backtype.storm.generated.Nimbus.rebalance_args;backtype.storm.generated.Nimbus.getTopologyInfo_result._Fields;backtype.storm.generated.Nimbus.deactivate_args;backtype.storm.generated.Nimbus.killTopologyWithOpts_args._Fields;backtype.storm.generated.Nimbus.killTopology_result._Fields;backtype.storm.generated.Nimbus.getTopologyConf_args._Fields;backtype.storm.generated.Nimbus.getUserTopology_args;backtype.storm.generated.Nimbus.getTopologyInfo_args._Fields;backtype.storm.generated.Nimbus.getNimbusConf_args;java.io.ObjectInputStream;ClusterSummary;backtype.storm.generated.Nimbus.getClusterInfo_args;backtype.storm.generated.Nimbus.getTopologyConf_result;backtype.storm.generated.Nimbus.uploadChunk_result;backtype.storm.generated.Nimbus.getTopologyInfo_result;backtype.storm.generated.Nimbus.beginFileUpload_result._Fields;backtype.storm.generated.Nimbus.getNimbusConf_args._Fields;backtype.storm.generated.Nimbus.getUserTopology_args._Fields;byte[]
backtype.storm.drpc.JoinResult;5;Tuple;java.util.Map;TopologyContext;OutputCollector;OutputFieldsDeclarer
backtype.storm.coordination.BatchSubtopologyBuilder;14;InputDeclarer;java.util.Map;Fields;TopologyBuilder;java.lang.Integer;Grouping;java.lang.Number;CustomStreamGrouping;IBasicBolt;backtype.storm.coordination.BatchSubtopologyBuilder.Component;IRichBolt;GlobalStreamId;backtype.storm.coordination.BatchSubtopologyBuilder.InputDeclaration;IBatchBolt
storm.trident.testing.MemoryMapState;8;T;java.util.List<T>;java.util.Map;ValueUpdater;java.util.List<storm.trident.testing.ValueUpdater>;java.lang.Long;java.util.List<java.util.List<java.lang.Object>>;IMetricsContext
storm.trident.operation.builtin.TupleCollectionGet;5;State;TridentCollector;java.util.Iterator<java.util.List<java.lang.Object>>;java.util.List<storm.trident.operation.builtin.TridentTuple>;TridentTuple
backtype.storm.utils.LocalState;2;java.lang.Object;java.util.Map<java.lang.Object,java.lang.Object>
backtype.storm.multilang.SpoutMsg;1;java.lang.Object
backtype.storm.planner.CompoundSpout;0
backtype.storm.utils.MutableInt;0
backtype.storm.tuple.TupleImpl;7;java.lang.Object;Fields;MessageId;GeneralTopologyContext;java.util.List<java.lang.String>;java.util.List<java.lang.Object>;IPersistentMap
backtype.storm.testing.AckFailMapTracker;1;java.lang.Object
storm.trident.operation.BaseMultiReducer;2;java.util.Map;TridentMultiReducerContext
backtype.storm.testing.NonRichBoltTracker;5;Tuple;java.util.Map;TopologyContext;OutputCollector;IBolt
storm.trident.operation.BaseFunction;0
backtype.storm.spout.SleepSpoutWaitStrategy;1;java.util.Map
storm.trident.partition.IndexHashGrouping;5;java.lang.Object;java.util.List<java.lang.Integer>;GlobalStreamId;WorkerTopologyContext;java.util.List<java.lang.Object>
backtype.storm.generated.ExecutorInfo;6;java.io.ObjectInputStream;org.apache;java.io.ObjectOutputStream;java.lang.Object;backtype.storm.generated.ExecutorInfo._Fields;backtype.storm.generated.ExecutorInfo
backtype.storm.utils.ZookeeperAuthInfo;2;java.util.Map;byte[]
backtype.storm.security.auth.digest.ClientCallbackHandler;2;javax.security.auth.login.Configuration;javax.security.auth.callback.Callback[]
backtype.storm.serialization.KryoTupleDeserializer;3;java.util.Map;GeneralTopologyContext;byte[]
backtype.storm.transactional.TransactionalTopologyBuilder;16;InputDeclarer;java.util.Map;Fields;java.lang.Integer;Grouping;IPartitionedTransactionalSpout;backtype.storm.transactional.TransactionalTopologyBuilder.InputDeclaration;java.lang.Number;CustomStreamGrouping;ITransactionalSpout;IBasicBolt;IOpaquePartitionedTransactionalSpout;GlobalStreamId;IRichBolt;backtype.storm.transactional.TransactionalTopologyBuilder.Component;IBatchBolt
backtype.storm.testing.TestEventLogSpout;5;java.lang.Object;java.util.Map;TopologyContext;SpoutOutputCollector;OutputFieldsDeclarer
backtype.storm.utils.TransferDrainer;3;java.util.HashMap<java.lang.String,backtype.storm.utils.IConnection>;java.util.HashMap<java.lang.String,java.util.ArrayList<backtype.storm.utils.TaskMessage>>;java.util.ArrayList<java.util.ArrayList<backtype.storm.utils.TaskMessage>>
storm.trident.state.ReadOnlyState;1;java.lang.Long
storm.trident.state.map.SnapshottableMap;8;T;java.util.List<T>;ValueUpdater;java.lang.Long;MapState;java.util.List<java.util.List<java.lang.Object>>;java.util.List<java.lang.Object>;java.util.List<storm.trident.state.map.ValueUpdater>
backtype.storm.multilang.NoOutputException;1;java.lang.Throwable
backtype.storm.topology.base.BaseOpaquePartitionedTransactionalSpout;0
backtype.storm.messaging.netty.MessageDecoder;3;ChannelHandlerContext;Channel;ChannelBuffer
storm.trident.operation.builtin.SnapshotGet;5;java.lang.Object;TridentCollector;java.util.List<storm.trident.operation.builtin.TridentTuple>;ReadOnlySnapshottable;TridentTuple
backtype.storm.generated.AlreadyAliveException;6;java.io.ObjectInputStream;org.apache;java.io.ObjectOutputStream;java.lang.Object;backtype.storm.generated.AlreadyAliveException._Fields;backtype.storm.generated.AlreadyAliveException
storm.trident.planner.SpoutNode;3;storm.trident.planner.SpoutNode.SpoutType;java.lang.Object;Fields
storm.trident.operation.impl.GroupCollector;4;java.lang.Throwable;TridentCollector;java.util.List<java.lang.Object>;ComboList
backtype.storm.utils.Time;1;java.lang.Thread
storm.trident.util.IndexedEdge;2;T;java.lang.Object
storm.trident.planner.processor.FreshCollector;4;ProcessorContext;java.lang.Throwable;java.util.List<java.lang.Object>;TridentContext
backtype.storm.topology.TopologyBuilder;11;CustomStreamGrouping;java.lang.Number;IBasicBolt;IComponent;Fields;java.util.Map;IRichStateSpout;GlobalStreamId;IRichBolt;IRichSpout;Grouping
backtype.storm.security.auth.ReqContext;3;java.net.InetAddress;javax.security.auth.Subject;java.security.AccessControlContext
backtype.storm.testing.MemoryTransactionalSpoutMeta;0
storm.trident.state.map.CachedBatchReadsMap;4;T;IBackingMap;java.util.List<T>;java.util.List<java.util.List<java.lang.Object>>
storm.trident.topology.TransactionAttempt;2;java.lang.Object;java.lang.Long
backtype.storm.testing.KeyedCountingBatchBolt;6;Tuple;java.lang.Object;java.util.Map;TopologyContext;BatchOutputCollector;OutputFieldsDeclarer
storm.trident.util.LRUMap;1;java.util.Map.Entry<A,B>
backtype.storm.generated.ExecutorSpecificStats;8;BoltStats;java.io.ObjectInputStream;org.apache;java.io.ObjectOutputStream;java.lang.Object;backtype.storm.generated.ExecutorSpecificStats;SpoutStats;backtype.storm.generated.ExecutorSpecificStats._Fields
backtype.storm.testing.PythonShellMetricsBolt;5;java.util.Map;TopologyContext;java.lang.String[];OutputCollector;OutputFieldsDeclarer
backtype.storm.testing.TestPlannerSpout;6;java.lang.Object;java.util.Map;Fields;TopologyContext;SpoutOutputCollector;OutputFieldsDeclarer
storm.trident.TridentTopology;35;java.util.Map<storm.trident.Node,java.lang.String>;java.util.Collection<storm.trident.Group>;java.util.List<storm.trident.Stream>;DefaultDirectedGraph;GroupedMultiReducer;java.util.Collection<storm.trident.SpoutNode>;java.util.List<storm.trident.Fields>;Group;java.util.Map<java.lang.String,java.util.List<storm.trident.Node>>;IOpaquePartitionedTridentSpout;DRPCSpout;java.util.Collection<storm.trident.Node>;IPartitionedTridentSpout;DirectedGraph;IRichSpout;StateFactory;PartitionNode;JoinType;UniqueIdGen;GraphGrouper;java.lang.Object;Fields;java.util.List;IBatchSpout;java.util.List<storm.trident.GroupedStream>;java.util.Set<storm.trident.Group>;MultiReducer;GroupedStream;Node;Stream;java.util.List<storm.trident.JoinType>;ILocalDRPC;java.util.Set<storm.trident.PartitionNode>;StateSpec;ITridentSpout
backtype.storm.multilang.ShellMsg;3;java.lang.Object;java.util.List<java.lang.String>;java.util.List<java.lang.Object>
backtype.storm.messaging.netty.Server;5;java.util.List<backtype.storm.messaging.netty.TaskMessage>;Channel;java.util.Map;java.util.Iterator<backtype.storm.messaging.netty.TaskMessage>;byte[]
backtype.storm.generated.ErrorInfo;6;java.io.ObjectInputStream;org.apache;java.io.ObjectOutputStream;java.lang.Object;backtype.storm.generated.ErrorInfo._Fields;backtype.storm.generated.ErrorInfo
backtype.storm.testing.NGrouping;4;java.util.List<java.lang.Integer>;GlobalStreamId;WorkerTopologyContext;java.util.List<java.lang.Object>
backtype.storm.multilang.BoltMsg;1;java.util.List<java.lang.Object>
backtype.storm.testing.TestConfBolt;6;BasicOutputCollector;Tuple;java.util.Map;java.util.Map<java.lang.String,java.lang.Object>;TopologyContext;OutputFieldsDeclarer
backtype.storm.coordination.CoordinatedBolt;17;java.util.Map<java.lang.String,backtype.storm.coordination.CoordinatedBolt.SourceArgs>;java.lang.Object;java.util.Map;java.util.List<java.lang.Integer>;backtype.storm.coordination.CoordinatedBolt.SourceArgs;OutputCollector;OutputFieldsDeclarer;backtype.storm.coordination.CoordinatedBolt.IdStreamSpec;Tuple;backtype.storm.coordination.CoordinatedBolt.TupleType;backtype.storm.coordination.CoordinatedBolt.TrackingInfo;java.util.Collection<backtype.storm.coordination.Tuple>;java.lang.Throwable;IRichBolt;TopologyContext;IOutputCollector;java.util.List<java.lang.Object>
backtype.storm.security.auth.digest.DigestSaslTransportPlugin;1;TTransport
storm.trident.spout.RichSpoutBatchExecutor;8;java.lang.Object;java.util.Map;java.lang.Throwable;TridentCollector;TopologyContext;IRichSpout;java.util.List<java.lang.Object>;TransactionAttempt
storm.trident.planner.BridgeReceiver;3;ProcessorContext;BatchOutputCollector;TridentTuple
backtype.storm.generated.BoltStats;10;backtype.storm.generated.BoltStats._Fields;java.io.ObjectInputStream;org.apache;java.util.Map<backtype.storm.generated.GlobalStreamId,java.lang.Long>;java.io.ObjectOutputStream;java.lang.Object;java.util.Map<java.lang.String,java.util.Map<backtype.storm.generated.GlobalStreamId,java.lang.Long>>;backtype.storm.generated.BoltStats;java.util.Map<java.lang.String,java.util.Map<backtype.storm.generated.GlobalStreamId,java.lang.Double>>;java.util.Map<backtype.storm.generated.GlobalStreamId,java.lang.Double>
backtype.storm.messaging.netty.NettyRenameThreadFactory;1;java.lang.Runnable
backtype.storm.testing.SpoutTracker;8;java.util.Map;java.lang.Object;java.lang.Throwable;TopologyContext;IRichSpout;java.util.List<java.lang.Object>;SpoutOutputCollector;OutputFieldsDeclarer
backtype.storm.utils.MutableLong;0
backtype.storm.testing.BatchRepeatA;3;BasicOutputCollector;Tuple;OutputFieldsDeclarer
backtype.storm.drpc.PrepareRequest;5;BasicOutputCollector;Tuple;java.util.Map;TopologyContext;OutputFieldsDeclarer
backtype.storm.spout.SchemeAsMultiScheme;2;Scheme;byte[]
backtype.storm.utils.TimeCacheMap;3;V;backtype.storm.utils.TimeCacheMap.ExpiredCallback<K,V>;K
storm.trident.state.BaseQueryFunction;0
storm.trident.state.map.MicroBatchIBackingMap;4;IBackingMap;java.util.List<T>;storm.trident.state.map.MicroBatchIBackingMap.Options;java.util.List<java.util.List<java.lang.Object>>
storm.trident.planner.ProcessorContext;2;java.lang.Object[];java.lang.Object
backtype.storm.testing.TestSerObject;1;java.lang.Object
storm.trident.spout.RichSpoutBatchId;1;java.lang.Object
storm.trident.topology.state.TransactionalState;2;java.lang.Object;java.util.Map
backtype.storm.generated.StreamInfo;7;java.io.ObjectInputStream;org.apache;backtype.storm.generated.StreamInfo._Fields;backtype.storm.generated.StreamInfo;java.io.ObjectOutputStream;java.lang.Object;java.util.List<java.lang.String>
backtype.storm.utils.Container;0
storm.trident.operation.builtin.MapGet;5;ReadOnlyMapState;java.lang.Object;TridentCollector;java.util.List<storm.trident.operation.builtin.TridentTuple>;TridentTuple
backtype.storm.clojure.RichShellBolt;3;java.util.Map<java.lang.String,backtype.storm.clojure.StreamInfo>;java.lang.String[];OutputFieldsDeclarer
backtype.storm.generated.StormTopology;12;java.io.ObjectInputStream;SpoutSpec;java.util.Map<java.lang.String,backtype.storm.generated.StateSpoutSpec>;java.util.Map<java.lang.String,backtype.storm.generated.Bolt>;org.apache;java.io.ObjectOutputStream;java.lang.Object;Bolt;StateSpoutSpec;backtype.storm.generated.StormTopology;backtype.storm.generated.StormTopology._Fields;java.util.Map<java.lang.String,backtype.storm.generated.SpoutSpec>
backtype.storm.testing.KeyedSummingBatchBolt;6;Tuple;java.lang.Object;java.util.Map;TopologyContext;BatchOutputCollector;OutputFieldsDeclarer
backtype.storm.scheduler.ExecutorDetails;1;java.lang.Object
backtype.storm.spout.RawScheme;1;byte[]
backtype.storm.utils.ClojureTimerTask;1;IFn
backtype.storm.serialization.SerializableSerializer;5;Input;java.lang.Object;java.lang.Class;Output;Kryo
backtype.storm.testing.BatchProcessWord;3;BasicOutputCollector;Tuple;OutputFieldsDeclarer
backtype.storm.state.StateSpoutOutputCollector;1;java.lang.Object
backtype.storm.testing.KeyedCountingCommitterBolt;0
backtype.storm.transactional.partitioned.OpaquePartitionedTransactionalSpoutExecutor;8;java.math.BigInteger;IOpaquePartitionedTransactionalSpout;java.lang.Object;java.util.Map;TopologyContext;BatchOutputCollector;TransactionAttempt;OutputFieldsDeclarer
backtype.storm.generated.DistributedRPCInvocations;19;backtype.storm.generated.DistributedRPCInvocations.result_result;backtype.storm.generated.DistributedRPCInvocations.result_result._Fields;java.util.Map;java.lang.Object;backtype.storm.generated.DistributedRPCInvocations.failRequest_args._Fields;backtype.storm.generated.DistributedRPCInvocations.fetchRequest_args;I;backtype.storm.generated.DistributedRPCInvocations.result_args._Fields;backtype.storm.generated.DistributedRPCInvocations.failRequest_result._Fields;backtype.storm.generated.DistributedRPCInvocations.failRequest_result;backtype.storm.generated.DistributedRPCInvocations.failRequest_args;java.io.ObjectInputStream;org.apache;java.io.ObjectOutputStream;DRPCRequest;backtype.storm.generated.DistributedRPCInvocations.fetchRequest_args._Fields;backtype.storm.generated.DistributedRPCInvocations.result_args;backtype.storm.generated.DistributedRPCInvocations.fetchRequest_result;backtype.storm.generated.DistributedRPCInvocations.fetchRequest_result._Fields
backtype.storm.utils.ListDelegate;5;java.util.Collection<?>;java.lang.Object;T[];java.util.List<java.lang.Object>;java.util.Collection<? extends java.lang.Object>
backtype.storm.hooks.info.BoltAckInfo;2;Tuple;java.lang.Long
backtype.storm.security.auth.authorizer.NoopAuthorizer;2;java.util.Map;ReqContext
backtype.storm.security.auth.ThriftClient;2;java.util.Map;java.lang.Integer
storm.trident.planner.processor.PartitionPersistProcessor;7;ProcessorContext;java.util.Map;Fields;StateUpdater;TopologyContext;TridentContext;TridentTuple
storm.trident.graph.Group;5;java.lang.Object;Node;storm.trident.graph.Group;DirectedGraph;java.util.List<storm.trident.graph.Node>
backtype.storm.generated.SubmitOptions;7;TopologyInitialStatus;java.io.ObjectInputStream;org.apache;java.io.ObjectOutputStream;java.lang.Object;backtype.storm.generated.SubmitOptions._Fields;backtype.storm.generated.SubmitOptions
storm.trident.planner.processor.ProjectedProcessor;6;ProcessorContext;java.util.Map;Fields;TopologyContext;TridentContext;TridentTuple
storm.trident.planner.ProcessorNode;2;Fields;TridentProcessor
backtype.storm.utils.IndifferentAccessMap;3;java.util.Map;java.lang.Object;IPersistentMap
storm.trident.state.BaseStateUpdater;0
storm.trident.testing.FeederBatchSpout;7;java.util.Map;java.lang.Object;java.util.Map<java.lang.Integer,java.util.List<java.util.List<java.lang.Object>>>;java.util.List<java.lang.String>;TopologyContext;TridentCollector;TransactionAttempt
storm.trident.planner.processor.MultiReducerProcessor;7;java.util.List<storm.trident.planner.processor.Fields>;ProcessorContext;MultiReducer;java.util.Map;TopologyContext;TridentContext;TridentTuple
backtype.storm.serialization.DefaultKryoFactory;3;java.util.Map;java.lang.Class;Kryo
backtype.storm.testing.FeederSpout;8;java.util.Map;java.lang.Object;AckFailDelegate;Fields;TopologyContext;java.util.List<java.lang.Object>;SpoutOutputCollector;OutputFieldsDeclarer
storm.trident.state.CombinerValueUpdater;2;java.lang.Object;CombinerAggregator
backtype.storm.topology.base.BaseBasicBolt;2;java.util.Map;TopologyContext
backtype.storm.testing.MkTupleParam;0
backtype.storm.messaging.netty.StormServerHandler;5;MessageEvent;ChannelHandlerContext;ChannelStateEvent;Server;ExceptionEvent
storm.trident.state.ReducerValueUpdater;3;java.util.List<storm.trident.state.TridentTuple>;java.lang.Object;ReducerAggregator
storm.trident.operation.impl.GlobalBatchToPartition;1;java.lang.Object
backtype.storm.testing.TestGlobalCount;5;Tuple;java.util.Map;TopologyContext;OutputCollector;OutputFieldsDeclarer
storm.trident.spout.RichSpoutBatchTriggerer;8;java.lang.Object;java.util.Map;java.lang.Throwable;TopologyContext;IRichSpout;java.util.List<java.lang.Object>;SpoutOutputCollector;OutputFieldsDeclarer
backtype.storm.utils.ShellProcess;6;SpoutMsg;BoltMsg;java.util.Map;java.util.List<java.lang.Integer>;TopologyContext;java.lang.String[]
backtype.storm.topology.base.BaseRichBolt;0
backtype.storm.scheduler.WorkerSlot;2;java.lang.Number;java.lang.Object
storm.trident.tuple.ValuePointer;3;storm.trident.tuple.ValuePointer[];Fields;java.util.Map<java.lang.String,storm.trident.tuple.ValuePointer>
storm.trident.operation.impl.FilterExecutor;5;Filter;TridentOperationContext;java.util.Map;TridentCollector;TridentTuple
backtype.storm.ConfigValidation;2;java.lang.Object;java.lang.Class
backtype.storm.spout.SpoutOutputCollector;4;java.lang.Object;java.lang.Throwable;ISpoutOutputCollector;java.util.List<java.lang.Object>
backtype.storm.generated.SpoutSpec;8;backtype.storm.generated.SpoutSpec;java.io.ObjectInputStream;org.apache;java.io.ObjectOutputStream;java.lang.Object;ComponentCommon;backtype.storm.generated.SpoutSpec._Fields;ComponentObject
backtype.storm.spout.NothingEmptyEmitStrategy;1;java.util.Map
backtype.storm.serialization.types.ArrayListSerializer;3;Input;Kryo;java.lang.Class<java.util.Collection>
storm.trident.spout.OpaquePartitionedTridentSpoutExecutor;8;ISpoutPartition;IOpaquePartitionedTridentSpout;java.lang.Object;java.util.Map;RotatingTransactionalState;TridentCollector;TopologyContext;TransactionAttempt
storm.trident.planner.processor.TridentContext;5;Fields;java.util.List<java.lang.String>;BatchOutputCollector;java.util.List<storm.trident.planner.processor.Factory>;java.util.List<storm.trident.planner.processor.TupleReceiver>
storm.trident.fluent.UniqueIdGen;0
backtype.storm.spout.RawMultiScheme;1;byte[]
storm.trident.state.map.MapReducerAggStateUpdater;7;TridentOperationContext;java.util.Map;java.util.List<storm.trident.state.map.TridentTuple>;Fields;ReducerAggregator;TridentCollector;MapState
backtype.storm.generated.KillOptions;6;backtype.storm.generated.KillOptions._Fields;java.io.ObjectInputStream;org.apache;java.io.ObjectOutputStream;java.lang.Object;backtype.storm.generated.KillOptions
storm.trident.state.StateSpec;1;StateFactory
storm.trident.testing.StringLength;2;TridentCollector;TridentTuple
backtype.storm.topology.FailedException;1;java.lang.Throwable
backtype.storm.generated.NullStruct;6;java.io.ObjectInputStream;org.apache;java.io.ObjectOutputStream;java.lang.Object;backtype.storm.generated.NullStruct._Fields;backtype.storm.generated.NullStruct
backtype.storm.clojure.RichShellSpout;3;java.util.Map<java.lang.String,backtype.storm.clojure.StreamInfo>;java.lang.String[];OutputFieldsDeclarer
backtype.storm.state.SynchronizeOutputCollector;2;java.lang.Object;java.util.List<java.lang.Object>
storm.trident.planner.Node;2;java.lang.Object;Fields
backtype.storm.generated.DRPCRequest;6;backtype.storm.generated.DRPCRequest;java.io.ObjectInputStream;backtype.storm.generated.DRPCRequest._Fields;org.apache;java.io.ObjectOutputStream;java.lang.Object
backtype.storm.testing.PrepareBatchBolt;4;BasicOutputCollector;Tuple;Fields;OutputFieldsDeclarer
backtype.storm.security.auth.authorizer.DenyAuthorizer;2;java.util.Map;ReqContext
backtype.storm.generated.ComponentCommon;11;backtype.storm.generated.ComponentCommon._Fields;java.util.Map<java.lang.String,backtype.storm.generated.StreamInfo>;java.io.ObjectInputStream;java.util.Map<backtype.storm.generated.GlobalStreamId,backtype.storm.generated.Grouping>;org.apache;StreamInfo;java.io.ObjectOutputStream;java.lang.Object;backtype.storm.generated.ComponentCommon;GlobalStreamId;Grouping
backtype.storm.metric.api.CountMetric;0
backtype.storm.coordination.BatchOutputCollectorImpl;4;Tuple;java.lang.Throwable;java.util.List<java.lang.Object>;OutputCollector
backtype.storm.utils.DisruptorQueue;4;java.lang.Object;WaitStrategy;EventHandler;ClaimStrategy
backtype.storm.metric.api.rpc.CountShellMetric;1;java.lang.Object
backtype.storm.tuple.MessageId;5;Input;java.util.Random;java.lang.Object;java.util.Map<java.lang.Long,java.lang.Long>;Output
backtype.storm.metric.SystemBolt;6;Tuple;java.util.Map;TopologyContext;OutputCollector;IFn;java.lang.management.GarbageCollectorMXBean
storm.trident.operation.impl.ChainedResult;1;TridentCollector
storm.trident.operation.builtin.Sum;2;java.lang.Number;TridentTuple
backtype.storm.metric.api.MeanReducerState;0
backtype.storm.generated.InvalidTopologyException;6;java.io.ObjectInputStream;org.apache;java.io.ObjectOutputStream;java.lang.Object;backtype.storm.generated.InvalidTopologyException._Fields;backtype.storm.generated.InvalidTopologyException
storm.trident.state.JSONTransactionalSerializer;2;TransactionalValue;byte[]
backtype.storm.utils.InprocMessaging;1;java.lang.Object
backtype.storm.hooks.info.EmitInfo;2;java.util.List<java.lang.Object>;java.util.Collection<java.lang.Integer>
backtype.storm.metric.MetricsConsumerBolt;5;Tuple;java.util.Map;java.lang.Object;TopologyContext;OutputCollector
backtype.storm.scheduler.SupervisorDetails;2;java.util.Collection<java.lang.Number>;java.lang.Object
backtype.storm.ui.InvalidRequestException;1;java.lang.Throwable
backtype.storm.topology.OutputFieldsGetter;1;Fields
backtype.storm.generated.NotAliveException;6;java.io.ObjectInputStream;org.apache;java.io.ObjectOutputStream;java.lang.Object;backtype.storm.generated.NotAliveException._Fields;backtype.storm.generated.NotAliveException
backtype.storm.security.auth.SimpleTransportPlugin;5;javax.security.auth.login.Configuration;TProtocol;java.util.Map;TProcessor;TTransport
backtype.storm.utils.RotatingMap;3;V;backtype.storm.utils.RotatingMap.ExpiredCallback<K,V>;K
backtype.storm.Config;6;java.lang.Class<? extends backtype.storm.IKryoDecorator>;java.lang.Object;java.util.Map;java.lang.Class;java.lang.Class<? extends backtype.storm.IKryoFactory>;java.lang.Class<? extends backtype.storm.Serializer>
backtype.storm.generated.ExecutorSummary;8;backtype.storm.generated.ExecutorSummary;java.io.ObjectInputStream;org.apache;java.io.ObjectOutputStream;java.lang.Object;ExecutorInfo;ExecutorStats;backtype.storm.generated.ExecutorSummary._Fields
storm.trident.testing.LRUMemoryMapState;8;T;java.util.List<T>;java.util.Map;ValueUpdater;java.util.List<storm.trident.testing.ValueUpdater>;java.lang.Long;java.util.List<java.util.List<java.lang.Object>>;IMetricsContext
storm.trident.operation.impl.CombinerAggregatorCombineImpl;7;Result;java.lang.Object;TridentOperationContext;java.util.Map;CombinerAggregator;TridentCollector;TridentTuple
backtype.storm.utils.ServiceRegistry;1;java.lang.Object
storm.trident.operation.impl.CombinerAggregatorInitImpl;5;TridentOperationContext;java.util.Map;CombinerAggregator;TridentCollector;TridentTuple
storm.trident.topology.MasterBatchCoordinator;9;java.lang.Object;java.util.Map;java.util.List<java.lang.String>;java.lang.Long;TopologyContext;java.util.List<storm.trident.topology.ITridentSpout>;SpoutOutputCollector;TransactionAttempt;OutputFieldsDeclarer
storm.trident.operation.impl.Result;0
backtype.storm.clojure.ClojureSpout;8;java.lang.Object;java.util.Map;java.util.List;TopologyContext;java.util.Map<java.lang.String,backtype.storm.clojure.StreamInfo>;java.util.List<java.lang.Object>;SpoutOutputCollector;OutputFieldsDeclarer
backtype.storm.serialization.SerializationFactory;6;java.util.Map;java.util.List<java.lang.String>;java.lang.Class;java.lang.Class<? extends backtype.storm.serialization.Serializer>;Kryo;StormTopology
