twitter4j.EntityIndex;1;twitter4j.EntityIndex
twitter4j.conf.ConfigurationBase;3;twitter4j.conf.ConfigurationBase;java.util.Properties;java.lang.Object
twitter4j.ParseUtil;2;HttpResponse;JSONObject
twitter4j.JULLogger;2;java.util.logging.Logger;java.lang.Throwable
twitter4j.HttpClientBase;6;java.io.DataOutputStream;HttpClientConfiguration;Authorization;HttpResponseListener;HttpParameter[];HttpRequest
twitter4j.PagingTest;1;java.util.List<twitter4j.HttpParameter>
twitter4j.Paging;3;char[];java.util.List<twitter4j.HttpParameter>;java.lang.Object
twitter4j.TwitterFactory;3;Authorization;AccessToken;Configuration
twitter4j.TwitterResponseImpl;1;HttpResponse
twitter4j.HttpParameter;5;java.io.InputStream;java.util.List<twitter4j.HttpParameter>;java.lang.Object;twitter4j.HttpParameter[];java.io.File
twitter4j.DirectMessagesResourcesTest;0
twitter4j.auth.ApplicationOnlyAuthTest;0
twitter4j.util.CharacterUtil;0
twitter4j.SLF4JLogger;2;java.lang.Throwable;org.slf4j
twitter4j.LocationJSONImpl;5;HttpResponse;JSONArray;JSONObject;java.lang.Object;Configuration
twitter4j.OEmbedJSONImpl;4;HttpResponse;JSONObject;java.lang.Object;Configuration
twitter4j.conf.ConfigurationContext;0
twitter4j.TwitterObjectFactory;2;T;java.lang.Object
twitter4j.StatusJSONImpl;5;Status;HttpResponse;JSONObject;java.lang.Object;Configuration
twitter4j.URLEntityJSONImpl;2;JSONObject;java.lang.Object
twitter4j.ListResourcesTest;0
twitter4j.SpamReportingResourceTest;0
twitter4j.TwitterException;4;HttpResponse;java.lang.Object;java.lang.Exception;java.lang.Throwable
twitter4j.PlaceGeoResourcesTest;0
twitter4j.HttpRequest;5;RequestMethod;java.util.Map<java.lang.String,java.lang.String>;Authorization;java.lang.Object;HttpParameter[]
twitter4j.TrendsJSONImpl;9;HttpResponse;JSONArray;JSONObject;java.lang.Object;Trend[];Location;java.util.Date;Configuration;Trends
twitter4j.AccountTotalsJSONImpl;4;HttpResponse;JSONObject;java.lang.Object;Configuration
twitter4j.KryoSerializationTest;0
twitter4j.NullLoggerFactory;1;java.lang.Class
twitter4j.StringUtilTest;0
twitter4j.RelationshipJSONImpl;4;HttpResponse;JSONObject;java.lang.Object;Configuration
twitter4j.HelpResoursesTest;0
twitter4j.TrendJSONImpl;2;JSONObject;java.lang.Object
twitter4j.NullLogger;1;java.lang.Throwable
twitter4j.Logger;2;java.lang.Throwable;java.lang.Class
twitter4j.CommonsLoggingLoggerFactory;1;java.lang.Class
twitter4j.DispatcherTest;0
twitter4j.DispatcherImpl;2;java.lang.Runnable;Configuration
twitter4j.HashtagEntityJSONImpl;2;JSONObject;java.lang.Object
twitter4j.UploadedMedia;2;JSONObject;java.lang.Object
twitter4j.HTMLEntity;5;HashtagEntity[];MediaEntity[];java.lang.StringBuilder;URLEntity[];UserMentionEntity[]
twitter4j.UserListJSONImpl;5;HttpResponse;JSONObject;java.lang.Object;UserList;Configuration
twitter4j.auth.RequestToken;2;HttpResponse;OAuthSupport
twitter4j.GeoLocation;1;java.lang.Object
twitter4j.QueryResultJSONImpl;4;HttpResponse;java.lang.Object;Query;Configuration
twitter4j.ExceptionDiagnosis;3;java.lang.Object;java.lang.Throwable;java.lang.String[]
twitter4j.GeoQuery;3;java.util.List<twitter4j.HttpParameter>;java.lang.Object;GeoLocation
twitter4j.SavedSearchesResourcesTest;0
twitter4j.auth.AuthorizationFactory;1;Configuration
twitter4j.Version;1;java.lang.String[]
twitter4j.SizeofStatusChecker;1;java.lang.String[]
twitter4j.HttpResponseEvent;4;HttpResponse;TwitterException;java.lang.Object;HttpRequest
twitter4j.TwitterAPIMonitor;0
twitter4j.LoggerFactory;1;java.lang.Class
twitter4j.HttpResponseImpl;2;HttpClientConfiguration;java.net.HttpURLConnection
twitter4j.StringUtil;2;java.lang.String[];long[]
twitter4j.SavedSearchJSONImpl;5;SavedSearch;HttpResponse;JSONObject;java.lang.Object;Configuration
twitter4j.PagableResponseListImpl;3;HttpResponse;JSONObject;RateLimitStatus
twitter4j.util.CharacterUtilTest;0
twitter4j.TwitterExceptionTest;0
twitter4j.HttpResponse;1;HttpClientConfiguration
twitter4j.SearchAPITest;1;HttpParameter[]
twitter4j.auth.OAuthToken;3;HttpResponse;java.lang.Object;javax.crypto.spec.SecretKeySpec
twitter4j.Log4JLogger;2;org.apache;java.lang.Throwable
twitter4j.FavoritesResourcesTest;0
twitter4j.OEmbedRequest;4;java.util.List<twitter4j.HttpParameter>;java.lang.Object;java.lang.String[];twitter4j.OEmbedRequest.Align
twitter4j.util.TimeSpanConverterTest;0
twitter4j.JULLoggerFactory;1;java.lang.Class
twitter4j.Log4JLoggerFactory;1;java.lang.Class
twitter4j.TwitterBaseImpl;10;OAuth2Token;java.io.ObjectInputStream;Authorization;java.lang.Object;AccessToken;java.io.ObjectOutputStream;RateLimitStatusListener;Configuration;HttpResponseEvent;RequestToken
twitter4j.JSONException;1;java.lang.Throwable
twitter4j.RateLimitStatusEvent;2;java.lang.Object;RateLimitStatus
twitter4j.ResponseListImpl;2;HttpResponse;RateLimitStatus
twitter4j.DirectMessageJSONImpl;4;HttpResponse;JSONObject;java.lang.Object;Configuration
twitter4j.MBeanServerRunner;1;java.lang.String[]
twitter4j.BASE64Encoder;1;byte[]
twitter4j.AuthorizationTest;0
twitter4j.management.InvocationStatisticsCalculator;0
twitter4j.JSONTokener;2;java.io.InputStream;java.io.Reader
twitter4j.TrendsResourcesTest;0
twitter4j.LanguageJSONImpl;4;HttpResponse;JSONArray;JSONObject;Configuration
twitter4j.JSONObjectType;1;JSONObject
twitter4j.StdOutLoggerFactory;1;java.lang.Class
twitter4j.UserMentionEntityJSONImpl;2;JSONObject;java.lang.Object
twitter4j.management.APIStatistics;0
twitter4j.JSONImplFactory;6;HttpResponse;JSONArray;JSONObject;java.lang.Object;Query;Configuration
twitter4j.HttpClientFactory;1;HttpClientConfiguration
twitter4j.conf.PropertyConfiguration;2;java.io.InputStream;java.util.Properties
twitter4j.ParseUtilTest;0
twitter4j.conf.PropertyConfigurationFactory;0
twitter4j.AccountSettingsJSONImpl;3;HttpResponse;JSONObject;Configuration
twitter4j.SLF4JLoggerFactory;1;java.lang.Class
twitter4j.MBeansIntegrationTest;0
twitter4j.CommonsLoggingLogger;2;org.apache;java.lang.Throwable
twitter4j.SuggestedUsersResourcesTest;0
twitter4j.TwitterImpl;18;java.io.InputStream;HttpResponse;java.util.List<twitter4j.HttpParameter>;java.lang.Boolean;GeoQuery;Query;GeoLocation;OEmbedRequest;java.lang.Integer;HttpParameter;Configuration;HttpParameter[];long[];Authorization;Paging;java.lang.String[];java.io.File;StatusUpdate
twitter4j.TwitterAPIConfigurationJSONImpl;3;HttpResponse;java.lang.Object;Configuration
twitter4j.ScopesImpl;1;java.lang.String[]
twitter4j.HttpClientImpl;4;HttpClientConfiguration;HttpParameter[];HttpRequest;java.net.HttpURLConnection
twitter4j.JSONObject;9;java.lang.Number;JSONTokener;java.util.Map;java.lang.Object;java.io.Writer;java.util.Locale;java.lang.String[];twitter4j.JSONObject;java.util.Collection
twitter4j.auth.AccessToken;2;HttpResponse;java.lang.Object
twitter4j.DispatcherFactory;1;Configuration
twitter4j.StatusDeletionNoticeImpl;3;JSONObject;java.lang.Object;StatusDeletionNotice
twitter4j.http.PostParameterTest;0
twitter4j.UserJSONImplTest;0
twitter4j.FriendshipJSONImpl;4;HttpResponse;JSONObject;java.lang.Object;Configuration
twitter4j.UsersResourcesTest;3;TestUserInfo;java.lang.String[];ResponseList
twitter4j.StdOutLogger;1;java.lang.Throwable
twitter4j.util.TimeSpanConverter;2;java.util.Locale;java.util.Date
twitter4j.PlaceJSONImpl;6;Place;HttpResponse;JSONArray;JSONObject;java.lang.Object;Configuration
twitter4j.StreamingGZIPInputStream;1;java.io.InputStream
twitter4j.conf.ConfigurationBuilder;1;java.util.Properties
twitter4j.StatusUpdate;6;java.io.InputStream;java.util.List<twitter4j.HttpParameter>;java.lang.Object;GeoLocation;java.io.File;long[]
twitter4j.TwitterTestBase;0
twitter4j.management.APIStatisticsOpenMBean;5;APIStatistics;java.lang.Object[];java.lang.String[];javax.management.AttributeList;javax.management.Attribute
twitter4j.UserJSONImpl;6;User;HttpResponse;JSONArray;JSONObject;java.lang.Object;Configuration
twitter4j.http.BASE64EncoderTest;0
twitter4j.CategoryJSONImpl;5;HttpResponse;JSONArray;JSONObject;java.lang.Object;Configuration
twitter4j.management.MBeansTest;2;APIStatistics;InvocationStatistics
twitter4j.TimeZoneJSONImpl;1;JSONObject
twitter4j.XAuthAuthorization;2;BasicAuthorization;HttpRequest
twitter4j.HTMLEntityTest;0
twitter4j.TimelineResourcesTest;0
twitter4j.RateLimitStatusJSONImpl;4;HttpResponse;JSONObject;java.lang.Object;Configuration
twitter4j.auth.OAuthAuthorization;8;java.lang.Object;AccessToken;java.util.List<twitter4j.auth.HttpParameter>;Configuration;HttpParameter[];HttpRequest;OAuthToken;RequestToken
twitter4j.auth.OAuth2Token;3;HttpResponse;JSONObject;java.lang.Object
twitter4j.FriendsFollowersResourcesTest;1;IDs
twitter4j.IDsJSONImpl;3;HttpResponse;java.lang.Object;Configuration
twitter4j.auth.NullAuthorization;2;java.lang.Object;HttpRequest
twitter4j.conf.ConfigurationTest;1;java.lang.Object
twitter4j.auth.BasicAuthorization;2;java.lang.Object;HttpRequest
twitter4j.TwitterTest;2;java.lang.Object;RateLimitStatusEvent
twitter4j.StatusJSONImplTest;0
twitter4j.json.DataObjectFactory;1;java.lang.Object
twitter4j.Query;5;java.util.List<twitter4j.HttpParameter>;java.lang.Object;twitter4j.Query.Unit;GeoLocation;twitter4j.Query.ResultType
twitter4j.auth.OAuthTest;3;java.lang.Object;RequestToken;Twitter
twitter4j.JSONArray;5;JSONTokener;java.util.Map;java.lang.Object;java.io.Writer;java.util.Collection
twitter4j.RateLimitStatusJSONImplTest;0
twitter4j.MediaEntityJSONImpl;4;JSONObject;java.lang.Object;java.util.Map;java.lang.Integer
twitter4j.TweetsResourcesTest;1;java.util.List<twitter4j.Status>
twitter4j.auth.OAuth2Authorization;4;OAuth2Token;java.lang.Object;Configuration;HttpRequest
