classId;Java imports
twitter4j.EntityIndex
twitter4j.conf.ConfigurationBase;java.util.ArrayList;java.util.Properties;java.util.List;java.lang.reflect.Field;java.io.Serializable;java.io.ObjectStreamException
twitter4j.ParseUtil;java.text.SimpleDateFormat;java.util.concurrent.LinkedBlockingQueue;java.net.URLDecoder;java.util.Map;java.util.Locale;java.text.ParseException;java.util.Date;java.io.UnsupportedEncodingException;java.util.HashMap
twitter4j.JULLogger;java.util.logging.Level
twitter4j.HttpClientBase;java.io.DataOutputStream;java.util.Map;java.io.Serializable;java.util.HashMap;java.io.IOException
twitter4j.PagingTest
twitter4j.Paging;java.util.ArrayList;java.util.List
twitter4j.TwitterFactory;java.lang.reflect.Constructor;java.lang.reflect.InvocationTargetException
twitter4j.TwitterResponseImpl
twitter4j.HttpParameter;java.io.InputStream;java.net.URLEncoder;java.util.List;java.io.File;java.io.UnsupportedEncodingException
twitter4j.DirectMessagesResourcesTest;java.util.Date
twitter4j.auth.ApplicationOnlyAuthTest;java.io.BufferedWriter;java.util.Map;java.io.File;java.io.FileWriter
twitter4j.util.CharacterUtil
twitter4j.SLF4JLogger
twitter4j.LocationJSONImpl
twitter4j.conf.ConfigurationContext
twitter4j.OEmbedJSONImpl
twitter4j.URLEntityJSONImpl
twitter4j.StatusJSONImpl;java.util.Arrays;java.util.Date
twitter4j.TwitterObjectFactory;java.util.Map;java.util.HashMap
twitter4j.SpamReportingResourceTest
twitter4j.ListResourcesTest;java.util.List
twitter4j.PlaceGeoResourcesTest
twitter4j.TwitterException;java.util.List
twitter4j.HttpRequest;java.util.Map;java.util.Arrays
twitter4j.TrendsJSONImpl;java.util.Iterator;java.util.Collections;java.util.Arrays;java.util.Date
twitter4j.AccountTotalsJSONImpl
twitter4j.KryoSerializationTest;java.nio.ByteBuffer
twitter4j.NullLoggerFactory
twitter4j.StringUtilTest
twitter4j.RelationshipJSONImpl
twitter4j.HelpResoursesTest
twitter4j.TrendJSONImpl
twitter4j.NullLogger
twitter4j.Logger;java.lang.reflect.InvocationTargetException;java.lang.reflect.Method
twitter4j.CommonsLoggingLoggerFactory
twitter4j.DispatcherTest;java.util.Map
twitter4j.DispatcherImpl;java.util.concurrent.Executors;java.util.concurrent.ThreadFactory;java.util.concurrent.ExecutorService
twitter4j.HashtagEntityJSONImpl
twitter4j.UploadedMedia
twitter4j.HTMLEntity;java.util.Map;java.util.Arrays;java.util.HashMap
twitter4j.UserListJSONImpl;java.net.URISyntaxException;java.net.URI;java.util.Date
twitter4j.auth.RequestToken
twitter4j.GeoLocation
twitter4j.QueryResultJSONImpl;java.util.ArrayList;java.util.List
twitter4j.ExceptionDiagnosis;java.util.Date
twitter4j.GeoQuery;java.util.ArrayList;java.util.List
twitter4j.SavedSearchesResourcesTest;java.util.List
twitter4j.auth.AuthorizationFactory
twitter4j.SizeofStatusChecker;java.io.ByteArrayInputStream
twitter4j.Version;java.net.URI;java.util.Date;java.io.Serializable
twitter4j.HttpResponseEvent
twitter4j.LoggerFactory
twitter4j.TwitterAPIMonitor;java.lang.management.ManagementFactory;java.util.regex.Matcher;java.util.regex.Pattern;java.util.Map;java.util.Date;java.io.Serializable
twitter4j.HttpResponseImpl;java.util.Map;java.util.List;java.io.IOException;java.net.HttpURLConnection
twitter4j.StringUtil
twitter4j.SavedSearchJSONImpl;java.util.Date
twitter4j.PagableResponseListImpl;java.util.Map
twitter4j.util.CharacterUtilTest
twitter4j.TwitterExceptionTest
twitter4j.SearchAPITest;java.text.SimpleDateFormat;java.util.List;java.util.Date
twitter4j.HttpResponse;java.util.Map;java.util.List;java.io
twitter4j.auth.OAuthToken
twitter4j.Log4JLogger
twitter4j.FavoritesResourcesTest
twitter4j.OEmbedRequest;java.util.ArrayList;java.util.Map;java.util.List;java.util.Arrays;java.io.Serializable
twitter4j.util.TimeSpanConverterTest;java.util.Calendar;java.util.Locale
twitter4j.JULLoggerFactory
twitter4j.Log4JLoggerFactory
twitter4j.JSONException
twitter4j.TwitterBaseImpl;java.util.ArrayList;java.io.ObjectInputStream;java.util.List;java.io.IOException
twitter4j.ResponseListImpl;java.util.ArrayList
twitter4j.RateLimitStatusEvent;java.util.List
twitter4j.DirectMessageJSONImpl;java.util.Arrays;java.util.Date
twitter4j.MBeanServerRunner;java.lang.management.ManagementFactory
twitter4j.AuthorizationTest
twitter4j.BASE64Encoder
twitter4j.management.InvocationStatisticsCalculator
twitter4j.TrendsResourcesTest
twitter4j.JSONTokener;java.io
twitter4j.LanguageJSONImpl
twitter4j.JSONObjectType
twitter4j.UserMentionEntityJSONImpl
twitter4j.StdOutLoggerFactory
twitter4j.management.APIStatistics;java.util.Map;java.util.HashMap;java.util.Collection
twitter4j.JSONImplFactory;java.util.Map
twitter4j.HttpClientFactory;java.lang.reflect.Constructor;java.lang.reflect.InvocationTargetException;java.util.HashMap
twitter4j.ParseUtilTest;java.util.TimeZone;java.text.SimpleDateFormat
twitter4j.conf.PropertyConfiguration;java.util.ArrayList;java.util.Properties;java.util.Map;java.io;java.util.Set
twitter4j.conf.PropertyConfigurationFactory
twitter4j.AccountSettingsJSONImpl
twitter4j.MBeansIntegrationTest
twitter4j.SLF4JLoggerFactory
twitter4j.CommonsLoggingLogger
twitter4j.SuggestedUsersResourcesTest
twitter4j.TwitterImpl;java.util.concurrent.ConcurrentHashMap;java.util.ArrayList;java.net.URLEncoder;java.util.Map;java.util.List;java.io;java.util.Collections
twitter4j.TwitterAPIConfigurationJSONImpl;java.util.Map;java.util.Arrays;java.util.HashMap
twitter4j.ScopesImpl
twitter4j.HttpClientImpl;java.util.Map;java.util.List;java.net;java.io;java.util.HashMap
twitter4j.JSONObject;java.util;java.io.Writer;java.lang.reflect.Method;java.lang.reflect.Modifier;java.io.IOException
twitter4j.auth.AccessToken;java.io.InputStream;java.util.Map;java.io.File
twitter4j.DispatcherFactory;java.lang.reflect.InvocationTargetException
twitter4j.StatusDeletionNoticeImpl;java.util.List;java.util.Date
twitter4j.http.PostParameterTest;java.io.File
twitter4j.UserJSONImplTest
twitter4j.FriendshipJSONImpl
twitter4j.UsersResourcesTest;java.io.File;java.util.Date;java.io.FileInputStream
twitter4j.StdOutLogger
twitter4j.util.TimeSpanConverter;java.text.SimpleDateFormat;java.util.Locale;java.text.MessageFormat;java.util.Date;java.io.Serializable
twitter4j.PlaceJSONImpl;java.util.Arrays
twitter4j.StreamingGZIPInputStream;java.io.InputStream;java.util.zip.GZIPInputStream;java.io.IOException
twitter4j.conf.ConfigurationBuilder;java.util.Properties
twitter4j.StatusUpdate;java.util.ArrayList;java.io.InputStream;java.util.List;java.io.File;java.util.Arrays
twitter4j.TwitterTestBase;java.io.InputStream;java.util.Properties
twitter4j.management.APIStatisticsOpenMBean;java.util.Map
twitter4j.UserJSONImpl;java.util.Date
twitter4j.http.BASE64EncoderTest
twitter4j.CategoryJSONImpl
twitter4j.management.MBeansTest;java.util.ArrayList;java.util.List
twitter4j.TimeZoneJSONImpl
twitter4j.XAuthAuthorization
twitter4j.HTMLEntityTest
twitter4j.TimelineResourcesTest;java.util.List
twitter4j.RateLimitStatusJSONImpl;java.util.Map;java.util.Iterator;java.util.Collections;java.util.HashMap
twitter4j.auth.OAuthAuthorization;java.security.InvalidKeyException;java.net.URLDecoder;java.util;java.security.NoSuchAlgorithmException;java.io.UnsupportedEncodingException
twitter4j.auth.OAuth2Token;java.net.URLEncoder;java.net.URLDecoder;java.io.UnsupportedEncodingException
twitter4j.FriendsFollowersResourcesTest
twitter4j.IDsJSONImpl;java.util.Arrays
twitter4j.auth.NullAuthorization;java.io.ObjectStreamException
twitter4j.conf.ConfigurationTest;java.util.Properties;java.io
twitter4j.auth.BasicAuthorization
twitter4j.TwitterTest;java.io.ObjectInputStream;java.util.Map;java.io.ObjectOutputStream;java.io.ByteArrayInputStream;java.io.ByteArrayOutputStream
twitter4j.StatusJSONImplTest
twitter4j.json.DataObjectFactory;java.util.Map
twitter4j.Query;java.util.ArrayList;java.util.List
twitter4j.auth.OAuthTest;java.io.InputStream;java.io.ObjectOutputStream;java.util;java.io.IOException;java.io.ByteArrayOutputStream
twitter4j.JSONArray;java.util.ArrayList;java.util.Map;java.io.Writer;java.lang.reflect.Array;java.util.Collection;java.io.IOException
twitter4j.RateLimitStatusJSONImplTest;java.util.Map;java.util.List;java.io.IOException
twitter4j.MediaEntityJSONImpl;java.util.Map;java.util.HashMap
twitter4j.TweetsResourcesTest;java.util.Map;java.util.List;java.io.File
twitter4j.auth.OAuth2Authorization;java.net.URLEncoder;java.io.UnsupportedEncodingException
